clip,frame,timestamp,count,trackedId,confirmed,rawLabel,rawConfidence,smoothedLabel,smoothedSupport,stateHistoryLength,y1,x1,y2,x2
"blob:http://localhost:8080/7647cdfa-cde3-4601-a7ae-87300f92e81b","1","0.399","33","1","false","Oyster-Closed","0.8734","Oyster-Closed","1.0000","1","28.9","189.9","139.1","263.4"
"blob:http://localhost:8080/7647cdfa-cde3-4601-a7ae-87300f92e81b","1","0.399","33","2","false","Oyster-Closed","0.8663","Oyster-Closed","1.0000","1","351.5","-0.6","428.6","206.3"
"blob:http://localhost:8080/7647cdfa-cde3-4601-a7ae-87300f92e81b","1","0.399","33","3","false","Oyster-Closed","0.8645","Oyster-Closed","1.0000","1","181.6","197.7","248.2","282.8"
"blob:http://localhost:8080/7647cdfa-cde3-4601-a7ae-87300f92e81b","1","0.399","33","4","false","Oyster-Closed","0.8608","Oyster-Closed","1.0000","1","190.3","111.3","308.5","192.3"
"blob:http://localhost:8080/7647cdfa-cde3-4601-a7ae-87300f92e81b","1","0.399","33","5","false","Oyster-Closed","0.8431","Oyster-Closed","1.0000","1","148.9","429.4","243.7","569.2"
"blob:http://localhost:8080/7647cdfa-cde3-4601-a7ae-87300f92e81b","1","0.399","33","6","false","Oyster-Closed","0.8425","Oyster-Closed","1.0000","1","208.9","535.8","307.1","640.3"
"blob:http://localhost:8080/7647cdfa-cde3-4601-a7ae-87300f92e81b","1","0.399","33","7","false","Oyster-Closed","0.8395","Oyster-Closed","1.0000","1","261.9","38.8","329.5","98.4"
"blob:http://localhost:8080/7647cdfa-cde3-4601-a7ae-87300f92e81b","1","0.399","33","8","false","Oyster-Closed","0.8350","Oyster-Closed","1.0000","1","69.6","424.9","147.3","528.2"
"blob:http://localhost:8080/7647cdfa-cde3-4601-a7ae-87300f92e81b","1","0.399","33","9","false","Oyster-Closed","0.8249","Oyster-Closed","1.0000","1","217.1","408.6","255.5","445.6"
"blob:http://localhost:8080/7647cdfa-cde3-4601-a7ae-87300f92e81b","1","0.399","33","10","false","Oyster-Closed","0.8194","Oyster-Closed","1.0000","1","250.8","198.2","333.9","295.3"
"blob:http://localhost:8080/7647cdfa-cde3-4601-a7ae-87300f92e81b","1","0.399","33","11","false","Oyster-Closed","0.8034","Oyster-Closed","1.0000","1","38.2","526.9","107.5","590.1"
"blob:http://localhost:8080/7647cdfa-cde3-4601-a7ae-87300f92e81b","1","0.399","33","12","false","Oyster-Closed","0.7961","Oyster-Closed","1.0000","1","108.6","572.5","164.8","638.6"
"blob:http://localhost:8080/7647cdfa-cde3-4601-a7ae-87300f92e81b","1","0.399","33","13","false","Oyster-Closed","0.7830","Oyster-Closed","1.0000","1","29.7","425.2","81.9","516.4"
"blob:http://localhost:8080/7647cdfa-cde3-4601-a7ae-87300f92e81b","1","0.399","33","14","false","Oyster-Open","0.7766","Oyster-Open","1.0000","1","253.2","282.7","288.1","345.5"
"blob:http://localhost:8080/7647cdfa-cde3-4601-a7ae-87300f92e81b","1","0.399","33","15","false","Oyster-Closed","0.7725","Oyster-Closed","1.0000","1","102.6","123.5","155.4","173.5"
"blob:http://localhost:8080/7647cdfa-cde3-4601-a7ae-87300f92e81b","1","0.399","33","16","false","Oyster-Closed","0.7665","Oyster-Closed","1.0000","1","144.2","143.0","214.0","226.2"
"blob:http://localhost:8080/7647cdfa-cde3-4601-a7ae-87300f92e81b","1","0.399","33","17","false","Oyster-Closed","0.7641","Oyster-Closed","1.0000","1","71.7","97.4","122.3","152.0"
"blob:http://localhost:8080/7647cdfa-cde3-4601-a7ae-87300f92e81b","1","0.399","33","18","false","Oyster-Closed","0.7545","Oyster-Closed","1.0000","1","164.0","552.6","208.3","603.0"
"blob:http://localhost:8080/7647cdfa-cde3-4601-a7ae-87300f92e81b","1","0.399","33","19","false","Oyster-Closed","0.7538","Oyster-Closed","1.0000","1","13.3","488.9","66.1","535.7"
"blob:http://localhost:8080/7647cdfa-cde3-4601-a7ae-87300f92e81b","1","0.399","33","20","false","Oyster-Closed","0.7477","Oyster-Closed","1.0000","1","229.5","47.4","277.0","82.3"
"blob:http://localhost:8080/7647cdfa-cde3-4601-a7ae-87300f92e81b","1","0.399","33","21","false","Oyster-Open","0.7349","Oyster-Open","1.0000","1","150.9","212.2","186.6","259.0"
"blob:http://localhost:8080/7647cdfa-cde3-4601-a7ae-87300f92e81b","1","0.399","33","22","false","Oyster-Open","0.7215","Oyster-Open","1.0000","1","135.8","594.5","191.8","639.6"
"blob:http://localhost:8080/7647cdfa-cde3-4601-a7ae-87300f92e81b","1","0.399","33","23","false","Oyster-Closed","0.7142","Oyster-Closed","1.0000","1","194.5","361.0","239.9","391.0"
"blob:http://localhost:8080/7647cdfa-cde3-4601-a7ae-87300f92e81b","1","0.399","33","24","false","Oyster-Open","0.7086","Oyster-Open","1.0000","1","69.3","324.2","182.6","437.9"
"blob:http://localhost:8080/7647cdfa-cde3-4601-a7ae-87300f92e81b","1","0.399","33","25","false","Oyster-Closed","0.7081","Oyster-Closed","1.0000","1","119.9","69.1","184.8","137.3"
"blob:http://localhost:8080/7647cdfa-cde3-4601-a7ae-87300f92e81b","1","0.399","33","26","false","Oyster-Closed","0.7006","Oyster-Closed","1.0000","1","247.9","20.5","290.2","47.7"
"blob:http://localhost:8080/7647cdfa-cde3-4601-a7ae-87300f92e81b","1","0.399","33","27","false","Oyster-Closed","0.6732","Oyster-Closed","1.0000","1","83.3","529.1","154.3","575.0"
"blob:http://localhost:8080/7647cdfa-cde3-4601-a7ae-87300f92e81b","1","0.399","33","28","false","Oyster-Closed","0.6213","Oyster-Closed","1.0000","1","85.7","-0.1","152.9","49.8"
"blob:http://localhost:8080/7647cdfa-cde3-4601-a7ae-87300f92e81b","1","0.399","33","29","false","Oyster-Closed","0.5984","Oyster-Closed","1.0000","1","284.0","424.1","391.0","560.5"
"blob:http://localhost:8080/7647cdfa-cde3-4601-a7ae-87300f92e81b","1","0.399","33","30","false","Oyster-Closed","0.5744","Oyster-Closed","1.0000","1","314.4","200.5","428.2","292.2"
"blob:http://localhost:8080/7647cdfa-cde3-4601-a7ae-87300f92e81b","1","0.399","33","31","false","Oyster-Open","0.5536","Oyster-Open","1.0000","1","180.2","380.2","253.0","422.2"
"blob:http://localhost:8080/7647cdfa-cde3-4601-a7ae-87300f92e81b","1","0.399","33","32","false","Oyster-Open","0.5514","Oyster-Open","1.0000","1","96.8","51.4","130.5","107.3"
"blob:http://localhost:8080/7647cdfa-cde3-4601-a7ae-87300f92e81b","1","0.399","33","33","false","Oyster-Open","0.4424","Oyster-Open","1.0000","1","349.9","260.0","385.0","311.4"
"blob:http://localhost:8080/7647cdfa-cde3-4601-a7ae-87300f92e81b","2","0.546","33","4","false","Oyster-Closed","0.8737","Oyster-Closed","1.0000","2","190.3","112.0","306.5","190.9"
"blob:http://localhost:8080/7647cdfa-cde3-4601-a7ae-87300f92e81b","2","0.546","33","6","false","Oyster-Closed","0.8719","Oyster-Closed","1.0000","2","210.5","536.2","305.9","640.0"
"blob:http://localhost:8080/7647cdfa-cde3-4601-a7ae-87300f92e81b","2","0.546","33","2","false","Oyster-Closed","0.8652","Oyster-Closed","1.0000","2","351.9","0.5","428.9","205.9"
"blob:http://localhost:8080/7647cdfa-cde3-4601-a7ae-87300f92e81b","2","0.546","33","1","false","Oyster-Closed","0.8650","Oyster-Closed","1.0000","2","29.2","190.0","137.6","263.7"
"blob:http://localhost:8080/7647cdfa-cde3-4601-a7ae-87300f92e81b","2","0.546","33","3","false","Oyster-Closed","0.8619","Oyster-Closed","1.0000","2","181.7","197.4","248.0","282.1"
"blob:http://localhost:8080/7647cdfa-cde3-4601-a7ae-87300f92e81b","2","0.546","33","8","false","Oyster-Closed","0.8511","Oyster-Closed","1.0000","2","69.9","423.6","146.7","528.3"
"blob:http://localhost:8080/7647cdfa-cde3-4601-a7ae-87300f92e81b","2","0.546","33","7","false","Oyster-Closed","0.8462","Oyster-Closed","1.0000","2","261.4","39.5","329.3","97.8"
"blob:http://localhost:8080/7647cdfa-cde3-4601-a7ae-87300f92e81b","2","0.546","33","10","false","Oyster-Closed","0.8326","Oyster-Closed","1.0000","2","249.2","198.7","335.3","294.1"
"blob:http://localhost:8080/7647cdfa-cde3-4601-a7ae-87300f92e81b","2","0.546","33","5","false","Oyster-Closed","0.8298","Oyster-Closed","1.0000","2","148.6","431.4","243.4","568.4"
"blob:http://localhost:8080/7647cdfa-cde3-4601-a7ae-87300f92e81b","2","0.546","33","9","false","Oyster-Closed","0.8219","Oyster-Closed","1.0000","2","217.0","408.7","255.6","446.1"
"blob:http://localhost:8080/7647cdfa-cde3-4601-a7ae-87300f92e81b","2","0.546","33","11","false","Oyster-Closed","0.8206","Oyster-Closed","1.0000","2","37.0","527.0","107.8","590.2"
"blob:http://localhost:8080/7647cdfa-cde3-4601-a7ae-87300f92e81b","2","0.546","33","19","false","Oyster-Closed","0.7899","Oyster-Closed","1.0000","2","12.9","488.2","65.2","535.7"
"blob:http://localhost:8080/7647cdfa-cde3-4601-a7ae-87300f92e81b","2","0.546","33","14","false","Oyster-Open","0.7829","Oyster-Open","1.0000","2","253.5","282.2","287.8","342.5"
"blob:http://localhost:8080/7647cdfa-cde3-4601-a7ae-87300f92e81b","2","0.546","33","15","false","Oyster-Closed","0.7828","Oyster-Closed","1.0000","2","104.1","125.7","155.3","172.6"
"blob:http://localhost:8080/7647cdfa-cde3-4601-a7ae-87300f92e81b","2","0.546","33","23","false","Oyster-Closed","0.7819","Oyster-Closed","1.0000","2","193.6","363.6","241.8","391.8"
"blob:http://localhost:8080/7647cdfa-cde3-4601-a7ae-87300f92e81b","2","0.546","33","12","false","Oyster-Closed","0.7785","Oyster-Closed","1.0000","2","109.0","573.4","166.1","638.7"
"blob:http://localhost:8080/7647cdfa-cde3-4601-a7ae-87300f92e81b","2","0.546","33","16","false","Oyster-Closed","0.7783","Oyster-Closed","1.0000","2","145.0","142.3","213.6","226.3"
"blob:http://localhost:8080/7647cdfa-cde3-4601-a7ae-87300f92e81b","2","0.546","33","20","false","Oyster-Closed","0.7780","Oyster-Closed","1.0000","2","229.2","46.9","278.3","82.3"
"blob:http://localhost:8080/7647cdfa-cde3-4601-a7ae-87300f92e81b","2","0.546","33","27","false","Oyster-Closed","0.7748","Oyster-Closed","1.0000","2","81.6","529.2","154.3","575.8"
"blob:http://localhost:8080/7647cdfa-cde3-4601-a7ae-87300f92e81b","2","0.546","33","25","false","Oyster-Closed","0.7630","Oyster-Closed","1.0000","2","119.3","66.7","182.2","138.3"
"blob:http://localhost:8080/7647cdfa-cde3-4601-a7ae-87300f92e81b","2","0.546","33","13","false","Oyster-Closed","0.7539","Oyster-Closed","1.0000","2","29.8","428.6","81.8","515.4"
"blob:http://localhost:8080/7647cdfa-cde3-4601-a7ae-87300f92e81b","2","0.546","33","17","false","Oyster-Closed","0.7530","Oyster-Closed","1.0000","2","72.5","98.8","122.0","150.9"
"blob:http://localhost:8080/7647cdfa-cde3-4601-a7ae-87300f92e81b","2","0.546","33","21","false","Oyster-Open","0.7398","Oyster-Open","1.0000","2","151.3","213.3","185.7","259.1"
"blob:http://localhost:8080/7647cdfa-cde3-4601-a7ae-87300f92e81b","2","0.546","33","26","false","Oyster-Closed","0.7187","Oyster-Closed","1.0000","2","248.8","21.0","290.2","47.3"
"blob:http://localhost:8080/7647cdfa-cde3-4601-a7ae-87300f92e81b","2","0.546","33","28","false","Oyster-Closed","0.6942","Oyster-Closed","1.0000","2","84.2","-0.1","151.8","48.5"
"blob:http://localhost:8080/7647cdfa-cde3-4601-a7ae-87300f92e81b","2","0.546","33","18","false","Oyster-Closed","0.6857","Oyster-Closed","1.0000","2","166.5","553.2","198.1","598.4"
"blob:http://localhost:8080/7647cdfa-cde3-4601-a7ae-87300f92e81b","2","0.546","33","24","false","Oyster-Open","0.6709","Oyster-Open","1.0000","2","69.6","324.7","182.0","436.3"
"blob:http://localhost:8080/7647cdfa-cde3-4601-a7ae-87300f92e81b","2","0.546","33","22","false","Oyster-Open","0.6651","Oyster-Open","1.0000","2","135.1","594.8","193.6","639.8"
"blob:http://localhost:8080/7647cdfa-cde3-4601-a7ae-87300f92e81b","2","0.546","33","30","false","Oyster-Closed","0.6618","Oyster-Closed","1.0000","2","313.8","199.6","429.0","292.3"
"blob:http://localhost:8080/7647cdfa-cde3-4601-a7ae-87300f92e81b","2","0.546","33","31","false","Oyster-Open","0.6467","Oyster-Open","1.0000","2","179.9","381.4","253.1","423.2"
"blob:http://localhost:8080/7647cdfa-cde3-4601-a7ae-87300f92e81b","2","0.546","33","29","false","Oyster-Closed","0.6239","Oyster-Closed","1.0000","2","283.8","425.6","408.3","561.1"
"blob:http://localhost:8080/7647cdfa-cde3-4601-a7ae-87300f92e81b","2","0.546","33","32","false","Oyster-Open","0.5608","Oyster-Open","1.0000","2","96.3","45.6","130.7","105.5"
"blob:http://localhost:8080/7647cdfa-cde3-4601-a7ae-87300f92e81b","2","0.546","33","33","false","Oyster-Open","0.5249","Oyster-Open","1.0000","2","349.1","263.3","382.9","315.5"
"blob:http://localhost:8080/7647cdfa-cde3-4601-a7ae-87300f92e81b","3","0.685","33","4","false","Oyster-Closed","0.8745","Oyster-Closed","1.0000","3","190.3","111.9","306.9","191.6"
"blob:http://localhost:8080/7647cdfa-cde3-4601-a7ae-87300f92e81b","3","0.685","33","6","false","Oyster-Closed","0.8739","Oyster-Closed","1.0000","3","210.8","536.5","306.5","640.1"
"blob:http://localhost:8080/7647cdfa-cde3-4601-a7ae-87300f92e81b","3","0.685","33","1","false","Oyster-Closed","0.8627","Oyster-Closed","1.0000","3","29.2","190.1","139.8","263.7"
"blob:http://localhost:8080/7647cdfa-cde3-4601-a7ae-87300f92e81b","3","0.685","33","3","false","Oyster-Closed","0.8626","Oyster-Closed","1.0000","3","181.7","197.4","247.9","282.1"
"blob:http://localhost:8080/7647cdfa-cde3-4601-a7ae-87300f92e81b","3","0.685","33","2","false","Oyster-Closed","0.8577","Oyster-Closed","1.0000","3","351.9","0.5","428.9","205.9"
"blob:http://localhost:8080/7647cdfa-cde3-4601-a7ae-87300f92e81b","3","0.685","33","7","false","Oyster-Closed","0.8454","Oyster-Closed","1.0000","3","261.4","39.6","329.2","97.9"
"blob:http://localhost:8080/7647cdfa-cde3-4601-a7ae-87300f92e81b","3","0.685","33","8","false","Oyster-Closed","0.8454","Oyster-Closed","1.0000","3","69.6","423.4","147.1","527.4"
"blob:http://localhost:8080/7647cdfa-cde3-4601-a7ae-87300f92e81b","3","0.685","33","10","false","Oyster-Closed","0.8419","Oyster-Closed","1.0000","3","250.2","199.6","335.5","295.4"
"blob:http://localhost:8080/7647cdfa-cde3-4601-a7ae-87300f92e81b","3","0.685","33","5","false","Oyster-Closed","0.8255","Oyster-Closed","1.0000","3","148.5","431.0","243.3","561.2"
"blob:http://localhost:8080/7647cdfa-cde3-4601-a7ae-87300f92e81b","3","0.685","33","11","false","Oyster-Closed","0.8226","Oyster-Closed","1.0000","3","37.2","526.9","108.1","590.2"
"blob:http://localhost:8080/7647cdfa-cde3-4601-a7ae-87300f92e81b","3","0.685","33","9","false","Oyster-Closed","0.8169","Oyster-Closed","1.0000","3","217.1","408.5","255.7","446.6"
"blob:http://localhost:8080/7647cdfa-cde3-4601-a7ae-87300f92e81b","3","0.685","33","16","false","Oyster-Closed","0.7913","Oyster-Closed","1.0000","3","144.6","142.4","213.1","226.5"
"blob:http://localhost:8080/7647cdfa-cde3-4601-a7ae-87300f92e81b","3","0.685","33","19","false","Oyster-Closed","0.7868","Oyster-Closed","1.0000","3","12.7","488.2","65.4","535.7"
"blob:http://localhost:8080/7647cdfa-cde3-4601-a7ae-87300f92e81b","3","0.685","33","12","false","Oyster-Closed","0.7847","Oyster-Closed","1.0000","3","109.1","573.4","165.4","638.5"
"blob:http://localhost:8080/7647cdfa-cde3-4601-a7ae-87300f92e81b","3","0.685","33","15","false","Oyster-Closed","0.7841","Oyster-Closed","1.0000","3","104.2","125.9","155.5","172.6"
"blob:http://localhost:8080/7647cdfa-cde3-4601-a7ae-87300f92e81b","3","0.685","33","27","false","Oyster-Closed","0.7828","Oyster-Closed","1.0000","3","82.7","526.9","154.5","575.6"
"blob:http://localhost:8080/7647cdfa-cde3-4601-a7ae-87300f92e81b","3","0.685","33","25","false","Oyster-Closed","0.7752","Oyster-Closed","1.0000","3","119.2","67.9","181.8","138.2"
"blob:http://localhost:8080/7647cdfa-cde3-4601-a7ae-87300f92e81b","3","0.685","33","20","false","Oyster-Closed","0.7751","Oyster-Closed","1.0000","3","229.0","46.8","278.3","82.3"
"blob:http://localhost:8080/7647cdfa-cde3-4601-a7ae-87300f92e81b","3","0.685","33","23","false","Oyster-Closed","0.7738","Oyster-Closed","1.0000","3","193.3","363.7","241.9","391.8"
"blob:http://localhost:8080/7647cdfa-cde3-4601-a7ae-87300f92e81b","3","0.685","33","13","false","Oyster-Closed","0.7582","Oyster-Closed","1.0000","3","30.1","427.2","81.3","516.4"
"blob:http://localhost:8080/7647cdfa-cde3-4601-a7ae-87300f92e81b","3","0.685","33","17","false","Oyster-Closed","0.7510","Oyster-Closed","1.0000","3","72.5","98.8","122.0","150.8"
"blob:http://localhost:8080/7647cdfa-cde3-4601-a7ae-87300f92e81b","3","0.685","33","14","false","Oyster-Open","0.7417","Oyster-Open","1.0000","3","253.5","282.3","288.0","341.0"
"blob:http://localhost:8080/7647cdfa-cde3-4601-a7ae-87300f92e81b","3","0.685","33","22","false","Oyster-Open","0.7361","Oyster-Open","1.0000","3","135.2","595.7","196.9","639.6"
"blob:http://localhost:8080/7647cdfa-cde3-4601-a7ae-87300f92e81b","3","0.685","33","21","false","Oyster-Open","0.7316","Oyster-Open","1.0000","3","151.2","213.0","185.7","259.1"
"blob:http://localhost:8080/7647cdfa-cde3-4601-a7ae-87300f92e81b","3","0.685","33","26","false","Oyster-Closed","0.7285","Oyster-Closed","1.0000","3","249.9","20.8","290.2","46.5"
"blob:http://localhost:8080/7647cdfa-cde3-4601-a7ae-87300f92e81b","3","0.685","33","28","false","Oyster-Closed","0.7066","Oyster-Closed","1.0000","3","84.6","-0.1","151.0","48.6"
"blob:http://localhost:8080/7647cdfa-cde3-4601-a7ae-87300f92e81b","3","0.685","33","24","false","Oyster-Open","0.6819","Oyster-Open","1.0000","3","69.5","324.5","182.5","436.6"
"blob:http://localhost:8080/7647cdfa-cde3-4601-a7ae-87300f92e81b","3","0.685","33","30","false","Oyster-Closed","0.6756","Oyster-Closed","1.0000","3","319.2","201.5","429.1","292.3"
"blob:http://localhost:8080/7647cdfa-cde3-4601-a7ae-87300f92e81b","3","0.685","33","31","false","Oyster-Open","0.6127","Oyster-Open","1.0000","3","179.6","381.8","253.4","422.4"
"blob:http://localhost:8080/7647cdfa-cde3-4601-a7ae-87300f92e81b","3","0.685","33","18","false","Oyster-Closed","0.5981","Oyster-Closed","1.0000","3","166.2","553.6","202.8","599.3"
"blob:http://localhost:8080/7647cdfa-cde3-4601-a7ae-87300f92e81b","3","0.685","33","29","false","Oyster-Closed","0.5736","Oyster-Closed","1.0000","3","283.9","425.7","409.2","561.1"
"blob:http://localhost:8080/7647cdfa-cde3-4601-a7ae-87300f92e81b","3","0.685","33","32","false","Oyster-Open","0.5662","Oyster-Open","1.0000","3","96.3","46.1","130.4","105.6"
"blob:http://localhost:8080/7647cdfa-cde3-4601-a7ae-87300f92e81b","3","0.685","33","33","false","Oyster-Open","0.5409","Oyster-Open","1.0000","3","348.7","263.4","381.0","316.4"
"blob:http://localhost:8080/7647cdfa-cde3-4601-a7ae-87300f92e81b","4","0.827","33","4","false","Oyster-Closed","0.8660","Oyster-Closed","1.0000","4","190.4","112.0","306.5","191.7"
"blob:http://localhost:8080/7647cdfa-cde3-4601-a7ae-87300f92e81b","4","0.827","33","3","false","Oyster-Closed","0.8630","Oyster-Closed","1.0000","4","181.7","197.3","247.8","282.4"
"blob:http://localhost:8080/7647cdfa-cde3-4601-a7ae-87300f92e81b","4","0.827","33","1","false","Oyster-Closed","0.8616","Oyster-Closed","1.0000","4","29.4","189.8","141.3","264.7"
"blob:http://localhost:8080/7647cdfa-cde3-4601-a7ae-87300f92e81b","4","0.827","33","2","false","Oyster-Closed","0.8595","Oyster-Closed","1.0000","4","352.0","0.3","429.0","206.3"
"blob:http://localhost:8080/7647cdfa-cde3-4601-a7ae-87300f92e81b","4","0.827","33","7","false","Oyster-Closed","0.8439","Oyster-Closed","1.0000","4","261.3","40.3","329.1","97.9"
"blob:http://localhost:8080/7647cdfa-cde3-4601-a7ae-87300f92e81b","4","0.827","33","8","false","Oyster-Closed","0.8423","Oyster-Closed","1.0000","4","69.6","423.1","146.6","526.1"
"blob:http://localhost:8080/7647cdfa-cde3-4601-a7ae-87300f92e81b","4","0.827","33","6","false","Oyster-Closed","0.8417","Oyster-Closed","1.0000","4","210.1","536.4","304.7","640.0"
"blob:http://localhost:8080/7647cdfa-cde3-4601-a7ae-87300f92e81b","4","0.827","33","10","false","Oyster-Closed","0.8319","Oyster-Closed","1.0000","4","250.1","199.8","335.7","294.2"
"blob:http://localhost:8080/7647cdfa-cde3-4601-a7ae-87300f92e81b","4","0.827","33","11","false","Oyster-Closed","0.8223","Oyster-Closed","1.0000","4","37.3","526.7","107.2","590.2"
"blob:http://localhost:8080/7647cdfa-cde3-4601-a7ae-87300f92e81b","4","0.827","33","9","false","Oyster-Closed","0.8165","Oyster-Closed","1.0000","4","217.1","408.6","255.6","446.4"
"blob:http://localhost:8080/7647cdfa-cde3-4601-a7ae-87300f92e81b","4","0.827","33","16","false","Oyster-Closed","0.8016","Oyster-Closed","1.0000","4","144.7","142.4","212.9","227.2"
"blob:http://localhost:8080/7647cdfa-cde3-4601-a7ae-87300f92e81b","4","0.827","33","23","false","Oyster-Closed","0.7918","Oyster-Closed","1.0000","4","193.5","363.9","242.1","392.3"
"blob:http://localhost:8080/7647cdfa-cde3-4601-a7ae-87300f92e81b","4","0.827","33","19","false","Oyster-Closed","0.7908","Oyster-Closed","1.0000","4","12.7","487.8","64.8","535.6"
"blob:http://localhost:8080/7647cdfa-cde3-4601-a7ae-87300f92e81b","4","0.827","33","12","false","Oyster-Closed","0.7876","Oyster-Closed","1.0000","4","109.1","573.7","166.0","638.7"
"blob:http://localhost:8080/7647cdfa-cde3-4601-a7ae-87300f92e81b","4","0.827","33","25","false","Oyster-Closed","0.7832","Oyster-Closed","1.0000","4","119.1","68.1","181.9","138.7"
"blob:http://localhost:8080/7647cdfa-cde3-4601-a7ae-87300f92e81b","4","0.827","33","5","false","Oyster-Closed","0.7821","Oyster-Closed","1.0000","4","147.7","431.0","243.1","562.6"
"blob:http://localhost:8080/7647cdfa-cde3-4601-a7ae-87300f92e81b","4","0.827","33","15","false","Oyster-Closed","0.7810","Oyster-Closed","1.0000","4","103.8","126.4","155.4","172.5"
"blob:http://localhost:8080/7647cdfa-cde3-4601-a7ae-87300f92e81b","4","0.827","33","20","false","Oyster-Closed","0.7784","Oyster-Closed","1.0000","4","228.8","46.8","278.4","82.2"
"blob:http://localhost:8080/7647cdfa-cde3-4601-a7ae-87300f92e81b","4","0.827","33","13","false","Oyster-Closed","0.7737","Oyster-Closed","1.0000","4","29.7","425.3","82.0","515.5"
"blob:http://localhost:8080/7647cdfa-cde3-4601-a7ae-87300f92e81b","4","0.827","33","14","false","Oyster-Open","0.7717","Oyster-Open","1.0000","4","253.4","281.7","287.8","341.6"
"blob:http://localhost:8080/7647cdfa-cde3-4601-a7ae-87300f92e81b","4","0.827","33","27","false","Oyster-Closed","0.7698","Oyster-Closed","1.0000","4","82.5","527.0","154.1","575.8"
"blob:http://localhost:8080/7647cdfa-cde3-4601-a7ae-87300f92e81b","4","0.827","33","17","false","Oyster-Closed","0.7275","Oyster-Closed","1.0000","4","72.8","98.8","121.5","150.6"
"blob:http://localhost:8080/7647cdfa-cde3-4601-a7ae-87300f92e81b","4","0.827","33","22","false","Oyster-Open","0.7248","Oyster-Open","1.0000","4","135.2","595.2","198.4","639.6"
"blob:http://localhost:8080/7647cdfa-cde3-4601-a7ae-87300f92e81b","4","0.827","33","21","false","Oyster-Open","0.7198","Oyster-Open","1.0000","4","151.9","214.3","185.8","259.4"
"blob:http://localhost:8080/7647cdfa-cde3-4601-a7ae-87300f92e81b","4","0.827","33","30","false","Oyster-Closed","0.7022","Oyster-Closed","1.0000","4","319.8","202.9","429.1","291.7"
"blob:http://localhost:8080/7647cdfa-cde3-4601-a7ae-87300f92e81b","4","0.827","33","28","false","Oyster-Closed","0.6835","Oyster-Closed","1.0000","4","85.0","-0.1","149.5","48.5"
"blob:http://localhost:8080/7647cdfa-cde3-4601-a7ae-87300f92e81b","4","0.827","33","26","false","Oyster-Closed","0.6833","Oyster-Closed","1.0000","4","250.4","21.2","290.4","46.2"
"blob:http://localhost:8080/7647cdfa-cde3-4601-a7ae-87300f92e81b","4","0.827","33","24","false","Oyster-Open","0.6781","Oyster-Open","1.0000","4","69.4","324.6","181.9","437.6"
"blob:http://localhost:8080/7647cdfa-cde3-4601-a7ae-87300f92e81b","4","0.827","33","18","false","Oyster-Closed","0.6541","Oyster-Closed","1.0000","4","164.8","554.1","204.5","602.1"
"blob:http://localhost:8080/7647cdfa-cde3-4601-a7ae-87300f92e81b","4","0.827","33","31","false","Oyster-Open","0.6223","Oyster-Open","1.0000","4","179.5","382.0","253.9","422.4"
"blob:http://localhost:8080/7647cdfa-cde3-4601-a7ae-87300f92e81b","4","0.827","33","29","false","Oyster-Closed","0.5725","Oyster-Closed","1.0000","4","282.5","424.5","405.3","561.2"
"blob:http://localhost:8080/7647cdfa-cde3-4601-a7ae-87300f92e81b","4","0.827","33","32","false","Oyster-Open","0.5247","Oyster-Open","1.0000","4","96.4","46.8","129.3","106.1"
"blob:http://localhost:8080/7647cdfa-cde3-4601-a7ae-87300f92e81b","4","0.827","33","33","false","Oyster-Open","0.4841","Oyster-Open","1.0000","4","348.4","263.9","380.0","316.6"
"blob:http://localhost:8080/7647cdfa-cde3-4601-a7ae-87300f92e81b","5","0.969","33","4","true","Oyster-Closed","0.8713","Oyster-Closed","1.0000","5","190.3","111.8","306.5","192.2"
"blob:http://localhost:8080/7647cdfa-cde3-4601-a7ae-87300f92e81b","5","0.969","33","6","true","Oyster-Closed","0.8687","Oyster-Closed","1.0000","5","209.2","538.1","305.3","640.0"
"blob:http://localhost:8080/7647cdfa-cde3-4601-a7ae-87300f92e81b","5","0.969","33","2","true","Oyster-Closed","0.8616","Oyster-Closed","1.0000","5","352.2","0.6","428.7","206.9"
"blob:http://localhost:8080/7647cdfa-cde3-4601-a7ae-87300f92e81b","5","0.969","33","1","true","Oyster-Closed","0.8615","Oyster-Closed","1.0000","5","29.4","189.3","140.8","264.8"
"blob:http://localhost:8080/7647cdfa-cde3-4601-a7ae-87300f92e81b","5","0.969","33","3","true","Oyster-Closed","0.8600","Oyster-Closed","1.0000","5","181.6","197.3","247.8","282.6"
"blob:http://localhost:8080/7647cdfa-cde3-4601-a7ae-87300f92e81b","5","0.969","33","10","true","Oyster-Closed","0.8475","Oyster-Closed","1.0000","5","250.0","199.3","336.2","292.9"
"blob:http://localhost:8080/7647cdfa-cde3-4601-a7ae-87300f92e81b","5","0.969","33","7","true","Oyster-Closed","0.8409","Oyster-Closed","1.0000","5","261.3","39.3","329.5","98.1"
"blob:http://localhost:8080/7647cdfa-cde3-4601-a7ae-87300f92e81b","5","0.969","33","8","true","Oyster-Closed","0.8394","Oyster-Closed","1.0000","5","69.7","423.4","146.6","526.7"
"blob:http://localhost:8080/7647cdfa-cde3-4601-a7ae-87300f92e81b","5","0.969","33","9","true","Oyster-Closed","0.8222","Oyster-Closed","1.0000","5","217.2","408.5","255.5","446.2"
"blob:http://localhost:8080/7647cdfa-cde3-4601-a7ae-87300f92e81b","5","0.969","33","11","true","Oyster-Closed","0.8206","Oyster-Closed","1.0000","5","37.5","526.1","107.5","590.2"
"blob:http://localhost:8080/7647cdfa-cde3-4601-a7ae-87300f92e81b","5","0.969","33","19","true","Oyster-Closed","0.8099","Oyster-Closed","1.0000","5","12.4","488.1","64.7","535.6"
"blob:http://localhost:8080/7647cdfa-cde3-4601-a7ae-87300f92e81b","5","0.969","33","16","true","Oyster-Closed","0.8030","Oyster-Closed","1.0000","5","144.5","142.3","213.1","227.1"
"blob:http://localhost:8080/7647cdfa-cde3-4601-a7ae-87300f92e81b","5","0.969","33","23","true","Oyster-Closed","0.7925","Oyster-Closed","1.0000","5","193.2","364.0","242.4","392.2"
"blob:http://localhost:8080/7647cdfa-cde3-4601-a7ae-87300f92e81b","5","0.969","33","12","true","Oyster-Closed","0.7855","Oyster-Closed","1.0000","5","109.4","573.6","165.5","638.7"
"blob:http://localhost:8080/7647cdfa-cde3-4601-a7ae-87300f92e81b","5","0.969","33","27","true","Oyster-Closed","0.7802","Oyster-Closed","1.0000","5","82.6","527.1","155.2","575.8"
"blob:http://localhost:8080/7647cdfa-cde3-4601-a7ae-87300f92e81b","5","0.969","33","20","true","Oyster-Closed","0.7777","Oyster-Closed","1.0000","5","229.0","47.6","277.0","82.2"
"blob:http://localhost:8080/7647cdfa-cde3-4601-a7ae-87300f92e81b","5","0.969","33","14","true","Oyster-Open","0.7767","Oyster-Open","1.0000","5","253.4","282.0","287.7","341.6"
"blob:http://localhost:8080/7647cdfa-cde3-4601-a7ae-87300f92e81b","5","0.969","33","15","true","Oyster-Closed","0.7751","Oyster-Closed","1.0000","5","104.3","126.1","155.1","172.5"
"blob:http://localhost:8080/7647cdfa-cde3-4601-a7ae-87300f92e81b","5","0.969","33","13","true","Oyster-Closed","0.7749","Oyster-Closed","1.0000","5","29.1","424.4","82.2","515.0"
"blob:http://localhost:8080/7647cdfa-cde3-4601-a7ae-87300f92e81b","5","0.969","33","25","true","Oyster-Closed","0.7744","Oyster-Closed","1.0000","5","119.2","69.0","182.2","138.5"
"blob:http://localhost:8080/7647cdfa-cde3-4601-a7ae-87300f92e81b","5","0.969","33","18","true","Oyster-Closed","0.7591","Oyster-Closed","1.0000","5","164.3","552.5","207.3","603.6"
"blob:http://localhost:8080/7647cdfa-cde3-4601-a7ae-87300f92e81b","5","0.969","33","17","true","Oyster-Closed","0.7372","Oyster-Closed","1.0000","5","72.3","98.8","120.9","150.5"
"blob:http://localhost:8080/7647cdfa-cde3-4601-a7ae-87300f92e81b","5","0.969","33","28","true","Oyster-Closed","0.7323","Oyster-Closed","1.0000","5","84.3","-0.1","149.0","48.7"
"blob:http://localhost:8080/7647cdfa-cde3-4601-a7ae-87300f92e81b","5","0.969","33","22","true","Oyster-Open","0.7320","Oyster-Open","1.0000","5","135.5","595.2","198.7","639.6"
"blob:http://localhost:8080/7647cdfa-cde3-4601-a7ae-87300f92e81b","5","0.969","33","21","true","Oyster-Open","0.7251","Oyster-Open","1.0000","5","151.8","214.4","186.0","259.7"
"blob:http://localhost:8080/7647cdfa-cde3-4601-a7ae-87300f92e81b","5","0.969","33","30","true","Oyster-Closed","0.7172","Oyster-Closed","1.0000","5","319.4","200.5","428.9","291.1"
"blob:http://localhost:8080/7647cdfa-cde3-4601-a7ae-87300f92e81b","5","0.969","33","26","true","Oyster-Closed","0.7153","Oyster-Closed","1.0000","5","249.3","21.6","289.2","47.1"
"blob:http://localhost:8080/7647cdfa-cde3-4601-a7ae-87300f92e81b","5","0.969","33","5","true","Oyster-Closed","0.6746","Oyster-Closed","1.0000","5","147.4","431.2","243.6","568.2"
"blob:http://localhost:8080/7647cdfa-cde3-4601-a7ae-87300f92e81b","5","0.969","33","24","true","Oyster-Open","0.6694","Oyster-Open","1.0000","5","69.3","324.4","181.9","439.2"
"blob:http://localhost:8080/7647cdfa-cde3-4601-a7ae-87300f92e81b","5","0.969","33","31","true","Oyster-Open","0.5977","Oyster-Open","1.0000","5","179.7","382.1","253.8","422.5"
"blob:http://localhost:8080/7647cdfa-cde3-4601-a7ae-87300f92e81b","5","0.969","33","32","true","Oyster-Open","0.4968","Oyster-Open","1.0000","5","96.5","47.9","127.7","106.9"
"blob:http://localhost:8080/7647cdfa-cde3-4601-a7ae-87300f92e81b","5","0.969","33","29","true","Oyster-Closed","0.4404","Oyster-Closed","1.0000","5","283.1","424.4","403.0","561.5"
"blob:http://localhost:8080/7647cdfa-cde3-4601-a7ae-87300f92e81b","5","0.969","33","33","true","Oyster-Open","0.4303","Oyster-Open","1.0000","5","348.2","264.3","379.0","317.6"
"blob:http://localhost:8080/7647cdfa-cde3-4601-a7ae-87300f92e81b","6","1.335","32","1","true","Oyster-Closed","0.8753","Oyster-Closed","1.0000","6","29.4","188.7","140.2","264.9"
"blob:http://localhost:8080/7647cdfa-cde3-4601-a7ae-87300f92e81b","6","1.335","32","6","true","Oyster-Closed","0.8731","Oyster-Closed","1.0000","6","209.7","536.2","304.7","640.0"
"blob:http://localhost:8080/7647cdfa-cde3-4601-a7ae-87300f92e81b","6","1.335","32","4","true","Oyster-Closed","0.8712","Oyster-Closed","1.0000","6","190.1","111.3","307.3","192.7"
"blob:http://localhost:8080/7647cdfa-cde3-4601-a7ae-87300f92e81b","6","1.335","32","2","true","Oyster-Closed","0.8682","Oyster-Closed","1.0000","6","351.8","0.6","428.7","207.1"
"blob:http://localhost:8080/7647cdfa-cde3-4601-a7ae-87300f92e81b","6","1.335","32","3","true","Oyster-Closed","0.8590","Oyster-Closed","1.0000","6","181.9","197.2","247.7","282.3"
"blob:http://localhost:8080/7647cdfa-cde3-4601-a7ae-87300f92e81b","6","1.335","32","10","true","Oyster-Closed","0.8565","Oyster-Closed","1.0000","6","249.9","199.6","336.2","291.8"
"blob:http://localhost:8080/7647cdfa-cde3-4601-a7ae-87300f92e81b","6","1.335","32","7","true","Oyster-Closed","0.8407","Oyster-Closed","1.0000","6","261.3","38.0","329.3","98.1"
"blob:http://localhost:8080/7647cdfa-cde3-4601-a7ae-87300f92e81b","6","1.335","32","8","true","Oyster-Closed","0.8391","Oyster-Closed","1.0000","6","69.6","423.6","148.1","526.7"
"blob:http://localhost:8080/7647cdfa-cde3-4601-a7ae-87300f92e81b","6","1.335","32","11","true","Oyster-Closed","0.8219","Oyster-Closed","1.0000","6","37.5","526.1","107.2","590.0"
"blob:http://localhost:8080/7647cdfa-cde3-4601-a7ae-87300f92e81b","6","1.335","32","9","true","Oyster-Closed","0.8169","Oyster-Closed","1.0000","6","217.2","408.7","255.5","445.9"
"blob:http://localhost:8080/7647cdfa-cde3-4601-a7ae-87300f92e81b","6","1.335","32","19","true","Oyster-Closed","0.8132","Oyster-Closed","1.0000","6","13.0","488.5","64.3","535.7"
"blob:http://localhost:8080/7647cdfa-cde3-4601-a7ae-87300f92e81b","6","1.335","32","23","true","Oyster-Closed","0.7971","Oyster-Closed","1.0000","6","193.7","363.9","242.8","392.5"
"blob:http://localhost:8080/7647cdfa-cde3-4601-a7ae-87300f92e81b","6","1.335","32","16","true","Oyster-Closed","0.7969","Oyster-Closed","1.0000","6","144.5","142.8","212.9","227.0"
"blob:http://localhost:8080/7647cdfa-cde3-4601-a7ae-87300f92e81b","6","1.335","32","12","true","Oyster-Closed","0.7875","Oyster-Closed","1.0000","6","109.1","573.1","165.7","638.7"
"blob:http://localhost:8080/7647cdfa-cde3-4601-a7ae-87300f92e81b","6","1.335","32","13","true","Oyster-Closed","0.7871","Oyster-Closed","1.0000","6","29.2","424.6","82.1","515.3"
"blob:http://localhost:8080/7647cdfa-cde3-4601-a7ae-87300f92e81b","6","1.335","32","14","true","Oyster-Open","0.7853","Oyster-Open","1.0000","6","253.2","282.3","287.4","342.0"
"blob:http://localhost:8080/7647cdfa-cde3-4601-a7ae-87300f92e81b","6","1.335","32","27","true","Oyster-Closed","0.7794","Oyster-Closed","1.0000","6","82.0","528.0","154.3","575.8"
"blob:http://localhost:8080/7647cdfa-cde3-4601-a7ae-87300f92e81b","6","1.335","32","25","true","Oyster-Closed","0.7759","Oyster-Closed","1.0000","6","119.0","70.3","182.7","139.4"
"blob:http://localhost:8080/7647cdfa-cde3-4601-a7ae-87300f92e81b","6","1.335","32","20","true","Oyster-Closed","0.7745","Oyster-Closed","1.0000","6","228.4","47.4","276.3","82.4"
"blob:http://localhost:8080/7647cdfa-cde3-4601-a7ae-87300f92e81b","6","1.335","32","15","true","Oyster-Closed","0.7659","Oyster-Closed","1.0000","6","103.5","123.6","155.6","172.8"
"blob:http://localhost:8080/7647cdfa-cde3-4601-a7ae-87300f92e81b","6","1.335","32","18","true","Oyster-Closed","0.7646","Oyster-Closed","1.0000","6","164.0","551.7","208.2","603.4"
"blob:http://localhost:8080/7647cdfa-cde3-4601-a7ae-87300f92e81b","6","1.335","32","22","true","Oyster-Open","0.7438","Oyster-Open","1.0000","6","135.6","594.9","199.5","639.6"
"blob:http://localhost:8080/7647cdfa-cde3-4601-a7ae-87300f92e81b","6","1.335","32","17","true","Oyster-Closed","0.7311","Oyster-Closed","1.0000","6","72.4","98.5","121.9","150.9"
"blob:http://localhost:8080/7647cdfa-cde3-4601-a7ae-87300f92e81b","6","1.335","32","30","true","Oyster-Closed","0.7161","Oyster-Closed","1.0000","6","320.6","202.7","429.0","293.8"
"blob:http://localhost:8080/7647cdfa-cde3-4601-a7ae-87300f92e81b","6","1.335","32","21","true","Oyster-Open","0.7158","Oyster-Open","1.0000","6","151.3","213.1","185.8","259.2"
"blob:http://localhost:8080/7647cdfa-cde3-4601-a7ae-87300f92e81b","6","1.335","32","28","true","Oyster-Closed","0.7097","Oyster-Closed","1.0000","6","85.1","-0.1","150.6","49.0"
"blob:http://localhost:8080/7647cdfa-cde3-4601-a7ae-87300f92e81b","6","1.335","32","26","true","Oyster-Closed","0.6898","Oyster-Closed","1.0000","6","248.3","22.9","288.4","47.9"
"blob:http://localhost:8080/7647cdfa-cde3-4601-a7ae-87300f92e81b","6","1.335","32","24","true","Oyster-Open","0.6882","Oyster-Open","1.0000","6","68.9","324.5","182.1","439.1"
"blob:http://localhost:8080/7647cdfa-cde3-4601-a7ae-87300f92e81b","6","1.335","32","31","true","Oyster-Open","0.6337","Oyster-Open","1.0000","6","179.6","381.3","253.0","423.2"
"blob:http://localhost:8080/7647cdfa-cde3-4601-a7ae-87300f92e81b","6","1.335","32","32","true","Oyster-Open","0.5352","Oyster-Open","1.0000","6","96.4","48.1","128.8","106.9"
"blob:http://localhost:8080/7647cdfa-cde3-4601-a7ae-87300f92e81b","6","1.335","32","5","true","Oyster-Closed","0.4996","Oyster-Closed","1.0000","6","148.9","432.7","245.6","568.9"
"blob:http://localhost:8080/7647cdfa-cde3-4601-a7ae-87300f92e81b","6","1.335","32","29","true","Oyster-Closed","0.4873","Oyster-Closed","1.0000","6","283.4","425.8","405.0","561.3"
"blob:http://localhost:8080/7647cdfa-cde3-4601-a7ae-87300f92e81b","7","1.697","34","6","true","Oyster-Closed","0.8836","Oyster-Closed","1.0000","7","210.0","534.6","304.1","640.0"
"blob:http://localhost:8080/7647cdfa-cde3-4601-a7ae-87300f92e81b","7","1.697","34","4","true","Oyster-Closed","0.8795","Oyster-Closed","1.0000","7","190.2","111.3","308.1","192.1"
"blob:http://localhost:8080/7647cdfa-cde3-4601-a7ae-87300f92e81b","7","1.697","34","2","true","Oyster-Closed","0.8679","Oyster-Closed","1.0000","7","352.3","0.6","428.6","206.7"
"blob:http://localhost:8080/7647cdfa-cde3-4601-a7ae-87300f92e81b","7","1.697","34","3","true","Oyster-Closed","0.8658","Oyster-Closed","1.0000","7","181.7","197.3","247.9","281.8"
"blob:http://localhost:8080/7647cdfa-cde3-4601-a7ae-87300f92e81b","7","1.697","34","10","true","Oyster-Closed","0.8639","Oyster-Closed","1.0000","7","249.7","198.3","336.6","292.9"
"blob:http://localhost:8080/7647cdfa-cde3-4601-a7ae-87300f92e81b","7","1.697","34","1","true","Oyster-Closed","0.8603","Oyster-Closed","1.0000","7","29.0","189.1","141.4","263.9"
"blob:http://localhost:8080/7647cdfa-cde3-4601-a7ae-87300f92e81b","7","1.697","34","7","true","Oyster-Closed","0.8455","Oyster-Closed","1.0000","7","261.5","38.9","329.7","98.2"
"blob:http://localhost:8080/7647cdfa-cde3-4601-a7ae-87300f92e81b","7","1.697","34","8","true","Oyster-Closed","0.8417","Oyster-Closed","1.0000","7","69.3","422.8","147.3","526.9"
"blob:http://localhost:8080/7647cdfa-cde3-4601-a7ae-87300f92e81b","7","1.697","34","11","true","Oyster-Closed","0.8169","Oyster-Closed","1.0000","7","37.3","526.0","107.1","590.2"
"blob:http://localhost:8080/7647cdfa-cde3-4601-a7ae-87300f92e81b","7","1.697","34","23","true","Oyster-Closed","0.8087","Oyster-Closed","1.0000","7","194.1","364.0","243.4","393.3"
"blob:http://localhost:8080/7647cdfa-cde3-4601-a7ae-87300f92e81b","7","1.697","34","14","true","Oyster-Open","0.8078","Oyster-Open","1.0000","7","253.2","282.4","287.4","342.3"
"blob:http://localhost:8080/7647cdfa-cde3-4601-a7ae-87300f92e81b","7","1.697","34","19","true","Oyster-Closed","0.8073","Oyster-Closed","1.0000","7","12.3","487.7","63.7","535.7"
"blob:http://localhost:8080/7647cdfa-cde3-4601-a7ae-87300f92e81b","7","1.697","34","9","true","Oyster-Closed","0.8054","Oyster-Closed","1.0000","7","217.6","408.4","256.1","446.8"
"blob:http://localhost:8080/7647cdfa-cde3-4601-a7ae-87300f92e81b","7","1.697","34","16","true","Oyster-Closed","0.8025","Oyster-Closed","1.0000","7","143.7","143.0","212.6","227.6"
"blob:http://localhost:8080/7647cdfa-cde3-4601-a7ae-87300f92e81b","7","1.697","34","12","true","Oyster-Closed","0.7947","Oyster-Closed","1.0000","7","108.8","573.1","165.2","638.5"
"blob:http://localhost:8080/7647cdfa-cde3-4601-a7ae-87300f92e81b","7","1.697","34","13","true","Oyster-Closed","0.7880","Oyster-Closed","1.0000","7","29.3","426.0","81.4","515.1"
"blob:http://localhost:8080/7647cdfa-cde3-4601-a7ae-87300f92e81b","7","1.697","34","20","true","Oyster-Closed","0.7854","Oyster-Closed","1.0000","7","229.0","48.2","276.4","82.0"
"blob:http://localhost:8080/7647cdfa-cde3-4601-a7ae-87300f92e81b","7","1.697","34","15","true","Oyster-Closed","0.7790","Oyster-Closed","1.0000","7","104.2","126.9","155.2","173.3"
"blob:http://localhost:8080/7647cdfa-cde3-4601-a7ae-87300f92e81b","7","1.697","34","18","true","Oyster-Closed","0.7771","Oyster-Closed","1.0000","7","163.7","551.5","209.0","603.7"
"blob:http://localhost:8080/7647cdfa-cde3-4601-a7ae-87300f92e81b","7","1.697","34","25","true","Oyster-Closed","0.7719","Oyster-Closed","1.0000","7","119.5","68.3","183.7","138.8"
"blob:http://localhost:8080/7647cdfa-cde3-4601-a7ae-87300f92e81b","7","1.697","34","27","true","Oyster-Closed","0.7653","Oyster-Closed","1.0000","7","82.5","528.0","153.8","575.6"
"blob:http://localhost:8080/7647cdfa-cde3-4601-a7ae-87300f92e81b","7","1.697","34","17","true","Oyster-Closed","0.7532","Oyster-Closed","1.0000","7","72.5","98.2","121.6","151.8"
"blob:http://localhost:8080/7647cdfa-cde3-4601-a7ae-87300f92e81b","7","1.697","34","22","true","Oyster-Open","0.7448","Oyster-Open","1.0000","7","135.6","595.0","199.3","639.6"
"blob:http://localhost:8080/7647cdfa-cde3-4601-a7ae-87300f92e81b","7","1.697","34","21","true","Oyster-Open","0.7197","Oyster-Open","1.0000","7","151.2","213.2","186.0","258.5"
"blob:http://localhost:8080/7647cdfa-cde3-4601-a7ae-87300f92e81b","7","1.697","34","28","true","Oyster-Closed","0.7111","Oyster-Closed","1.0000","7","84.7","-0.1","151.0","48.9"
"blob:http://localhost:8080/7647cdfa-cde3-4601-a7ae-87300f92e81b","7","1.697","34","24","true","Oyster-Open","0.6816","Oyster-Open","1.0000","7","69.0","324.2","182.1","438.8"
"blob:http://localhost:8080/7647cdfa-cde3-4601-a7ae-87300f92e81b","7","1.697","34","31","true","Oyster-Open","0.6785","Oyster-Open","1.0000","7","179.4","381.6","254.2","422.9"
"blob:http://localhost:8080/7647cdfa-cde3-4601-a7ae-87300f92e81b","7","1.697","34","30","true","Oyster-Closed","0.6727","Oyster-Closed","1.0000","7","322.7","204.2","428.8","293.6"
"blob:http://localhost:8080/7647cdfa-cde3-4601-a7ae-87300f92e81b","7","1.697","34","26","true","Oyster-Closed","0.6553","Oyster-Closed","1.0000","7","250.0","18.9","287.6","45.0"
"blob:http://localhost:8080/7647cdfa-cde3-4601-a7ae-87300f92e81b","7","1.697","34","5","true","Oyster-Closed","0.6491","Oyster-Closed","1.0000","7","149.4","432.9","238.5","568.6"
"blob:http://localhost:8080/7647cdfa-cde3-4601-a7ae-87300f92e81b","7","1.697","34","32","true","Oyster-Open","0.5769","Oyster-Open","1.0000","7","96.3","47.9","130.1","107.3"
"blob:http://localhost:8080/7647cdfa-cde3-4601-a7ae-87300f92e81b","7","1.697","34","29","true","Oyster-Closed","0.5626","Oyster-Closed","1.0000","7","284.8","425.7","398.2","562.0"
"blob:http://localhost:8080/7647cdfa-cde3-4601-a7ae-87300f92e81b","7","1.697","34","34","false","Oyster-Closed","0.4557","Oyster-Closed","1.0000","1","234.7","338.5","278.7","375.2"
"blob:http://localhost:8080/7647cdfa-cde3-4601-a7ae-87300f92e81b","7","1.697","34","33","true","Oyster-Open","0.4038","Oyster-Open","1.0000","6","349.0","263.0","380.9","315.5"
"blob:http://localhost:8080/7647cdfa-cde3-4601-a7ae-87300f92e81b","8","1.846","33","4","true","Oyster-Closed","0.8749","Oyster-Closed","1.0000","7","190.1","111.0","306.1","191.8"
"blob:http://localhost:8080/7647cdfa-cde3-4601-a7ae-87300f92e81b","8","1.846","33","6","true","Oyster-Closed","0.8746","Oyster-Closed","1.0000","7","209.6","537.7","304.6","640.0"
"blob:http://localhost:8080/7647cdfa-cde3-4601-a7ae-87300f92e81b","8","1.846","33","10","true","Oyster-Closed","0.8705","Oyster-Closed","1.0000","7","248.4","198.2","337.5","293.3"
"blob:http://localhost:8080/7647cdfa-cde3-4601-a7ae-87300f92e81b","8","1.846","33","2","true","Oyster-Closed","0.8691","Oyster-Closed","1.0000","7","352.1","0.4","428.6","207.2"
"blob:http://localhost:8080/7647cdfa-cde3-4601-a7ae-87300f92e81b","8","1.846","33","1","true","Oyster-Closed","0.8688","Oyster-Closed","1.0000","7","29.4","189.6","140.4","264.4"
"blob:http://localhost:8080/7647cdfa-cde3-4601-a7ae-87300f92e81b","8","1.846","33","3","true","Oyster-Closed","0.8588","Oyster-Closed","1.0000","7","181.4","197.5","247.3","281.5"
"blob:http://localhost:8080/7647cdfa-cde3-4601-a7ae-87300f92e81b","8","1.846","33","8","true","Oyster-Closed","0.8443","Oyster-Closed","1.0000","7","69.3","422.4","147.0","528.2"
"blob:http://localhost:8080/7647cdfa-cde3-4601-a7ae-87300f92e81b","8","1.846","33","7","true","Oyster-Closed","0.8378","Oyster-Closed","1.0000","7","261.8","38.9","330.3","98.3"
"blob:http://localhost:8080/7647cdfa-cde3-4601-a7ae-87300f92e81b","8","1.846","33","19","true","Oyster-Closed","0.8286","Oyster-Closed","1.0000","7","12.7","487.9","63.5","535.5"
"blob:http://localhost:8080/7647cdfa-cde3-4601-a7ae-87300f92e81b","8","1.846","33","11","true","Oyster-Closed","0.8265","Oyster-Closed","1.0000","7","37.4","526.5","108.7","590.3"
"blob:http://localhost:8080/7647cdfa-cde3-4601-a7ae-87300f92e81b","8","1.846","33","23","true","Oyster-Closed","0.8118","Oyster-Closed","1.0000","7","194.0","364.2","242.2","392.6"
"blob:http://localhost:8080/7647cdfa-cde3-4601-a7ae-87300f92e81b","8","1.846","33","9","true","Oyster-Closed","0.8098","Oyster-Closed","1.0000","7","218.3","408.6","256.5","447.0"
"blob:http://localhost:8080/7647cdfa-cde3-4601-a7ae-87300f92e81b","8","1.846","33","14","true","Oyster-Open","0.8082","Oyster-Open","1.0000","7","253.0","282.0","287.5","342.4"
"blob:http://localhost:8080/7647cdfa-cde3-4601-a7ae-87300f92e81b","8","1.846","33","16","true","Oyster-Closed","0.7950","Oyster-Closed","1.0000","7","143.5","142.9","212.8","226.5"
"blob:http://localhost:8080/7647cdfa-cde3-4601-a7ae-87300f92e81b","8","1.846","33","20","true","Oyster-Closed","0.7936","Oyster-Closed","1.0000","7","229.3","48.0","275.0","82.2"
"blob:http://localhost:8080/7647cdfa-cde3-4601-a7ae-87300f92e81b","8","1.846","33","12","true","Oyster-Closed","0.7901","Oyster-Closed","1.0000","7","109.0","572.9","165.5","638.2"
"blob:http://localhost:8080/7647cdfa-cde3-4601-a7ae-87300f92e81b","8","1.846","33","17","true","Oyster-Closed","0.7896","Oyster-Closed","1.0000","7","71.5","97.5","122.2","151.8"
"blob:http://localhost:8080/7647cdfa-cde3-4601-a7ae-87300f92e81b","8","1.846","33","15","true","Oyster-Closed","0.7889","Oyster-Closed","1.0000","7","104.5","127.0","155.6","173.0"
"blob:http://localhost:8080/7647cdfa-cde3-4601-a7ae-87300f92e81b","8","1.846","33","13","true","Oyster-Closed","0.7867","Oyster-Closed","1.0000","7","29.5","425.7","81.0","515.7"
"blob:http://localhost:8080/7647cdfa-cde3-4601-a7ae-87300f92e81b","8","1.846","33","27","true","Oyster-Closed","0.7798","Oyster-Closed","1.0000","7","82.3","527.9","154.3","575.2"
"blob:http://localhost:8080/7647cdfa-cde3-4601-a7ae-87300f92e81b","8","1.846","33","25","true","Oyster-Closed","0.7793","Oyster-Closed","1.0000","7","119.4","69.5","182.7","139.9"
"blob:http://localhost:8080/7647cdfa-cde3-4601-a7ae-87300f92e81b","8","1.846","33","18","true","Oyster-Closed","0.7744","Oyster-Closed","1.0000","7","163.9","551.6","209.2","604.4"
"blob:http://localhost:8080/7647cdfa-cde3-4601-a7ae-87300f92e81b","8","1.846","33","5","true","Oyster-Closed","0.7401","Oyster-Closed","1.0000","7","148.6","435.1","244.9","568.5"
"blob:http://localhost:8080/7647cdfa-cde3-4601-a7ae-87300f92e81b","8","1.846","33","22","true","Oyster-Open","0.7340","Oyster-Open","1.0000","7","135.2","595.3","198.3","639.5"
"blob:http://localhost:8080/7647cdfa-cde3-4601-a7ae-87300f92e81b","8","1.846","33","28","true","Oyster-Closed","0.7299","Oyster-Closed","1.0000","7","85.2","-0.1","153.3","49.6"
"blob:http://localhost:8080/7647cdfa-cde3-4601-a7ae-87300f92e81b","8","1.846","33","21","true","Oyster-Open","0.7223","Oyster-Open","1.0000","7","151.0","212.3","185.9","258.5"
"blob:http://localhost:8080/7647cdfa-cde3-4601-a7ae-87300f92e81b","8","1.846","33","24","true","Oyster-Open","0.7086","Oyster-Open","1.0000","7","69.4","324.3","184.6","438.0"
"blob:http://localhost:8080/7647cdfa-cde3-4601-a7ae-87300f92e81b","8","1.846","33","26","true","Oyster-Closed","0.6589","Oyster-Closed","1.0000","7","248.4","18.7","286.7","45.1"
"blob:http://localhost:8080/7647cdfa-cde3-4601-a7ae-87300f92e81b","8","1.846","33","30","true","Oyster-Closed","0.6576","Oyster-Closed","1.0000","7","322.1","201.6","427.8","292.8"
"blob:http://localhost:8080/7647cdfa-cde3-4601-a7ae-87300f92e81b","8","1.846","33","29","true","Oyster-Closed","0.6390","Oyster-Closed","1.0000","7","285.0","424.9","386.4","560.9"
"blob:http://localhost:8080/7647cdfa-cde3-4601-a7ae-87300f92e81b","8","1.846","33","32","true","Oyster-Open","0.5818","Oyster-Open","1.0000","7","96.5","48.6","130.4","106.7"
"blob:http://localhost:8080/7647cdfa-cde3-4601-a7ae-87300f92e81b","8","1.846","33","31","true","Oyster-Open","0.4787","Oyster-Open","1.0000","7","179.6","381.4","254.0","420.0"
"blob:http://localhost:8080/7647cdfa-cde3-4601-a7ae-87300f92e81b","8","1.846","33","33","true","Oyster-Open","0.4472","Oyster-Open","1.0000","7","348.5","263.1","382.0","315.4"
"blob:http://localhost:8080/7647cdfa-cde3-4601-a7ae-87300f92e81b","9","1.984","34","4","true","Oyster-Closed","0.8792","Oyster-Closed","1.0000","7","190.1","111.2","307.1","192.2"
"blob:http://localhost:8080/7647cdfa-cde3-4601-a7ae-87300f92e81b","9","1.984","34","2","true","Oyster-Closed","0.8741","Oyster-Closed","1.0000","7","352.1","0.4","428.6","207.2"
"blob:http://localhost:8080/7647cdfa-cde3-4601-a7ae-87300f92e81b","9","1.984","34","1","true","Oyster-Closed","0.8731","Oyster-Closed","1.0000","7","29.3","189.6","141.4","264.8"
"blob:http://localhost:8080/7647cdfa-cde3-4601-a7ae-87300f92e81b","9","1.984","34","6","true","Oyster-Closed","0.8682","Oyster-Closed","1.0000","7","209.3","535.3","304.3","640.0"
"blob:http://localhost:8080/7647cdfa-cde3-4601-a7ae-87300f92e81b","9","1.984","34","3","true","Oyster-Closed","0.8650","Oyster-Closed","1.0000","7","181.6","197.7","247.2","282.1"
"blob:http://localhost:8080/7647cdfa-cde3-4601-a7ae-87300f92e81b","9","1.984","34","10","true","Oyster-Closed","0.8577","Oyster-Closed","1.0000","7","248.5","199.1","336.0","295.0"
"blob:http://localhost:8080/7647cdfa-cde3-4601-a7ae-87300f92e81b","9","1.984","34","8","true","Oyster-Closed","0.8549","Oyster-Closed","1.0000","7","69.7","422.8","146.8","528.2"
"blob:http://localhost:8080/7647cdfa-cde3-4601-a7ae-87300f92e81b","9","1.984","34","7","true","Oyster-Closed","0.8303","Oyster-Closed","1.0000","7","261.5","39.6","330.4","99.0"
"blob:http://localhost:8080/7647cdfa-cde3-4601-a7ae-87300f92e81b","9","1.984","34","19","true","Oyster-Closed","0.8284","Oyster-Closed","1.0000","7","12.6","487.7","64.1","535.8"
"blob:http://localhost:8080/7647cdfa-cde3-4601-a7ae-87300f92e81b","9","1.984","34","11","true","Oyster-Closed","0.8240","Oyster-Closed","1.0000","7","37.5","527.1","106.6","590.2"
"blob:http://localhost:8080/7647cdfa-cde3-4601-a7ae-87300f92e81b","9","1.984","34","23","true","Oyster-Closed","0.8211","Oyster-Closed","1.0000","7","194.0","364.1","242.5","391.7"
"blob:http://localhost:8080/7647cdfa-cde3-4601-a7ae-87300f92e81b","9","1.984","34","9","true","Oyster-Closed","0.8039","Oyster-Closed","1.0000","7","219.1","408.7","256.5","447.1"
"blob:http://localhost:8080/7647cdfa-cde3-4601-a7ae-87300f92e81b","9","1.984","34","17","true","Oyster-Closed","0.7939","Oyster-Closed","1.0000","7","71.7","97.7","122.3","151.2"
"blob:http://localhost:8080/7647cdfa-cde3-4601-a7ae-87300f92e81b","9","1.984","34","15","true","Oyster-Closed","0.7894","Oyster-Closed","1.0000","7","104.8","126.9","155.4","173.1"
"blob:http://localhost:8080/7647cdfa-cde3-4601-a7ae-87300f92e81b","9","1.984","34","13","true","Oyster-Closed","0.7857","Oyster-Closed","1.0000","7","30.2","426.2","81.9","515.9"
"blob:http://localhost:8080/7647cdfa-cde3-4601-a7ae-87300f92e81b","9","1.984","34","14","true","Oyster-Open","0.7850","Oyster-Open","1.0000","7","252.9","281.9","287.8","342.4"
"blob:http://localhost:8080/7647cdfa-cde3-4601-a7ae-87300f92e81b","9","1.984","34","12","true","Oyster-Closed","0.7850","Oyster-Closed","1.0000","7","108.8","573.7","165.0","638.1"
"blob:http://localhost:8080/7647cdfa-cde3-4601-a7ae-87300f92e81b","9","1.984","34","27","true","Oyster-Closed","0.7838","Oyster-Closed","1.0000","7","82.0","526.7","154.7","575.8"
"blob:http://localhost:8080/7647cdfa-cde3-4601-a7ae-87300f92e81b","9","1.984","34","25","true","Oyster-Closed","0.7833","Oyster-Closed","1.0000","7","119.2","71.0","182.2","139.3"
"blob:http://localhost:8080/7647cdfa-cde3-4601-a7ae-87300f92e81b","9","1.984","34","16","true","Oyster-Closed","0.7763","Oyster-Closed","1.0000","7","143.2","143.0","212.6","226.5"
"blob:http://localhost:8080/7647cdfa-cde3-4601-a7ae-87300f92e81b","9","1.984","34","18","true","Oyster-Closed","0.7743","Oyster-Closed","1.0000","7","164.1","552.0","209.0","604.2"
"blob:http://localhost:8080/7647cdfa-cde3-4601-a7ae-87300f92e81b","9","1.984","34","20","true","Oyster-Closed","0.7650","Oyster-Closed","1.0000","7","229.0","47.9","275.2","82.3"
"blob:http://localhost:8080/7647cdfa-cde3-4601-a7ae-87300f92e81b","9","1.984","34","5","true","Oyster-Closed","0.7518","Oyster-Closed","1.0000","7","149.1","429.6","245.6","568.5"
"blob:http://localhost:8080/7647cdfa-cde3-4601-a7ae-87300f92e81b","9","1.984","34","21","true","Oyster-Open","0.7437","Oyster-Open","1.0000","7","151.0","212.1","186.3","258.5"
"blob:http://localhost:8080/7647cdfa-cde3-4601-a7ae-87300f92e81b","9","1.984","34","22","true","Oyster-Open","0.7272","Oyster-Open","1.0000","7","134.9","595.4","198.0","639.6"
"blob:http://localhost:8080/7647cdfa-cde3-4601-a7ae-87300f92e81b","9","1.984","34","28","true","Oyster-Closed","0.7244","Oyster-Closed","1.0000","7","85.7","-0.1","152.9","50.0"
"blob:http://localhost:8080/7647cdfa-cde3-4601-a7ae-87300f92e81b","9","1.984","34","24","true","Oyster-Open","0.6987","Oyster-Open","1.0000","7","69.6","324.0","184.9","437.0"
"blob:http://localhost:8080/7647cdfa-cde3-4601-a7ae-87300f92e81b","9","1.984","34","26","true","Oyster-Closed","0.6834","Oyster-Closed","1.0000","7","248.7","19.4","286.6","45.4"
"blob:http://localhost:8080/7647cdfa-cde3-4601-a7ae-87300f92e81b","9","1.984","34","30","true","Oyster-Closed","0.6801","Oyster-Closed","1.0000","7","320.6","201.1","428.1","291.5"
"blob:http://localhost:8080/7647cdfa-cde3-4601-a7ae-87300f92e81b","9","1.984","34","32","true","Oyster-Open","0.6033","Oyster-Open","1.0000","7","96.2","49.2","129.3","106.6"
"blob:http://localhost:8080/7647cdfa-cde3-4601-a7ae-87300f92e81b","9","1.984","34","31","true","Oyster-Closed","0.5794","Oyster-Open","0.8621","7","181.0","380.2","254.3","418.6"
"blob:http://localhost:8080/7647cdfa-cde3-4601-a7ae-87300f92e81b","9","1.984","34","29","true","Oyster-Closed","0.5112","Oyster-Closed","1.0000","7","238.5","418.2","381.5","559.6"
"blob:http://localhost:8080/7647cdfa-cde3-4601-a7ae-87300f92e81b","9","1.984","34","33","true","Oyster-Open","0.4616","Oyster-Open","1.0000","7","348.7","262.4","381.8","314.7"
"blob:http://localhost:8080/7647cdfa-cde3-4601-a7ae-87300f92e81b","9","1.984","34","34","false","Oyster-Closed","0.4291","Oyster-Closed","1.0000","2","249.0","405.6","284.6","433.4"
"blob:http://localhost:8080/7647cdfa-cde3-4601-a7ae-87300f92e81b","10","2.126","33","4","true","Oyster-Closed","0.8800","Oyster-Closed","1.0000","7","190.2","111.2","307.3","192.8"
"blob:http://localhost:8080/7647cdfa-cde3-4601-a7ae-87300f92e81b","10","2.126","33","2","true","Oyster-Closed","0.8781","Oyster-Closed","1.0000","7","352.4","0.5","428.6","206.5"
"blob:http://localhost:8080/7647cdfa-cde3-4601-a7ae-87300f92e81b","10","2.126","33","6","true","Oyster-Closed","0.8742","Oyster-Closed","1.0000","7","209.6","537.1","304.3","640.0"
"blob:http://localhost:8080/7647cdfa-cde3-4601-a7ae-87300f92e81b","10","2.126","33","1","true","Oyster-Closed","0.8738","Oyster-Closed","1.0000","7","29.2","189.8","142.5","264.6"
"blob:http://localhost:8080/7647cdfa-cde3-4601-a7ae-87300f92e81b","10","2.126","33","3","true","Oyster-Closed","0.8660","Oyster-Closed","1.0000","7","181.6","197.5","247.4","282.3"
"blob:http://localhost:8080/7647cdfa-cde3-4601-a7ae-87300f92e81b","10","2.126","33","10","true","Oyster-Closed","0.8564","Oyster-Closed","1.0000","7","249.2","198.7","336.1","295.4"
"blob:http://localhost:8080/7647cdfa-cde3-4601-a7ae-87300f92e81b","10","2.126","33","8","true","Oyster-Closed","0.8483","Oyster-Closed","1.0000","7","69.8","422.8","147.0","527.8"
"blob:http://localhost:8080/7647cdfa-cde3-4601-a7ae-87300f92e81b","10","2.126","33","7","true","Oyster-Closed","0.8299","Oyster-Closed","1.0000","7","261.6","39.7","330.6","99.1"
"blob:http://localhost:8080/7647cdfa-cde3-4601-a7ae-87300f92e81b","10","2.126","33","19","true","Oyster-Closed","0.8248","Oyster-Closed","1.0000","7","12.3","487.5","63.6","535.7"
"blob:http://localhost:8080/7647cdfa-cde3-4601-a7ae-87300f92e81b","10","2.126","33","11","true","Oyster-Closed","0.8200","Oyster-Closed","1.0000","7","38.0","527.2","106.7","590.3"
"blob:http://localhost:8080/7647cdfa-cde3-4601-a7ae-87300f92e81b","10","2.126","33","23","true","Oyster-Closed","0.8162","Oyster-Closed","1.0000","7","194.3","364.1","242.6","391.9"
"blob:http://localhost:8080/7647cdfa-cde3-4601-a7ae-87300f92e81b","10","2.126","33","17","true","Oyster-Closed","0.8031","Oyster-Closed","1.0000","7","72.2","97.5","122.0","151.4"
"blob:http://localhost:8080/7647cdfa-cde3-4601-a7ae-87300f92e81b","10","2.126","33","9","true","Oyster-Closed","0.8022","Oyster-Closed","1.0000","7","218.7","408.6","256.4","446.9"
"blob:http://localhost:8080/7647cdfa-cde3-4601-a7ae-87300f92e81b","10","2.126","33","15","true","Oyster-Closed","0.7974","Oyster-Closed","1.0000","7","104.7","126.9","155.5","173.3"
"blob:http://localhost:8080/7647cdfa-cde3-4601-a7ae-87300f92e81b","10","2.126","33","14","true","Oyster-Open","0.7973","Oyster-Open","1.0000","7","253.1","281.8","288.3","342.3"
"blob:http://localhost:8080/7647cdfa-cde3-4601-a7ae-87300f92e81b","10","2.126","33","13","true","Oyster-Closed","0.7972","Oyster-Closed","1.0000","7","30.6","424.6","82.0","516.3"
"blob:http://localhost:8080/7647cdfa-cde3-4601-a7ae-87300f92e81b","10","2.126","33","5","true","Oyster-Closed","0.7957","Oyster-Closed","1.0000","7","148.9","420.9","246.5","568.9"
"blob:http://localhost:8080/7647cdfa-cde3-4601-a7ae-87300f92e81b","10","2.126","33","16","true","Oyster-Closed","0.7908","Oyster-Closed","1.0000","7","142.9","143.0","213.0","226.9"
"blob:http://localhost:8080/7647cdfa-cde3-4601-a7ae-87300f92e81b","10","2.126","33","25","true","Oyster-Closed","0.7842","Oyster-Closed","1.0000","7","119.3","69.2","182.9","137.8"
"blob:http://localhost:8080/7647cdfa-cde3-4601-a7ae-87300f92e81b","10","2.126","33","27","true","Oyster-Closed","0.7840","Oyster-Closed","1.0000","7","83.0","526.9","154.2","575.4"
"blob:http://localhost:8080/7647cdfa-cde3-4601-a7ae-87300f92e81b","10","2.126","33","12","true","Oyster-Closed","0.7835","Oyster-Closed","1.0000","7","108.9","574.0","164.9","637.9"
"blob:http://localhost:8080/7647cdfa-cde3-4601-a7ae-87300f92e81b","10","2.126","33","18","true","Oyster-Closed","0.7761","Oyster-Closed","1.0000","7","163.9","551.7","209.0","604.4"
"blob:http://localhost:8080/7647cdfa-cde3-4601-a7ae-87300f92e81b","10","2.126","33","20","true","Oyster-Closed","0.7641","Oyster-Closed","1.0000","7","229.2","47.7","275.4","82.4"
"blob:http://localhost:8080/7647cdfa-cde3-4601-a7ae-87300f92e81b","10","2.126","33","21","true","Oyster-Open","0.7366","Oyster-Open","1.0000","7","151.2","212.1","185.9","258.2"
"blob:http://localhost:8080/7647cdfa-cde3-4601-a7ae-87300f92e81b","10","2.126","33","22","true","Oyster-Open","0.7278","Oyster-Open","1.0000","7","135.2","594.8","197.7","639.6"
"blob:http://localhost:8080/7647cdfa-cde3-4601-a7ae-87300f92e81b","10","2.126","33","28","true","Oyster-Closed","0.7233","Oyster-Closed","1.0000","7","86.3","-0.1","151.8","49.4"
"blob:http://localhost:8080/7647cdfa-cde3-4601-a7ae-87300f92e81b","10","2.126","33","30","true","Oyster-Closed","0.6846","Oyster-Closed","1.0000","7","324.0","200.9","428.1","293.3"
"blob:http://localhost:8080/7647cdfa-cde3-4601-a7ae-87300f92e81b","10","2.126","33","24","true","Oyster-Open","0.6833","Oyster-Open","1.0000","7","69.8","323.8","184.8","437.1"
"blob:http://localhost:8080/7647cdfa-cde3-4601-a7ae-87300f92e81b","10","2.126","33","26","true","Oyster-Closed","0.6694","Oyster-Closed","1.0000","7","248.3","20.1","286.1","46.1"
"blob:http://localhost:8080/7647cdfa-cde3-4601-a7ae-87300f92e81b","10","2.126","33","32","true","Oyster-Open","0.5918","Oyster-Open","1.0000","7","96.2","48.8","130.0","106.7"
"blob:http://localhost:8080/7647cdfa-cde3-4601-a7ae-87300f92e81b","10","2.126","33","31","true","Oyster-Closed","0.5305","Oyster-Open","0.7307","7","181.4","379.7","254.7","420.1"
"blob:http://localhost:8080/7647cdfa-cde3-4601-a7ae-87300f92e81b","10","2.126","33","29","true","Oyster-Closed","0.5170","Oyster-Closed","1.0000","7","282.9","424.5","388.7","560.6"
"blob:http://localhost:8080/7647cdfa-cde3-4601-a7ae-87300f92e81b","10","2.126","33","33","true","Oyster-Open","0.4713","Oyster-Open","1.0000","7","348.8","262.8","381.9","315.5"
"blob:http://localhost:8080/7647cdfa-cde3-4601-a7ae-87300f92e81b","11","2.273","34","4","true","Oyster-Closed","0.8807","Oyster-Closed","1.0000","7","190.2","111.4","306.2","192.4"
"blob:http://localhost:8080/7647cdfa-cde3-4601-a7ae-87300f92e81b","11","2.273","34","2","true","Oyster-Closed","0.8743","Oyster-Closed","1.0000","7","352.7","0.4","428.6","207.2"
"blob:http://localhost:8080/7647cdfa-cde3-4601-a7ae-87300f92e81b","11","2.273","34","1","true","Oyster-Closed","0.8729","Oyster-Closed","1.0000","7","29.3","189.9","141.6","264.2"
"blob:http://localhost:8080/7647cdfa-cde3-4601-a7ae-87300f92e81b","11","2.273","34","6","true","Oyster-Closed","0.8705","Oyster-Closed","1.0000","7","209.6","538.6","304.9","640.0"
"blob:http://localhost:8080/7647cdfa-cde3-4601-a7ae-87300f92e81b","11","2.273","34","3","true","Oyster-Closed","0.8640","Oyster-Closed","1.0000","7","182.0","197.6","247.5","282.3"
"blob:http://localhost:8080/7647cdfa-cde3-4601-a7ae-87300f92e81b","11","2.273","34","10","true","Oyster-Closed","0.8542","Oyster-Closed","1.0000","7","248.2","198.6","337.1","295.8"
"blob:http://localhost:8080/7647cdfa-cde3-4601-a7ae-87300f92e81b","11","2.273","34","8","true","Oyster-Closed","0.8483","Oyster-Closed","1.0000","7","69.8","422.8","147.6","526.6"
"blob:http://localhost:8080/7647cdfa-cde3-4601-a7ae-87300f92e81b","11","2.273","34","7","true","Oyster-Closed","0.8317","Oyster-Closed","1.0000","7","261.6","39.9","330.5","99.7"
"blob:http://localhost:8080/7647cdfa-cde3-4601-a7ae-87300f92e81b","11","2.273","34","11","true","Oyster-Closed","0.8282","Oyster-Closed","1.0000","7","37.9","526.7","107.0","590.7"
"blob:http://localhost:8080/7647cdfa-cde3-4601-a7ae-87300f92e81b","11","2.273","34","19","true","Oyster-Closed","0.8144","Oyster-Closed","1.0000","7","12.2","487.0","63.3","535.7"
"blob:http://localhost:8080/7647cdfa-cde3-4601-a7ae-87300f92e81b","11","2.273","34","5","true","Oyster-Closed","0.8107","Oyster-Closed","1.0000","7","149.0","422.6","246.8","569.3"
"blob:http://localhost:8080/7647cdfa-cde3-4601-a7ae-87300f92e81b","11","2.273","34","23","true","Oyster-Closed","0.8012","Oyster-Closed","1.0000","7","194.7","364.2","242.4","391.1"
"blob:http://localhost:8080/7647cdfa-cde3-4601-a7ae-87300f92e81b","11","2.273","34","13","true","Oyster-Closed","0.8011","Oyster-Closed","1.0000","7","30.9","424.5","81.8","516.2"
"blob:http://localhost:8080/7647cdfa-cde3-4601-a7ae-87300f92e81b","11","2.273","34","9","true","Oyster-Closed","0.8005","Oyster-Closed","1.0000","7","217.7","408.4","256.4","447.0"
"blob:http://localhost:8080/7647cdfa-cde3-4601-a7ae-87300f92e81b","11","2.273","34","15","true","Oyster-Closed","0.8004","Oyster-Closed","1.0000","7","104.6","127.2","155.4","173.8"
"blob:http://localhost:8080/7647cdfa-cde3-4601-a7ae-87300f92e81b","11","2.273","34","17","true","Oyster-Closed","0.8003","Oyster-Closed","1.0000","7","72.2","97.7","122.0","151.2"
"blob:http://localhost:8080/7647cdfa-cde3-4601-a7ae-87300f92e81b","11","2.273","34","14","true","Oyster-Open","0.7972","Oyster-Open","1.0000","7","253.0","281.9","288.1","342.4"
"blob:http://localhost:8080/7647cdfa-cde3-4601-a7ae-87300f92e81b","11","2.273","34","12","true","Oyster-Closed","0.7902","Oyster-Closed","1.0000","7","109.1","573.3","165.3","638.1"
"blob:http://localhost:8080/7647cdfa-cde3-4601-a7ae-87300f92e81b","11","2.273","34","16","true","Oyster-Closed","0.7852","Oyster-Closed","1.0000","7","143.2","143.3","212.9","226.8"
"blob:http://localhost:8080/7647cdfa-cde3-4601-a7ae-87300f92e81b","11","2.273","34","27","true","Oyster-Closed","0.7824","Oyster-Closed","1.0000","7","83.3","528.4","154.5","575.5"
"blob:http://localhost:8080/7647cdfa-cde3-4601-a7ae-87300f92e81b","11","2.273","34","18","true","Oyster-Closed","0.7802","Oyster-Closed","1.0000","7","163.7","551.7","208.8","604.3"
"blob:http://localhost:8080/7647cdfa-cde3-4601-a7ae-87300f92e81b","11","2.273","34","25","true","Oyster-Closed","0.7765","Oyster-Closed","1.0000","7","119.3","69.1","183.0","137.8"
"blob:http://localhost:8080/7647cdfa-cde3-4601-a7ae-87300f92e81b","11","2.273","34","20","true","Oyster-Closed","0.7520","Oyster-Closed","1.0000","7","229.5","47.7","276.1","82.3"
"blob:http://localhost:8080/7647cdfa-cde3-4601-a7ae-87300f92e81b","11","2.273","34","22","true","Oyster-Open","0.7360","Oyster-Open","1.0000","7","135.4","595.3","198.4","639.6"
"blob:http://localhost:8080/7647cdfa-cde3-4601-a7ae-87300f92e81b","11","2.273","34","28","true","Oyster-Closed","0.7359","Oyster-Closed","1.0000","7","85.3","-0.1","151.5","49.2"
"blob:http://localhost:8080/7647cdfa-cde3-4601-a7ae-87300f92e81b","11","2.273","34","21","true","Oyster-Open","0.7257","Oyster-Open","1.0000","7","151.5","212.0","186.4","258.6"
"blob:http://localhost:8080/7647cdfa-cde3-4601-a7ae-87300f92e81b","11","2.273","34","30","true","Oyster-Closed","0.6870","Oyster-Closed","1.0000","7","325.0","201.1","428.2","293.3"
"blob:http://localhost:8080/7647cdfa-cde3-4601-a7ae-87300f92e81b","11","2.273","34","24","true","Oyster-Open","0.6820","Oyster-Open","1.0000","7","69.9","324.3","183.6","436.8"
"blob:http://localhost:8080/7647cdfa-cde3-4601-a7ae-87300f92e81b","11","2.273","34","26","true","Oyster-Closed","0.6501","Oyster-Closed","1.0000","7","249.2","20.0","286.1","45.8"
"blob:http://localhost:8080/7647cdfa-cde3-4601-a7ae-87300f92e81b","11","2.273","34","32","true","Oyster-Open","0.5769","Oyster-Open","1.0000","7","96.2","48.5","129.5","107.0"
"blob:http://localhost:8080/7647cdfa-cde3-4601-a7ae-87300f92e81b","11","2.273","34","31","true","Oyster-Closed","0.5414","Oyster-Open","0.5913","7","181.4","379.6","255.0","419.2"
"blob:http://localhost:8080/7647cdfa-cde3-4601-a7ae-87300f92e81b","11","2.273","34","29","true","Oyster-Closed","0.5177","Oyster-Closed","1.0000","7","241.7","417.5","381.1","560.1"
"blob:http://localhost:8080/7647cdfa-cde3-4601-a7ae-87300f92e81b","11","2.273","34","33","true","Oyster-Open","0.4735","Oyster-Open","1.0000","7","348.6","262.1","381.7","315.3"
"blob:http://localhost:8080/7647cdfa-cde3-4601-a7ae-87300f92e81b","11","2.273","34","34","false","Oyster-Closed","0.4624","Oyster-Closed","1.0000","3","249.1","406.0","283.3","433.4"
"blob:http://localhost:8080/7647cdfa-cde3-4601-a7ae-87300f92e81b","12","2.411","34","4","true","Oyster-Closed","0.8847","Oyster-Closed","1.0000","7","190.2","111.5","306.2","192.2"
"blob:http://localhost:8080/7647cdfa-cde3-4601-a7ae-87300f92e81b","12","2.411","34","6","true","Oyster-Closed","0.8781","Oyster-Closed","1.0000","7","210.0","537.6","304.9","640.0"
"blob:http://localhost:8080/7647cdfa-cde3-4601-a7ae-87300f92e81b","12","2.411","34","2","true","Oyster-Closed","0.8727","Oyster-Closed","1.0000","7","352.6","0.4","428.6","207.7"
"blob:http://localhost:8080/7647cdfa-cde3-4601-a7ae-87300f92e81b","12","2.411","34","1","true","Oyster-Closed","0.8681","Oyster-Closed","1.0000","7","29.5","189.2","141.6","263.8"
"blob:http://localhost:8080/7647cdfa-cde3-4601-a7ae-87300f92e81b","12","2.411","34","3","true","Oyster-Closed","0.8639","Oyster-Closed","1.0000","7","181.8","197.6","247.5","282.3"
"blob:http://localhost:8080/7647cdfa-cde3-4601-a7ae-87300f92e81b","12","2.411","34","8","true","Oyster-Closed","0.8491","Oyster-Closed","1.0000","7","69.7","423.0","147.3","526.9"
"blob:http://localhost:8080/7647cdfa-cde3-4601-a7ae-87300f92e81b","12","2.411","34","10","true","Oyster-Closed","0.8488","Oyster-Closed","1.0000","7","247.5","197.8","336.3","297.3"
"blob:http://localhost:8080/7647cdfa-cde3-4601-a7ae-87300f92e81b","12","2.411","34","7","true","Oyster-Closed","0.8343","Oyster-Closed","1.0000","7","261.4","39.6","330.8","100.0"
"blob:http://localhost:8080/7647cdfa-cde3-4601-a7ae-87300f92e81b","12","2.411","34","11","true","Oyster-Closed","0.8285","Oyster-Closed","1.0000","7","37.8","526.9","108.0","590.3"
"blob:http://localhost:8080/7647cdfa-cde3-4601-a7ae-87300f92e81b","12","2.411","34","19","true","Oyster-Closed","0.8206","Oyster-Closed","1.0000","7","12.1","487.2","63.9","535.8"
"blob:http://localhost:8080/7647cdfa-cde3-4601-a7ae-87300f92e81b","12","2.411","34","5","true","Oyster-Closed","0.8166","Oyster-Closed","1.0000","7","149.0","429.4","246.4","569.1"
"blob:http://localhost:8080/7647cdfa-cde3-4601-a7ae-87300f92e81b","12","2.411","34","23","true","Oyster-Closed","0.8094","Oyster-Closed","1.0000","7","195.4","363.4","243.1","390.7"
"blob:http://localhost:8080/7647cdfa-cde3-4601-a7ae-87300f92e81b","12","2.411","34","17","true","Oyster-Closed","0.8075","Oyster-Closed","1.0000","7","71.9","97.9","122.1","151.3"
"blob:http://localhost:8080/7647cdfa-cde3-4601-a7ae-87300f92e81b","12","2.411","34","13","true","Oyster-Closed","0.8054","Oyster-Closed","1.0000","7","30.3","423.4","81.8","515.9"
"blob:http://localhost:8080/7647cdfa-cde3-4601-a7ae-87300f92e81b","12","2.411","34","15","true","Oyster-Closed","0.7971","Oyster-Closed","1.0000","7","104.8","126.2","155.6","174.1"
"blob:http://localhost:8080/7647cdfa-cde3-4601-a7ae-87300f92e81b","12","2.411","34","9","true","Oyster-Closed","0.7957","Oyster-Closed","1.0000","7","217.3","408.3","256.8","447.3"
"blob:http://localhost:8080/7647cdfa-cde3-4601-a7ae-87300f92e81b","12","2.411","34","14","true","Oyster-Open","0.7956","Oyster-Open","1.0000","7","253.1","282.4","288.0","342.6"
"blob:http://localhost:8080/7647cdfa-cde3-4601-a7ae-87300f92e81b","12","2.411","34","12","true","Oyster-Closed","0.7942","Oyster-Closed","1.0000","7","108.8","573.3","165.5","638.5"
"blob:http://localhost:8080/7647cdfa-cde3-4601-a7ae-87300f92e81b","12","2.411","34","16","true","Oyster-Closed","0.7919","Oyster-Closed","1.0000","7","143.1","143.5","212.9","226.6"
"blob:http://localhost:8080/7647cdfa-cde3-4601-a7ae-87300f92e81b","12","2.411","34","25","true","Oyster-Closed","0.7843","Oyster-Closed","1.0000","7","118.9","70.7","184.3","139.1"
"blob:http://localhost:8080/7647cdfa-cde3-4601-a7ae-87300f92e81b","12","2.411","34","18","true","Oyster-Closed","0.7758","Oyster-Closed","1.0000","7","163.6","551.6","208.8","604.1"
"blob:http://localhost:8080/7647cdfa-cde3-4601-a7ae-87300f92e81b","12","2.411","34","27","true","Oyster-Closed","0.7619","Oyster-Closed","1.0000","7","83.0","526.7","154.5","575.7"
"blob:http://localhost:8080/7647cdfa-cde3-4601-a7ae-87300f92e81b","12","2.411","34","20","true","Oyster-Closed","0.7457","Oyster-Closed","1.0000","7","229.5","47.7","276.4","82.1"
"blob:http://localhost:8080/7647cdfa-cde3-4601-a7ae-87300f92e81b","12","2.411","34","28","true","Oyster-Closed","0.7390","Oyster-Closed","1.0000","7","85.2","-0.0","150.1","49.2"
"blob:http://localhost:8080/7647cdfa-cde3-4601-a7ae-87300f92e81b","12","2.411","34","22","true","Oyster-Open","0.7366","Oyster-Open","1.0000","7","135.3","594.9","199.2","639.6"
"blob:http://localhost:8080/7647cdfa-cde3-4601-a7ae-87300f92e81b","12","2.411","34","21","true","Oyster-Open","0.7187","Oyster-Open","1.0000","7","151.4","211.6","186.8","258.9"
"blob:http://localhost:8080/7647cdfa-cde3-4601-a7ae-87300f92e81b","12","2.411","34","30","true","Oyster-Closed","0.6872","Oyster-Closed","1.0000","7","323.9","202.0","428.7","293.2"
"blob:http://localhost:8080/7647cdfa-cde3-4601-a7ae-87300f92e81b","12","2.411","34","24","true","Oyster-Open","0.6865","Oyster-Open","1.0000","7","69.7","324.4","182.9","437.7"
"blob:http://localhost:8080/7647cdfa-cde3-4601-a7ae-87300f92e81b","12","2.411","34","26","true","Oyster-Closed","0.6302","Oyster-Closed","1.0000","7","250.2","20.0","286.3","45.6"
"blob:http://localhost:8080/7647cdfa-cde3-4601-a7ae-87300f92e81b","12","2.411","34","32","true","Oyster-Open","0.5760","Oyster-Open","1.0000","7","96.2","48.9","129.9","106.8"
"blob:http://localhost:8080/7647cdfa-cde3-4601-a7ae-87300f92e81b","12","2.411","34","31","true","Oyster-Closed","0.5090","Oyster-Open","0.4533","7","181.0","379.7","255.3","418.4"
"blob:http://localhost:8080/7647cdfa-cde3-4601-a7ae-87300f92e81b","12","2.411","34","29","true","Oyster-Closed","0.4969","Oyster-Closed","1.0000","7","283.6","424.7","398.3","561.2"
"blob:http://localhost:8080/7647cdfa-cde3-4601-a7ae-87300f92e81b","12","2.411","34","33","true","Oyster-Open","0.4545","Oyster-Open","1.0000","7","348.5","263.1","380.1","315.5"
"blob:http://localhost:8080/7647cdfa-cde3-4601-a7ae-87300f92e81b","12","2.411","34","34","false","Oyster-Closed","0.4274","Oyster-Closed","1.0000","4","249.3","405.8","284.0","433.1"
"blob:http://localhost:8080/7647cdfa-cde3-4601-a7ae-87300f92e81b","13","2.557","34","4","true","Oyster-Closed","0.8862","Oyster-Closed","1.0000","7","190.4","111.6","306.8","191.7"
"blob:http://localhost:8080/7647cdfa-cde3-4601-a7ae-87300f92e81b","13","2.557","34","6","true","Oyster-Closed","0.8732","Oyster-Closed","1.0000","7","210.0","538.3","304.5","640.0"
"blob:http://localhost:8080/7647cdfa-cde3-4601-a7ae-87300f92e81b","13","2.557","34","2","true","Oyster-Closed","0.8722","Oyster-Closed","1.0000","7","352.5","0.5","428.7","207.3"
"blob:http://localhost:8080/7647cdfa-cde3-4601-a7ae-87300f92e81b","13","2.557","34","3","true","Oyster-Closed","0.8681","Oyster-Closed","1.0000","7","181.7","197.4","248.0","282.1"
"blob:http://localhost:8080/7647cdfa-cde3-4601-a7ae-87300f92e81b","13","2.557","34","1","true","Oyster-Closed","0.8640","Oyster-Closed","1.0000","7","29.4","188.4","140.9","264.2"
"blob:http://localhost:8080/7647cdfa-cde3-4601-a7ae-87300f92e81b","13","2.557","34","10","true","Oyster-Closed","0.8599","Oyster-Closed","1.0000","7","248.5","197.7","336.9","297.4"
"blob:http://localhost:8080/7647cdfa-cde3-4601-a7ae-87300f92e81b","13","2.557","34","8","true","Oyster-Closed","0.8492","Oyster-Closed","1.0000","7","69.6","422.6","147.5","526.9"
"blob:http://localhost:8080/7647cdfa-cde3-4601-a7ae-87300f92e81b","13","2.557","34","7","true","Oyster-Closed","0.8362","Oyster-Closed","1.0000","7","261.6","39.1","330.7","100.7"
"blob:http://localhost:8080/7647cdfa-cde3-4601-a7ae-87300f92e81b","13","2.557","34","11","true","Oyster-Closed","0.8196","Oyster-Closed","1.0000","7","37.9","527.0","106.6","590.1"
"blob:http://localhost:8080/7647cdfa-cde3-4601-a7ae-87300f92e81b","13","2.557","34","23","true","Oyster-Closed","0.8123","Oyster-Closed","1.0000","7","194.7","364.3","242.9","391.6"
"blob:http://localhost:8080/7647cdfa-cde3-4601-a7ae-87300f92e81b","13","2.557","34","19","true","Oyster-Closed","0.8081","Oyster-Closed","1.0000","7","12.2","487.2","62.9","535.6"
"blob:http://localhost:8080/7647cdfa-cde3-4601-a7ae-87300f92e81b","13","2.557","34","17","true","Oyster-Closed","0.8072","Oyster-Closed","1.0000","7","72.0","97.7","122.2","151.1"
"blob:http://localhost:8080/7647cdfa-cde3-4601-a7ae-87300f92e81b","13","2.557","34","13","true","Oyster-Closed","0.8024","Oyster-Closed","1.0000","7","30.6","424.4","81.3","515.9"
"blob:http://localhost:8080/7647cdfa-cde3-4601-a7ae-87300f92e81b","13","2.557","34","9","true","Oyster-Closed","0.7962","Oyster-Closed","1.0000","7","217.5","408.3","256.8","447.6"
"blob:http://localhost:8080/7647cdfa-cde3-4601-a7ae-87300f92e81b","13","2.557","34","12","true","Oyster-Closed","0.7918","Oyster-Closed","1.0000","7","108.8","573.7","165.6","638.0"
"blob:http://localhost:8080/7647cdfa-cde3-4601-a7ae-87300f92e81b","13","2.557","34","16","true","Oyster-Closed","0.7909","Oyster-Closed","1.0000","7","143.3","143.4","212.8","226.8"
"blob:http://localhost:8080/7647cdfa-cde3-4601-a7ae-87300f92e81b","13","2.557","34","15","true","Oyster-Closed","0.7870","Oyster-Closed","1.0000","7","104.3","127.1","155.4","174.0"
"blob:http://localhost:8080/7647cdfa-cde3-4601-a7ae-87300f92e81b","13","2.557","34","18","true","Oyster-Closed","0.7858","Oyster-Closed","1.0000","7","163.6","551.5","209.0","604.6"
"blob:http://localhost:8080/7647cdfa-cde3-4601-a7ae-87300f92e81b","13","2.557","34","5","true","Oyster-Closed","0.7825","Oyster-Closed","1.0000","7","149.2","424.1","246.5","569.3"
"blob:http://localhost:8080/7647cdfa-cde3-4601-a7ae-87300f92e81b","13","2.557","34","14","true","Oyster-Open","0.7802","Oyster-Open","1.0000","7","253.2","282.7","288.1","343.0"
"blob:http://localhost:8080/7647cdfa-cde3-4601-a7ae-87300f92e81b","13","2.557","34","25","true","Oyster-Closed","0.7780","Oyster-Closed","1.0000","7","119.5","70.0","183.6","137.9"
"blob:http://localhost:8080/7647cdfa-cde3-4601-a7ae-87300f92e81b","13","2.557","34","27","true","Oyster-Closed","0.7599","Oyster-Closed","1.0000","7","83.0","527.9","154.4","576.0"
"blob:http://localhost:8080/7647cdfa-cde3-4601-a7ae-87300f92e81b","13","2.557","34","20","true","Oyster-Closed","0.7435","Oyster-Closed","1.0000","7","229.4","47.7","276.1","82.1"
"blob:http://localhost:8080/7647cdfa-cde3-4601-a7ae-87300f92e81b","13","2.557","34","21","true","Oyster-Open","0.7418","Oyster-Open","1.0000","7","151.2","211.5","186.3","258.9"
"blob:http://localhost:8080/7647cdfa-cde3-4601-a7ae-87300f92e81b","13","2.557","34","28","true","Oyster-Closed","0.7413","Oyster-Closed","1.0000","7","85.8","-0.1","150.3","49.7"
"blob:http://localhost:8080/7647cdfa-cde3-4601-a7ae-87300f92e81b","13","2.557","34","22","true","Oyster-Open","0.7392","Oyster-Open","1.0000","7","136.0","593.8","200.3","639.7"
"blob:http://localhost:8080/7647cdfa-cde3-4601-a7ae-87300f92e81b","13","2.557","34","24","true","Oyster-Open","0.7003","Oyster-Open","1.0000","7","70.0","324.6","184.3","439.0"
"blob:http://localhost:8080/7647cdfa-cde3-4601-a7ae-87300f92e81b","13","2.557","34","30","true","Oyster-Closed","0.6998","Oyster-Closed","1.0000","7","323.2","202.5","428.8","294.0"
"blob:http://localhost:8080/7647cdfa-cde3-4601-a7ae-87300f92e81b","13","2.557","34","26","true","Oyster-Closed","0.6812","Oyster-Closed","1.0000","7","249.1","20.2","287.2","45.9"
"blob:http://localhost:8080/7647cdfa-cde3-4601-a7ae-87300f92e81b","13","2.557","34","32","true","Oyster-Open","0.5847","Oyster-Open","1.0000","7","96.5","48.7","130.1","107.1"
"blob:http://localhost:8080/7647cdfa-cde3-4601-a7ae-87300f92e81b","13","2.557","34","29","true","Oyster-Closed","0.5714","Oyster-Closed","1.0000","7","283.2","423.3","394.8","561.0"
"blob:http://localhost:8080/7647cdfa-cde3-4601-a7ae-87300f92e81b","13","2.557","34","31","true","Oyster-Open","0.4746","Oyster-Open","0.4303","7","180.8","381.1","254.4","419.5"
"blob:http://localhost:8080/7647cdfa-cde3-4601-a7ae-87300f92e81b","13","2.557","34","33","true","Oyster-Open","0.4535","Oyster-Open","1.0000","7","348.6","263.8","379.4","314.5"
"blob:http://localhost:8080/7647cdfa-cde3-4601-a7ae-87300f92e81b","13","2.557","34","34","true","Oyster-Closed","0.4201","Oyster-Closed","1.0000","5","249.2","405.9","284.2","433.2"
"blob:http://localhost:8080/7647cdfa-cde3-4601-a7ae-87300f92e81b","14","2.705","33","4","true","Oyster-Closed","0.8855","Oyster-Closed","1.0000","7","190.2","111.4","306.1","191.3"
"blob:http://localhost:8080/7647cdfa-cde3-4601-a7ae-87300f92e81b","14","2.705","33","2","true","Oyster-Closed","0.8739","Oyster-Closed","1.0000","7","352.2","0.4","428.8","207.9"
"blob:http://localhost:8080/7647cdfa-cde3-4601-a7ae-87300f92e81b","14","2.705","33","6","true","Oyster-Closed","0.8718","Oyster-Closed","1.0000","7","209.9","536.4","306.0","639.9"
"blob:http://localhost:8080/7647cdfa-cde3-4601-a7ae-87300f92e81b","14","2.705","33","3","true","Oyster-Closed","0.8640","Oyster-Closed","1.0000","7","181.9","197.6","248.0","282.2"
"blob:http://localhost:8080/7647cdfa-cde3-4601-a7ae-87300f92e81b","14","2.705","33","10","true","Oyster-Closed","0.8580","Oyster-Closed","1.0000","7","248.6","197.6","337.7","296.7"
"blob:http://localhost:8080/7647cdfa-cde3-4601-a7ae-87300f92e81b","14","2.705","33","1","true","Oyster-Closed","0.8526","Oyster-Closed","1.0000","7","29.3","187.9","141.5","264.0"
"blob:http://localhost:8080/7647cdfa-cde3-4601-a7ae-87300f92e81b","14","2.705","33","8","true","Oyster-Closed","0.8481","Oyster-Closed","1.0000","7","69.7","422.2","148.5","527.2"
"blob:http://localhost:8080/7647cdfa-cde3-4601-a7ae-87300f92e81b","14","2.705","33","7","true","Oyster-Closed","0.8376","Oyster-Closed","1.0000","7","261.3","39.6","330.1","100.4"
"blob:http://localhost:8080/7647cdfa-cde3-4601-a7ae-87300f92e81b","14","2.705","33","5","true","Oyster-Closed","0.8262","Oyster-Closed","1.0000","7","149.2","429.8","246.0","568.8"
"blob:http://localhost:8080/7647cdfa-cde3-4601-a7ae-87300f92e81b","14","2.705","33","19","true","Oyster-Closed","0.8209","Oyster-Closed","1.0000","7","12.7","487.5","63.5","535.5"
"blob:http://localhost:8080/7647cdfa-cde3-4601-a7ae-87300f92e81b","14","2.705","33","11","true","Oyster-Closed","0.8174","Oyster-Closed","1.0000","7","38.0","527.3","107.5","590.1"
"blob:http://localhost:8080/7647cdfa-cde3-4601-a7ae-87300f92e81b","14","2.705","33","17","true","Oyster-Closed","0.8050","Oyster-Closed","1.0000","7","72.1","98.1","122.3","151.8"
"blob:http://localhost:8080/7647cdfa-cde3-4601-a7ae-87300f92e81b","14","2.705","33","16","true","Oyster-Closed","0.8011","Oyster-Closed","1.0000","7","143.7","143.1","213.2","226.5"
"blob:http://localhost:8080/7647cdfa-cde3-4601-a7ae-87300f92e81b","14","2.705","33","9","true","Oyster-Closed","0.7967","Oyster-Closed","1.0000","7","216.7","408.6","256.4","447.2"
"blob:http://localhost:8080/7647cdfa-cde3-4601-a7ae-87300f92e81b","14","2.705","33","13","true","Oyster-Closed","0.7966","Oyster-Closed","1.0000","7","30.1","425.3","81.6","516.0"
"blob:http://localhost:8080/7647cdfa-cde3-4601-a7ae-87300f92e81b","14","2.705","33","23","true","Oyster-Closed","0.7935","Oyster-Closed","1.0000","7","195.0","364.4","242.8","391.7"
"blob:http://localhost:8080/7647cdfa-cde3-4601-a7ae-87300f92e81b","14","2.705","33","15","true","Oyster-Closed","0.7898","Oyster-Closed","1.0000","7","103.4","127.7","155.2","173.8"
"blob:http://localhost:8080/7647cdfa-cde3-4601-a7ae-87300f92e81b","14","2.705","33","14","true","Oyster-Open","0.7854","Oyster-Open","1.0000","7","253.1","282.2","288.1","342.9"
"blob:http://localhost:8080/7647cdfa-cde3-4601-a7ae-87300f92e81b","14","2.705","33","12","true","Oyster-Closed","0.7824","Oyster-Closed","1.0000","7","108.7","573.7","165.8","638.2"
"blob:http://localhost:8080/7647cdfa-cde3-4601-a7ae-87300f92e81b","14","2.705","33","18","true","Oyster-Closed","0.7815","Oyster-Closed","1.0000","7","163.4","551.5","209.0","605.2"
"blob:http://localhost:8080/7647cdfa-cde3-4601-a7ae-87300f92e81b","14","2.705","33","25","true","Oyster-Closed","0.7802","Oyster-Closed","1.0000","7","119.3","70.0","183.4","137.4"
"blob:http://localhost:8080/7647cdfa-cde3-4601-a7ae-87300f92e81b","14","2.705","33","27","true","Oyster-Closed","0.7744","Oyster-Closed","1.0000","7","83.4","526.8","154.0","575.5"
"blob:http://localhost:8080/7647cdfa-cde3-4601-a7ae-87300f92e81b","14","2.705","33","20","true","Oyster-Closed","0.7570","Oyster-Closed","1.0000","7","229.4","47.6","276.2","82.3"
"blob:http://localhost:8080/7647cdfa-cde3-4601-a7ae-87300f92e81b","14","2.705","33","21","true","Oyster-Open","0.7438","Oyster-Open","1.0000","7","151.3","212.0","186.2","258.6"
"blob:http://localhost:8080/7647cdfa-cde3-4601-a7ae-87300f92e81b","14","2.705","33","28","true","Oyster-Closed","0.7401","Oyster-Closed","1.0000","7","86.1","-0.1","149.1","48.9"
"blob:http://localhost:8080/7647cdfa-cde3-4601-a7ae-87300f92e81b","14","2.705","33","22","true","Oyster-Open","0.7268","Oyster-Open","1.0000","7","135.5","595.0","197.9","639.6"
"blob:http://localhost:8080/7647cdfa-cde3-4601-a7ae-87300f92e81b","14","2.705","33","30","true","Oyster-Closed","0.7245","Oyster-Closed","1.0000","7","323.5","202.1","429.1","294.1"
"blob:http://localhost:8080/7647cdfa-cde3-4601-a7ae-87300f92e81b","14","2.705","33","24","true","Oyster-Open","0.6890","Oyster-Open","1.0000","7","70.0","324.6","183.6","439.2"
"blob:http://localhost:8080/7647cdfa-cde3-4601-a7ae-87300f92e81b","14","2.705","33","26","true","Oyster-Closed","0.6885","Oyster-Closed","1.0000","7","249.4","19.8","288.2","46.2"
"blob:http://localhost:8080/7647cdfa-cde3-4601-a7ae-87300f92e81b","14","2.705","33","32","true","Oyster-Open","0.5786","Oyster-Open","1.0000","7","96.5","48.4","130.0","107.1"
"blob:http://localhost:8080/7647cdfa-cde3-4601-a7ae-87300f92e81b","14","2.705","33","31","true","Oyster-Open","0.5549","Oyster-Open","0.4111","7","180.6","380.9","254.1","421.3"
"blob:http://localhost:8080/7647cdfa-cde3-4601-a7ae-87300f92e81b","14","2.705","33","29","true","Oyster-Closed","0.5287","Oyster-Closed","1.0000","7","283.2","424.5","397.4","560.9"
"blob:http://localhost:8080/7647cdfa-cde3-4601-a7ae-87300f92e81b","14","2.705","33","33","true","Oyster-Open","0.4543","Oyster-Open","1.0000","7","348.6","264.1","379.8","315.1"
"blob:http://localhost:8080/7647cdfa-cde3-4601-a7ae-87300f92e81b","15","2.852","34","4","true","Oyster-Closed","0.8846","Oyster-Closed","1.0000","7","190.3","111.4","306.7","191.4"
"blob:http://localhost:8080/7647cdfa-cde3-4601-a7ae-87300f92e81b","15","2.852","34","2","true","Oyster-Closed","0.8758","Oyster-Closed","1.0000","7","352.3","0.4","428.8","208.0"
"blob:http://localhost:8080/7647cdfa-cde3-4601-a7ae-87300f92e81b","15","2.852","34","6","true","Oyster-Closed","0.8708","Oyster-Closed","1.0000","7","209.6","536.1","305.1","640.0"
"blob:http://localhost:8080/7647cdfa-cde3-4601-a7ae-87300f92e81b","15","2.852","34","3","true","Oyster-Closed","0.8628","Oyster-Closed","1.0000","7","182.0","197.7","247.8","282.2"
"blob:http://localhost:8080/7647cdfa-cde3-4601-a7ae-87300f92e81b","15","2.852","34","1","true","Oyster-Closed","0.8548","Oyster-Closed","1.0000","7","28.9","188.9","140.2","264.4"
"blob:http://localhost:8080/7647cdfa-cde3-4601-a7ae-87300f92e81b","15","2.852","34","8","true","Oyster-Closed","0.8475","Oyster-Closed","1.0000","7","69.7","422.5","148.2","527.6"
"blob:http://localhost:8080/7647cdfa-cde3-4601-a7ae-87300f92e81b","15","2.852","34","10","true","Oyster-Closed","0.8446","Oyster-Closed","1.0000","7","248.2","198.1","337.3","292.2"
"blob:http://localhost:8080/7647cdfa-cde3-4601-a7ae-87300f92e81b","15","2.852","34","7","true","Oyster-Closed","0.8403","Oyster-Closed","1.0000","7","261.6","40.5","329.9","100.3"
"blob:http://localhost:8080/7647cdfa-cde3-4601-a7ae-87300f92e81b","15","2.852","34","23","true","Oyster-Closed","0.8223","Oyster-Closed","1.0000","7","194.2","364.2","243.7","392.1"
"blob:http://localhost:8080/7647cdfa-cde3-4601-a7ae-87300f92e81b","15","2.852","34","11","true","Oyster-Closed","0.8223","Oyster-Closed","1.0000","7","38.1","527.2","106.4","590.1"
"blob:http://localhost:8080/7647cdfa-cde3-4601-a7ae-87300f92e81b","15","2.852","34","16","true","Oyster-Closed","0.8158","Oyster-Closed","1.0000","7","144.3","143.3","213.5","225.5"
"blob:http://localhost:8080/7647cdfa-cde3-4601-a7ae-87300f92e81b","15","2.852","34","17","true","Oyster-Closed","0.8065","Oyster-Closed","1.0000","7","72.4","98.9","122.2","152.0"
"blob:http://localhost:8080/7647cdfa-cde3-4601-a7ae-87300f92e81b","15","2.852","34","9","true","Oyster-Closed","0.8025","Oyster-Closed","1.0000","7","216.2","408.4","256.3","447.1"
"blob:http://localhost:8080/7647cdfa-cde3-4601-a7ae-87300f92e81b","15","2.852","34","19","true","Oyster-Closed","0.8004","Oyster-Closed","1.0000","7","13.0","487.9","63.3","535.9"
"blob:http://localhost:8080/7647cdfa-cde3-4601-a7ae-87300f92e81b","15","2.852","34","5","true","Oyster-Closed","0.8001","Oyster-Closed","1.0000","7","148.6","422.2","245.6","569.0"
"blob:http://localhost:8080/7647cdfa-cde3-4601-a7ae-87300f92e81b","15","2.852","34","13","true","Oyster-Closed","0.7969","Oyster-Closed","1.0000","7","29.5","423.9","82.6","515.6"
"blob:http://localhost:8080/7647cdfa-cde3-4601-a7ae-87300f92e81b","15","2.852","34","15","true","Oyster-Closed","0.7958","Oyster-Closed","1.0000","7","103.5","128.5","155.3","173.9"
"blob:http://localhost:8080/7647cdfa-cde3-4601-a7ae-87300f92e81b","15","2.852","34","12","true","Oyster-Closed","0.7856","Oyster-Closed","1.0000","7","108.8","573.3","166.5","638.2"
"blob:http://localhost:8080/7647cdfa-cde3-4601-a7ae-87300f92e81b","15","2.852","34","27","true","Oyster-Closed","0.7772","Oyster-Closed","1.0000","7","82.7","528.2","154.7","575.5"
"blob:http://localhost:8080/7647cdfa-cde3-4601-a7ae-87300f92e81b","15","2.852","34","18","true","Oyster-Closed","0.7764","Oyster-Closed","1.0000","7","163.6","551.9","208.6","604.5"
"blob:http://localhost:8080/7647cdfa-cde3-4601-a7ae-87300f92e81b","15","2.852","34","25","true","Oyster-Closed","0.7720","Oyster-Closed","1.0000","7","119.2","70.3","184.9","138.3"
"blob:http://localhost:8080/7647cdfa-cde3-4601-a7ae-87300f92e81b","15","2.852","34","14","true","Oyster-Open","0.7716","Oyster-Open","1.0000","7","253.6","282.2","288.8","342.8"
"blob:http://localhost:8080/7647cdfa-cde3-4601-a7ae-87300f92e81b","15","2.852","34","20","true","Oyster-Closed","0.7603","Oyster-Closed","1.0000","7","229.9","47.5","276.8","82.5"
"blob:http://localhost:8080/7647cdfa-cde3-4601-a7ae-87300f92e81b","15","2.852","34","30","true","Oyster-Closed","0.7442","Oyster-Closed","1.0000","7","321.8","202.4","428.9","294.8"
"blob:http://localhost:8080/7647cdfa-cde3-4601-a7ae-87300f92e81b","15","2.852","34","28","true","Oyster-Closed","0.7442","Oyster-Closed","1.0000","7","86.0","-0.1","149.9","49.2"
"blob:http://localhost:8080/7647cdfa-cde3-4601-a7ae-87300f92e81b","15","2.852","34","22","true","Oyster-Open","0.7368","Oyster-Open","1.0000","7","135.3","594.9","198.6","639.6"
"blob:http://localhost:8080/7647cdfa-cde3-4601-a7ae-87300f92e81b","15","2.852","34","21","true","Oyster-Open","0.7323","Oyster-Open","1.0000","7","151.3","211.9","186.5","259.0"
"blob:http://localhost:8080/7647cdfa-cde3-4601-a7ae-87300f92e81b","15","2.852","34","24","true","Oyster-Open","0.6856","Oyster-Open","1.0000","7","70.6","324.1","181.9","438.4"
"blob:http://localhost:8080/7647cdfa-cde3-4601-a7ae-87300f92e81b","15","2.852","34","26","true","Oyster-Closed","0.6788","Oyster-Closed","1.0000","7","249.7","19.6","288.7","46.0"
"blob:http://localhost:8080/7647cdfa-cde3-4601-a7ae-87300f92e81b","15","2.852","34","31","true","Oyster-Open","0.6203","Oyster-Open","0.4330","7","180.8","380.2","252.1","420.9"
"blob:http://localhost:8080/7647cdfa-cde3-4601-a7ae-87300f92e81b","15","2.852","34","32","true","Oyster-Open","0.5980","Oyster-Open","1.0000","7","96.5","49.3","130.1","106.5"
"blob:http://localhost:8080/7647cdfa-cde3-4601-a7ae-87300f92e81b","15","2.852","34","29","true","Oyster-Closed","0.5413","Oyster-Closed","1.0000","7","283.3","425.4","393.8","560.4"
"blob:http://localhost:8080/7647cdfa-cde3-4601-a7ae-87300f92e81b","15","2.852","34","33","true","Oyster-Open","0.4493","Oyster-Open","1.0000","7","348.9","263.8","380.0","315.1"
"blob:http://localhost:8080/7647cdfa-cde3-4601-a7ae-87300f92e81b","15","2.852","34","34","true","Oyster-Closed","0.4236","Oyster-Closed","1.0000","6","249.2","406.0","284.3","433.7"
"blob:http://localhost:8080/7647cdfa-cde3-4601-a7ae-87300f92e81b","16","2.993","33","4","true","Oyster-Closed","0.8790","Oyster-Closed","1.0000","7","190.1","111.1","306.5","191.8"
"blob:http://localhost:8080/7647cdfa-cde3-4601-a7ae-87300f92e81b","16","2.993","33","2","true","Oyster-Closed","0.8711","Oyster-Closed","1.0000","7","352.5","0.4","428.7","207.8"
"blob:http://localhost:8080/7647cdfa-cde3-4601-a7ae-87300f92e81b","16","2.993","33","6","true","Oyster-Closed","0.8701","Oyster-Closed","1.0000","7","209.5","536.1","305.3","640.0"
"blob:http://localhost:8080/7647cdfa-cde3-4601-a7ae-87300f92e81b","16","2.993","33","3","true","Oyster-Closed","0.8657","Oyster-Closed","1.0000","7","181.9","197.4","247.6","282.6"
"blob:http://localhost:8080/7647cdfa-cde3-4601-a7ae-87300f92e81b","16","2.993","33","1","true","Oyster-Closed","0.8585","Oyster-Closed","1.0000","7","29.3","188.6","139.6","264.0"
"blob:http://localhost:8080/7647cdfa-cde3-4601-a7ae-87300f92e81b","16","2.993","33","8","true","Oyster-Closed","0.8544","Oyster-Closed","1.0000","7","69.4","422.3","147.7","528.0"
"blob:http://localhost:8080/7647cdfa-cde3-4601-a7ae-87300f92e81b","16","2.993","33","7","true","Oyster-Closed","0.8400","Oyster-Closed","1.0000","7","261.4","40.1","330.0","99.3"
"blob:http://localhost:8080/7647cdfa-cde3-4601-a7ae-87300f92e81b","16","2.993","33","23","true","Oyster-Closed","0.8231","Oyster-Closed","1.0000","7","194.5","364.1","243.6","392.4"
"blob:http://localhost:8080/7647cdfa-cde3-4601-a7ae-87300f92e81b","16","2.993","33","10","true","Oyster-Closed","0.8208","Oyster-Closed","1.0000","7","248.9","199.3","336.4","293.0"
"blob:http://localhost:8080/7647cdfa-cde3-4601-a7ae-87300f92e81b","16","2.993","33","17","true","Oyster-Closed","0.8180","Oyster-Closed","1.0000","7","72.0","98.5","122.2","151.8"
"blob:http://localhost:8080/7647cdfa-cde3-4601-a7ae-87300f92e81b","16","2.993","33","11","true","Oyster-Closed","0.8169","Oyster-Closed","1.0000","7","37.8","526.9","106.6","590.1"
"blob:http://localhost:8080/7647cdfa-cde3-4601-a7ae-87300f92e81b","16","2.993","33","19","true","Oyster-Closed","0.8167","Oyster-Closed","1.0000","7","13.0","488.0","63.8","536.0"
"blob:http://localhost:8080/7647cdfa-cde3-4601-a7ae-87300f92e81b","16","2.993","33","9","true","Oyster-Closed","0.8111","Oyster-Closed","1.0000","7","217.4","408.1","256.2","447.1"
"blob:http://localhost:8080/7647cdfa-cde3-4601-a7ae-87300f92e81b","16","2.993","33","5","true","Oyster-Closed","0.8106","Oyster-Closed","1.0000","7","148.9","422.7","245.8","569.1"
"blob:http://localhost:8080/7647cdfa-cde3-4601-a7ae-87300f92e81b","16","2.993","33","16","true","Oyster-Closed","0.8081","Oyster-Closed","1.0000","7","144.4","143.1","212.9","225.7"
"blob:http://localhost:8080/7647cdfa-cde3-4601-a7ae-87300f92e81b","16","2.993","33","15","true","Oyster-Closed","0.7909","Oyster-Closed","1.0000","7","104.0","127.6","155.5","173.9"
"blob:http://localhost:8080/7647cdfa-cde3-4601-a7ae-87300f92e81b","16","2.993","33","13","true","Oyster-Closed","0.7892","Oyster-Closed","1.0000","7","29.5","423.2","81.9","516.0"
"blob:http://localhost:8080/7647cdfa-cde3-4601-a7ae-87300f92e81b","16","2.993","33","12","true","Oyster-Closed","0.7883","Oyster-Closed","1.0000","7","108.8","573.6","166.5","638.3"
"blob:http://localhost:8080/7647cdfa-cde3-4601-a7ae-87300f92e81b","16","2.993","33","14","true","Oyster-Open","0.7837","Oyster-Open","1.0000","7","253.1","281.9","288.9","342.7"
"blob:http://localhost:8080/7647cdfa-cde3-4601-a7ae-87300f92e81b","16","2.993","33","27","true","Oyster-Closed","0.7824","Oyster-Closed","1.0000","7","82.4","526.3","154.7","575.8"
"blob:http://localhost:8080/7647cdfa-cde3-4601-a7ae-87300f92e81b","16","2.993","33","18","true","Oyster-Closed","0.7730","Oyster-Closed","1.0000","7","163.6","551.6","208.8","604.3"
"blob:http://localhost:8080/7647cdfa-cde3-4601-a7ae-87300f92e81b","16","2.993","33","25","true","Oyster-Closed","0.7727","Oyster-Closed","1.0000","7","119.2","69.0","182.7","137.9"
"blob:http://localhost:8080/7647cdfa-cde3-4601-a7ae-87300f92e81b","16","2.993","33","20","true","Oyster-Closed","0.7631","Oyster-Closed","1.0000","7","230.3","47.2","277.9","82.1"
"blob:http://localhost:8080/7647cdfa-cde3-4601-a7ae-87300f92e81b","16","2.993","33","22","true","Oyster-Open","0.7373","Oyster-Open","1.0000","7","135.3","594.9","198.4","639.6"
"blob:http://localhost:8080/7647cdfa-cde3-4601-a7ae-87300f92e81b","16","2.993","33","30","true","Oyster-Closed","0.7298","Oyster-Closed","1.0000","7","321.4","202.4","429.0","293.4"
"blob:http://localhost:8080/7647cdfa-cde3-4601-a7ae-87300f92e81b","16","2.993","33","28","true","Oyster-Closed","0.7259","Oyster-Closed","1.0000","7","86.5","-0.1","151.3","49.6"
"blob:http://localhost:8080/7647cdfa-cde3-4601-a7ae-87300f92e81b","16","2.993","33","24","true","Oyster-Open","0.7161","Oyster-Open","1.0000","7","70.1","324.6","180.9","438.8"
"blob:http://localhost:8080/7647cdfa-cde3-4601-a7ae-87300f92e81b","16","2.993","33","26","true","Oyster-Closed","0.7035","Oyster-Closed","1.0000","7","249.9","20.2","290.7","45.9"
"blob:http://localhost:8080/7647cdfa-cde3-4601-a7ae-87300f92e81b","16","2.993","33","21","true","Oyster-Open","0.6933","Oyster-Open","1.0000","7","151.6","212.6","186.2","258.9"
"blob:http://localhost:8080/7647cdfa-cde3-4601-a7ae-87300f92e81b","16","2.993","33","31","true","Oyster-Open","0.6274","Oyster-Open","0.5902","7","180.9","380.4","250.7","421.2"
"blob:http://localhost:8080/7647cdfa-cde3-4601-a7ae-87300f92e81b","16","2.993","33","32","true","Oyster-Open","0.5997","Oyster-Open","1.0000","7","96.6","48.9","130.9","106.0"
"blob:http://localhost:8080/7647cdfa-cde3-4601-a7ae-87300f92e81b","16","2.993","33","29","true","Oyster-Closed","0.5344","Oyster-Closed","1.0000","7","283.3","425.7","392.2","560.9"
"blob:http://localhost:8080/7647cdfa-cde3-4601-a7ae-87300f92e81b","16","2.993","33","33","true","Oyster-Open","0.4536","Oyster-Open","1.0000","7","348.4","263.7","380.8","316.3"
"blob:http://localhost:8080/7647cdfa-cde3-4601-a7ae-87300f92e81b","17","3.135","33","4","true","Oyster-Closed","0.8708","Oyster-Closed","1.0000","7","190.1","111.2","306.6","191.8"
"blob:http://localhost:8080/7647cdfa-cde3-4601-a7ae-87300f92e81b","17","3.135","33","6","true","Oyster-Closed","0.8701","Oyster-Closed","1.0000","7","209.5","536.0","303.9","640.0"
"blob:http://localhost:8080/7647cdfa-cde3-4601-a7ae-87300f92e81b","17","3.135","33","2","true","Oyster-Closed","0.8672","Oyster-Closed","1.0000","7","352.7","0.3","429.0","206.7"
"blob:http://localhost:8080/7647cdfa-cde3-4601-a7ae-87300f92e81b","17","3.135","33","3","true","Oyster-Closed","0.8644","Oyster-Closed","1.0000","7","181.8","197.4","247.6","282.8"
"blob:http://localhost:8080/7647cdfa-cde3-4601-a7ae-87300f92e81b","17","3.135","33","1","true","Oyster-Closed","0.8583","Oyster-Closed","1.0000","7","29.4","188.7","142.0","264.2"
"blob:http://localhost:8080/7647cdfa-cde3-4601-a7ae-87300f92e81b","17","3.135","33","8","true","Oyster-Closed","0.8501","Oyster-Closed","1.0000","7","69.0","422.4","147.9","526.5"
"blob:http://localhost:8080/7647cdfa-cde3-4601-a7ae-87300f92e81b","17","3.135","33","7","true","Oyster-Closed","0.8412","Oyster-Closed","1.0000","7","261.5","40.4","330.1","98.9"
"blob:http://localhost:8080/7647cdfa-cde3-4601-a7ae-87300f92e81b","17","3.135","33","10","true","Oyster-Closed","0.8381","Oyster-Closed","1.0000","7","249.0","199.7","336.7","292.8"
"blob:http://localhost:8080/7647cdfa-cde3-4601-a7ae-87300f92e81b","17","3.135","33","17","true","Oyster-Closed","0.8183","Oyster-Closed","1.0000","7","71.7","98.2","122.2","152.2"
"blob:http://localhost:8080/7647cdfa-cde3-4601-a7ae-87300f92e81b","17","3.135","33","23","true","Oyster-Closed","0.8154","Oyster-Closed","1.0000","7","194.4","364.1","243.3","392.1"
"blob:http://localhost:8080/7647cdfa-cde3-4601-a7ae-87300f92e81b","17","3.135","33","9","true","Oyster-Closed","0.8121","Oyster-Closed","1.0000","7","217.4","408.2","256.1","446.4"
"blob:http://localhost:8080/7647cdfa-cde3-4601-a7ae-87300f92e81b","17","3.135","33","11","true","Oyster-Closed","0.8096","Oyster-Closed","1.0000","7","37.8","526.5","106.9","590.3"
"blob:http://localhost:8080/7647cdfa-cde3-4601-a7ae-87300f92e81b","17","3.135","33","19","true","Oyster-Closed","0.8066","Oyster-Closed","1.0000","7","13.0","487.7","63.5","535.9"
"blob:http://localhost:8080/7647cdfa-cde3-4601-a7ae-87300f92e81b","17","3.135","33","5","true","Oyster-Closed","0.8028","Oyster-Closed","1.0000","7","148.6","424.8","245.6","568.8"
"blob:http://localhost:8080/7647cdfa-cde3-4601-a7ae-87300f92e81b","17","3.135","33","16","true","Oyster-Closed","0.8000","Oyster-Closed","1.0000","7","144.3","143.0","213.4","226.1"
"blob:http://localhost:8080/7647cdfa-cde3-4601-a7ae-87300f92e81b","17","3.135","33","18","true","Oyster-Closed","0.7882","Oyster-Closed","1.0000","7","163.9","552.0","209.0","604.4"
"blob:http://localhost:8080/7647cdfa-cde3-4601-a7ae-87300f92e81b","17","3.135","33","15","true","Oyster-Closed","0.7870","Oyster-Closed","1.0000","7","105.0","127.1","155.6","173.9"
"blob:http://localhost:8080/7647cdfa-cde3-4601-a7ae-87300f92e81b","17","3.135","33","12","true","Oyster-Closed","0.7865","Oyster-Closed","1.0000","7","108.9","573.3","166.4","638.3"
"blob:http://localhost:8080/7647cdfa-cde3-4601-a7ae-87300f92e81b","17","3.135","33","13","true","Oyster-Closed","0.7851","Oyster-Closed","1.0000","7","29.4","423.4","82.0","515.7"
"blob:http://localhost:8080/7647cdfa-cde3-4601-a7ae-87300f92e81b","17","3.135","33","27","true","Oyster-Closed","0.7831","Oyster-Closed","1.0000","7","81.7","526.0","154.6","575.5"
"blob:http://localhost:8080/7647cdfa-cde3-4601-a7ae-87300f92e81b","17","3.135","33","25","true","Oyster-Closed","0.7784","Oyster-Closed","1.0000","7","119.3","68.6","183.3","138.3"
"blob:http://localhost:8080/7647cdfa-cde3-4601-a7ae-87300f92e81b","17","3.135","33","14","true","Oyster-Open","0.7704","Oyster-Open","1.0000","7","253.1","282.1","288.5","342.5"
"blob:http://localhost:8080/7647cdfa-cde3-4601-a7ae-87300f92e81b","17","3.135","33","20","true","Oyster-Closed","0.7576","Oyster-Closed","1.0000","7","230.2","46.7","278.8","82.2"
"blob:http://localhost:8080/7647cdfa-cde3-4601-a7ae-87300f92e81b","17","3.135","33","22","true","Oyster-Open","0.7378","Oyster-Open","1.0000","7","135.3","595.3","198.0","639.6"
"blob:http://localhost:8080/7647cdfa-cde3-4601-a7ae-87300f92e81b","17","3.135","33","28","true","Oyster-Closed","0.7285","Oyster-Closed","1.0000","7","86.6","-0.1","151.9","48.8"
"blob:http://localhost:8080/7647cdfa-cde3-4601-a7ae-87300f92e81b","17","3.135","33","30","true","Oyster-Closed","0.7133","Oyster-Closed","1.0000","7","320.6","201.1","428.9","293.0"
"blob:http://localhost:8080/7647cdfa-cde3-4601-a7ae-87300f92e81b","17","3.135","33","26","true","Oyster-Closed","0.6932","Oyster-Closed","1.0000","7","250.1","20.2","290.5","45.8"
"blob:http://localhost:8080/7647cdfa-cde3-4601-a7ae-87300f92e81b","17","3.135","33","21","true","Oyster-Open","0.6875","Oyster-Open","1.0000","7","151.8","214.2","185.7","259.1"
"blob:http://localhost:8080/7647cdfa-cde3-4601-a7ae-87300f92e81b","17","3.135","33","24","true","Oyster-Open","0.6669","Oyster-Open","1.0000","7","70.1","324.8","181.3","438.8"
"blob:http://localhost:8080/7647cdfa-cde3-4601-a7ae-87300f92e81b","17","3.135","33","31","true","Oyster-Open","0.6251","Oyster-Open","0.7343","7","181.0","381.3","249.4","421.8"
"blob:http://localhost:8080/7647cdfa-cde3-4601-a7ae-87300f92e81b","17","3.135","33","32","true","Oyster-Open","0.5880","Oyster-Open","1.0000","7","96.7","47.7","132.2","106.2"
"blob:http://localhost:8080/7647cdfa-cde3-4601-a7ae-87300f92e81b","17","3.135","33","29","true","Oyster-Closed","0.5232","Oyster-Closed","1.0000","7","243.5","418.0","383.4","559.5"
"blob:http://localhost:8080/7647cdfa-cde3-4601-a7ae-87300f92e81b","17","3.135","33","33","true","Oyster-Open","0.4198","Oyster-Open","1.0000","7","348.5","263.0","383.1","316.2"
"blob:http://localhost:8080/7647cdfa-cde3-4601-a7ae-87300f92e81b","18","3.276","33","6","true","Oyster-Closed","0.8823","Oyster-Closed","1.0000","7","209.9","536.2","305.0","640.0"
"blob:http://localhost:8080/7647cdfa-cde3-4601-a7ae-87300f92e81b","18","3.276","33","4","true","Oyster-Closed","0.8715","Oyster-Closed","1.0000","7","190.2","111.3","306.2","191.6"
"blob:http://localhost:8080/7647cdfa-cde3-4601-a7ae-87300f92e81b","18","3.276","33","2","true","Oyster-Closed","0.8692","Oyster-Closed","1.0000","7","352.6","0.4","428.8","207.2"
"blob:http://localhost:8080/7647cdfa-cde3-4601-a7ae-87300f92e81b","18","3.276","33","3","true","Oyster-Closed","0.8657","Oyster-Closed","1.0000","7","181.7","197.4","247.8","282.9"
"blob:http://localhost:8080/7647cdfa-cde3-4601-a7ae-87300f92e81b","18","3.276","33","1","true","Oyster-Closed","0.8621","Oyster-Closed","1.0000","7","29.2","189.0","141.1","264.1"
"blob:http://localhost:8080/7647cdfa-cde3-4601-a7ae-87300f92e81b","18","3.276","33","10","true","Oyster-Closed","0.8611","Oyster-Closed","1.0000","7","249.3","199.5","336.5","292.2"
"blob:http://localhost:8080/7647cdfa-cde3-4601-a7ae-87300f92e81b","18","3.276","33","8","true","Oyster-Closed","0.8455","Oyster-Closed","1.0000","7","69.1","422.8","147.0","527.0"
"blob:http://localhost:8080/7647cdfa-cde3-4601-a7ae-87300f92e81b","18","3.276","33","7","true","Oyster-Closed","0.8409","Oyster-Closed","1.0000","7","261.7","40.2","330.1","99.0"
"blob:http://localhost:8080/7647cdfa-cde3-4601-a7ae-87300f92e81b","18","3.276","33","23","true","Oyster-Closed","0.8257","Oyster-Closed","1.0000","7","194.2","364.1","243.3","392.4"
"blob:http://localhost:8080/7647cdfa-cde3-4601-a7ae-87300f92e81b","18","3.276","33","14","true","Oyster-Open","0.8170","Oyster-Open","1.0000","7","253.2","282.4","288.0","342.6"
"blob:http://localhost:8080/7647cdfa-cde3-4601-a7ae-87300f92e81b","18","3.276","33","5","true","Oyster-Closed","0.8117","Oyster-Closed","1.0000","7","148.8","424.2","244.9","568.7"
"blob:http://localhost:8080/7647cdfa-cde3-4601-a7ae-87300f92e81b","18","3.276","33","11","true","Oyster-Closed","0.8112","Oyster-Closed","1.0000","7","37.7","525.3","107.7","590.3"
"blob:http://localhost:8080/7647cdfa-cde3-4601-a7ae-87300f92e81b","18","3.276","33","19","true","Oyster-Closed","0.8091","Oyster-Closed","1.0000","7","13.2","487.9","63.9","535.8"
"blob:http://localhost:8080/7647cdfa-cde3-4601-a7ae-87300f92e81b","18","3.276","33","17","true","Oyster-Closed","0.8073","Oyster-Closed","1.0000","7","72.1","97.6","122.1","152.5"
"blob:http://localhost:8080/7647cdfa-cde3-4601-a7ae-87300f92e81b","18","3.276","33","9","true","Oyster-Closed","0.7998","Oyster-Closed","1.0000","7","216.6","408.0","256.6","446.8"
"blob:http://localhost:8080/7647cdfa-cde3-4601-a7ae-87300f92e81b","18","3.276","33","16","true","Oyster-Closed","0.7916","Oyster-Closed","1.0000","7","144.1","143.0","213.5","226.0"
"blob:http://localhost:8080/7647cdfa-cde3-4601-a7ae-87300f92e81b","18","3.276","33","12","true","Oyster-Closed","0.7871","Oyster-Closed","1.0000","7","108.7","573.7","165.8","638.4"
"blob:http://localhost:8080/7647cdfa-cde3-4601-a7ae-87300f92e81b","18","3.276","33","18","true","Oyster-Closed","0.7860","Oyster-Closed","1.0000","7","163.6","551.6","209.3","604.3"
"blob:http://localhost:8080/7647cdfa-cde3-4601-a7ae-87300f92e81b","18","3.276","33","15","true","Oyster-Closed","0.7856","Oyster-Closed","1.0000","7","104.7","128.0","155.5","173.5"
"blob:http://localhost:8080/7647cdfa-cde3-4601-a7ae-87300f92e81b","18","3.276","33","13","true","Oyster-Closed","0.7765","Oyster-Closed","1.0000","7","28.4","423.2","81.4","515.4"
"blob:http://localhost:8080/7647cdfa-cde3-4601-a7ae-87300f92e81b","18","3.276","33","25","true","Oyster-Closed","0.7747","Oyster-Closed","1.0000","7","119.4","68.3","182.4","138.5"
"blob:http://localhost:8080/7647cdfa-cde3-4601-a7ae-87300f92e81b","18","3.276","33","27","true","Oyster-Closed","0.7677","Oyster-Closed","1.0000","7","83.3","526.9","153.5","575.5"
"blob:http://localhost:8080/7647cdfa-cde3-4601-a7ae-87300f92e81b","18","3.276","33","20","true","Oyster-Closed","0.7571","Oyster-Closed","1.0000","7","229.6","46.2","279.6","82.3"
"blob:http://localhost:8080/7647cdfa-cde3-4601-a7ae-87300f92e81b","18","3.276","33","22","true","Oyster-Open","0.7333","Oyster-Open","1.0000","7","135.5","595.2","198.8","639.6"
"blob:http://localhost:8080/7647cdfa-cde3-4601-a7ae-87300f92e81b","18","3.276","33","31","true","Oyster-Open","0.7204","Oyster-Open","0.8768","7","180.3","380.6","251.6","422.6"
"blob:http://localhost:8080/7647cdfa-cde3-4601-a7ae-87300f92e81b","18","3.276","33","28","true","Oyster-Closed","0.7180","Oyster-Closed","1.0000","7","86.9","-0.1","152.1","48.6"
"blob:http://localhost:8080/7647cdfa-cde3-4601-a7ae-87300f92e81b","18","3.276","33","21","true","Oyster-Open","0.7054","Oyster-Open","1.0000","7","151.7","213.7","185.7","259.2"
"blob:http://localhost:8080/7647cdfa-cde3-4601-a7ae-87300f92e81b","18","3.276","33","26","true","Oyster-Closed","0.6989","Oyster-Closed","1.0000","7","250.2","20.2","291.0","45.8"
"blob:http://localhost:8080/7647cdfa-cde3-4601-a7ae-87300f92e81b","18","3.276","33","30","true","Oyster-Closed","0.6605","Oyster-Closed","1.0000","7","321.5","201.7","428.7","293.4"
"blob:http://localhost:8080/7647cdfa-cde3-4601-a7ae-87300f92e81b","18","3.276","33","24","true","Oyster-Open","0.6433","Oyster-Open","1.0000","7","70.0","324.8","180.8","439.7"
"blob:http://localhost:8080/7647cdfa-cde3-4601-a7ae-87300f92e81b","18","3.276","33","29","true","Oyster-Closed","0.6142","Oyster-Closed","1.0000","7","284.1","423.5","404.3","561.1"
"blob:http://localhost:8080/7647cdfa-cde3-4601-a7ae-87300f92e81b","18","3.276","33","32","true","Oyster-Open","0.5879","Oyster-Open","1.0000","7","96.8","47.7","131.7","107.1"
"blob:http://localhost:8080/7647cdfa-cde3-4601-a7ae-87300f92e81b","18","3.276","33","33","true","Oyster-Open","0.4139","Oyster-Open","1.0000","7","348.5","262.8","383.0","315.3"
"blob:http://localhost:8080/7647cdfa-cde3-4601-a7ae-87300f92e81b","19","3.419","33","6","true","Oyster-Closed","0.8749","Oyster-Closed","1.0000","7","209.9","537.6","304.3","640.0"
"blob:http://localhost:8080/7647cdfa-cde3-4601-a7ae-87300f92e81b","19","3.419","33","4","true","Oyster-Closed","0.8726","Oyster-Closed","1.0000","7","190.3","111.4","305.9","191.8"
"blob:http://localhost:8080/7647cdfa-cde3-4601-a7ae-87300f92e81b","19","3.419","33","2","true","Oyster-Closed","0.8694","Oyster-Closed","1.0000","7","352.1","0.4","428.8","207.8"
"blob:http://localhost:8080/7647cdfa-cde3-4601-a7ae-87300f92e81b","19","3.419","33","3","true","Oyster-Closed","0.8620","Oyster-Closed","1.0000","7","181.8","197.4","248.0","282.3"
"blob:http://localhost:8080/7647cdfa-cde3-4601-a7ae-87300f92e81b","19","3.419","33","1","true","Oyster-Closed","0.8579","Oyster-Closed","1.0000","7","29.4","189.4","142.7","264.3"
"blob:http://localhost:8080/7647cdfa-cde3-4601-a7ae-87300f92e81b","19","3.419","33","10","true","Oyster-Closed","0.8521","Oyster-Closed","1.0000","7","249.4","199.6","336.0","291.8"
"blob:http://localhost:8080/7647cdfa-cde3-4601-a7ae-87300f92e81b","19","3.419","33","8","true","Oyster-Closed","0.8395","Oyster-Closed","1.0000","7","69.2","423.6","147.5","526.4"
"blob:http://localhost:8080/7647cdfa-cde3-4601-a7ae-87300f92e81b","19","3.419","33","7","true","Oyster-Closed","0.8388","Oyster-Closed","1.0000","7","261.9","38.8","330.2","98.4"
"blob:http://localhost:8080/7647cdfa-cde3-4601-a7ae-87300f92e81b","19","3.419","33","5","true","Oyster-Closed","0.8242","Oyster-Closed","1.0000","7","148.5","427.5","244.2","568.8"
"blob:http://localhost:8080/7647cdfa-cde3-4601-a7ae-87300f92e81b","19","3.419","33","17","true","Oyster-Closed","0.8169","Oyster-Closed","1.0000","7","72.1","97.8","122.0","151.9"
"blob:http://localhost:8080/7647cdfa-cde3-4601-a7ae-87300f92e81b","19","3.419","33","9","true","Oyster-Closed","0.8103","Oyster-Closed","1.0000","7","217.9","409.1","256.5","446.9"
"blob:http://localhost:8080/7647cdfa-cde3-4601-a7ae-87300f92e81b","19","3.419","33","11","true","Oyster-Closed","0.8087","Oyster-Closed","1.0000","7","37.8","525.7","107.8","590.3"
"blob:http://localhost:8080/7647cdfa-cde3-4601-a7ae-87300f92e81b","19","3.419","33","23","true","Oyster-Closed","0.8075","Oyster-Closed","1.0000","7","194.3","364.3","243.4","393.1"
"blob:http://localhost:8080/7647cdfa-cde3-4601-a7ae-87300f92e81b","19","3.419","33","14","true","Oyster-Open","0.8043","Oyster-Open","1.0000","7","253.3","282.4","288.0","342.4"
"blob:http://localhost:8080/7647cdfa-cde3-4601-a7ae-87300f92e81b","19","3.419","33","27","true","Oyster-Closed","0.8034","Oyster-Closed","1.0000","7","82.9","526.4","154.7","575.6"
"blob:http://localhost:8080/7647cdfa-cde3-4601-a7ae-87300f92e81b","19","3.419","33","19","true","Oyster-Closed","0.7978","Oyster-Closed","1.0000","7","13.4","488.1","63.9","535.7"
"blob:http://localhost:8080/7647cdfa-cde3-4601-a7ae-87300f92e81b","19","3.419","33","16","true","Oyster-Closed","0.7920","Oyster-Closed","1.0000","7","143.7","142.9","213.8","225.6"
"blob:http://localhost:8080/7647cdfa-cde3-4601-a7ae-87300f92e81b","19","3.419","33","12","true","Oyster-Closed","0.7886","Oyster-Closed","1.0000","7","108.7","573.2","165.3","638.4"
"blob:http://localhost:8080/7647cdfa-cde3-4601-a7ae-87300f92e81b","19","3.419","33","15","true","Oyster-Closed","0.7801","Oyster-Closed","1.0000","7","104.6","126.5","156.1","172.7"
"blob:http://localhost:8080/7647cdfa-cde3-4601-a7ae-87300f92e81b","19","3.419","33","18","true","Oyster-Closed","0.7783","Oyster-Closed","1.0000","7","163.6","551.4","209.3","603.3"
"blob:http://localhost:8080/7647cdfa-cde3-4601-a7ae-87300f92e81b","19","3.419","33","20","true","Oyster-Closed","0.7711","Oyster-Closed","1.0000","7","230.6","45.9","279.4","82.3"
"blob:http://localhost:8080/7647cdfa-cde3-4601-a7ae-87300f92e81b","19","3.419","33","25","true","Oyster-Closed","0.7662","Oyster-Closed","1.0000","7","119.3","68.5","181.9","138.0"
"blob:http://localhost:8080/7647cdfa-cde3-4601-a7ae-87300f92e81b","19","3.419","33","13","true","Oyster-Closed","0.7637","Oyster-Closed","1.0000","7","28.5","423.5","80.8","515.6"
"blob:http://localhost:8080/7647cdfa-cde3-4601-a7ae-87300f92e81b","19","3.419","33","22","true","Oyster-Open","0.7380","Oyster-Open","1.0000","7","135.8","595.0","198.8","639.6"
"blob:http://localhost:8080/7647cdfa-cde3-4601-a7ae-87300f92e81b","19","3.419","33","28","true","Oyster-Closed","0.7295","Oyster-Closed","1.0000","7","85.4","-0.1","152.0","48.8"
"blob:http://localhost:8080/7647cdfa-cde3-4601-a7ae-87300f92e81b","19","3.419","33","21","true","Oyster-Open","0.7122","Oyster-Open","1.0000","7","151.1","212.2","186.0","258.5"
"blob:http://localhost:8080/7647cdfa-cde3-4601-a7ae-87300f92e81b","19","3.419","33","30","true","Oyster-Closed","0.7038","Oyster-Closed","1.0000","7","319.6","201.4","428.7","292.4"
"blob:http://localhost:8080/7647cdfa-cde3-4601-a7ae-87300f92e81b","19","3.419","33","26","true","Oyster-Closed","0.6930","Oyster-Closed","1.0000","7","249.6","20.1","289.8","46.3"
"blob:http://localhost:8080/7647cdfa-cde3-4601-a7ae-87300f92e81b","19","3.419","33","31","true","Oyster-Open","0.6887","Oyster-Open","1.0000","7","179.9","380.3","253.0","424.2"
"blob:http://localhost:8080/7647cdfa-cde3-4601-a7ae-87300f92e81b","19","3.419","33","24","true","Oyster-Open","0.6631","Oyster-Open","1.0000","7","69.9","324.5","181.1","438.8"
"blob:http://localhost:8080/7647cdfa-cde3-4601-a7ae-87300f92e81b","19","3.419","33","29","true","Oyster-Closed","0.6591","Oyster-Closed","1.0000","7","284.4","423.5","395.3","560.7"
"blob:http://localhost:8080/7647cdfa-cde3-4601-a7ae-87300f92e81b","19","3.419","33","32","true","Oyster-Open","0.5876","Oyster-Open","1.0000","7","96.8","48.7","130.0","107.2"
"blob:http://localhost:8080/7647cdfa-cde3-4601-a7ae-87300f92e81b","19","3.419","33","33","true","Oyster-Open","0.5625","Oyster-Open","1.0000","7","348.2","264.0","384.2","314.0"
"blob:http://localhost:8080/7647cdfa-cde3-4601-a7ae-87300f92e81b","20","3.563","33","4","true","Oyster-Closed","0.8778","Oyster-Closed","1.0000","7","190.4","111.4","305.6","191.6"
"blob:http://localhost:8080/7647cdfa-cde3-4601-a7ae-87300f92e81b","20","3.563","33","6","true","Oyster-Closed","0.8747","Oyster-Closed","1.0000","7","209.8","537.2","305.0","640.0"
"blob:http://localhost:8080/7647cdfa-cde3-4601-a7ae-87300f92e81b","20","3.563","33","2","true","Oyster-Closed","0.8623","Oyster-Closed","1.0000","7","352.1","-0.4","428.6","206.2"
"blob:http://localhost:8080/7647cdfa-cde3-4601-a7ae-87300f92e81b","20","3.563","33","3","true","Oyster-Closed","0.8607","Oyster-Closed","1.0000","7","182.0","197.5","247.8","283.4"
"blob:http://localhost:8080/7647cdfa-cde3-4601-a7ae-87300f92e81b","20","3.563","33","10","true","Oyster-Closed","0.8475","Oyster-Closed","1.0000","7","249.6","199.5","336.0","290.3"
"blob:http://localhost:8080/7647cdfa-cde3-4601-a7ae-87300f92e81b","20","3.563","33","7","true","Oyster-Closed","0.8466","Oyster-Closed","1.0000","7","261.7","38.5","331.2","98.5"
"blob:http://localhost:8080/7647cdfa-cde3-4601-a7ae-87300f92e81b","20","3.563","33","1","true","Oyster-Closed","0.8438","Oyster-Closed","1.0000","7","29.3","188.0","141.9","263.9"
"blob:http://localhost:8080/7647cdfa-cde3-4601-a7ae-87300f92e81b","20","3.563","33","23","true","Oyster-Closed","0.8373","Oyster-Closed","1.0000","7","193.8","364.5","243.0","392.6"
"blob:http://localhost:8080/7647cdfa-cde3-4601-a7ae-87300f92e81b","20","3.563","33","8","true","Oyster-Closed","0.8370","Oyster-Closed","1.0000","7","69.0","424.5","146.4","526.2"
"blob:http://localhost:8080/7647cdfa-cde3-4601-a7ae-87300f92e81b","20","3.563","33","5","true","Oyster-Closed","0.8341","Oyster-Closed","1.0000","7","148.3","428.7","243.7","568.9"
"blob:http://localhost:8080/7647cdfa-cde3-4601-a7ae-87300f92e81b","20","3.563","33","11","true","Oyster-Closed","0.8205","Oyster-Closed","1.0000","7","37.5","526.8","107.9","590.3"
"blob:http://localhost:8080/7647cdfa-cde3-4601-a7ae-87300f92e81b","20","3.563","33","9","true","Oyster-Closed","0.8142","Oyster-Closed","1.0000","7","219.6","410.2","256.9","446.9"
"blob:http://localhost:8080/7647cdfa-cde3-4601-a7ae-87300f92e81b","20","3.563","33","17","true","Oyster-Closed","0.8136","Oyster-Closed","1.0000","7","71.9","97.7","122.2","152.1"
"blob:http://localhost:8080/7647cdfa-cde3-4601-a7ae-87300f92e81b","20","3.563","33","16","true","Oyster-Closed","0.8065","Oyster-Closed","1.0000","7","144.2","142.6","212.9","226.3"
"blob:http://localhost:8080/7647cdfa-cde3-4601-a7ae-87300f92e81b","20","3.563","33","14","true","Oyster-Open","0.8038","Oyster-Open","1.0000","7","253.5","282.2","288.7","342.4"
"blob:http://localhost:8080/7647cdfa-cde3-4601-a7ae-87300f92e81b","20","3.563","33","12","true","Oyster-Closed","0.7900","Oyster-Closed","1.0000","7","108.6","573.2","164.4","638.3"
"blob:http://localhost:8080/7647cdfa-cde3-4601-a7ae-87300f92e81b","20","3.563","33","20","true","Oyster-Closed","0.7852","Oyster-Closed","1.0000","7","229.7","46.6","278.8","82.3"
"blob:http://localhost:8080/7647cdfa-cde3-4601-a7ae-87300f92e81b","20","3.563","33","18","true","Oyster-Closed","0.7844","Oyster-Closed","1.0000","7","163.9","551.7","209.2","602.9"
"blob:http://localhost:8080/7647cdfa-cde3-4601-a7ae-87300f92e81b","20","3.563","33","15","true","Oyster-Closed","0.7781","Oyster-Closed","1.0000","7","105.1","124.7","156.4","173.0"
"blob:http://localhost:8080/7647cdfa-cde3-4601-a7ae-87300f92e81b","20","3.563","33","25","true","Oyster-Closed","0.7760","Oyster-Closed","1.0000","7","119.7","65.4","181.9","137.8"
"blob:http://localhost:8080/7647cdfa-cde3-4601-a7ae-87300f92e81b","20","3.563","33","27","true","Oyster-Closed","0.7717","Oyster-Closed","1.0000","7","83.9","529.6","154.1","575.2"
"blob:http://localhost:8080/7647cdfa-cde3-4601-a7ae-87300f92e81b","20","3.563","33","19","true","Oyster-Closed","0.7643","Oyster-Closed","1.0000","7","13.5","488.1","64.1","536.0"
"blob:http://localhost:8080/7647cdfa-cde3-4601-a7ae-87300f92e81b","20","3.563","33","13","true","Oyster-Closed","0.7579","Oyster-Closed","1.0000","7","28.5","424.6","81.0","516.1"
"blob:http://localhost:8080/7647cdfa-cde3-4601-a7ae-87300f92e81b","20","3.563","33","31","true","Oyster-Open","0.7388","Oyster-Open","1.0000","7","179.8","380.6","253.6","425.7"
"blob:http://localhost:8080/7647cdfa-cde3-4601-a7ae-87300f92e81b","20","3.563","33","21","true","Oyster-Open","0.7312","Oyster-Open","1.0000","7","151.5","212.8","186.1","258.2"
"blob:http://localhost:8080/7647cdfa-cde3-4601-a7ae-87300f92e81b","20","3.563","33","22","true","Oyster-Open","0.7307","Oyster-Open","1.0000","7","135.4","594.8","198.7","639.7"
"blob:http://localhost:8080/7647cdfa-cde3-4601-a7ae-87300f92e81b","20","3.563","33","26","true","Oyster-Closed","0.7110","Oyster-Closed","1.0000","7","247.4","21.1","290.0","47.4"
"blob:http://localhost:8080/7647cdfa-cde3-4601-a7ae-87300f92e81b","20","3.563","33","28","true","Oyster-Closed","0.7080","Oyster-Closed","1.0000","7","86.5","-0.1","151.3","49.7"
"blob:http://localhost:8080/7647cdfa-cde3-4601-a7ae-87300f92e81b","20","3.563","33","30","true","Oyster-Closed","0.6947","Oyster-Closed","1.0000","7","318.5","201.5","427.8","290.9"
"blob:http://localhost:8080/7647cdfa-cde3-4601-a7ae-87300f92e81b","20","3.563","33","24","true","Oyster-Open","0.6734","Oyster-Open","1.0000","7","69.7","324.5","181.3","438.8"
"blob:http://localhost:8080/7647cdfa-cde3-4601-a7ae-87300f92e81b","20","3.563","33","29","true","Oyster-Closed","0.6068","Oyster-Closed","1.0000","7","285.4","423.8","397.9","561.2"
"blob:http://localhost:8080/7647cdfa-cde3-4601-a7ae-87300f92e81b","20","3.563","33","32","true","Oyster-Open","0.5655","Oyster-Open","1.0000","7","96.7","49.4","128.6","106.9"
"blob:http://localhost:8080/7647cdfa-cde3-4601-a7ae-87300f92e81b","20","3.563","33","33","true","Oyster-Open","0.4880","Oyster-Open","1.0000","7","348.1","262.6","384.3","312.1"
"blob:http://localhost:8080/7647cdfa-cde3-4601-a7ae-87300f92e81b","21","3.701","33","6","true","Oyster-Closed","0.8827","Oyster-Closed","1.0000","7","209.7","536.5","305.7","640.0"
"blob:http://localhost:8080/7647cdfa-cde3-4601-a7ae-87300f92e81b","21","3.701","33","4","true","Oyster-Closed","0.8773","Oyster-Closed","1.0000","7","190.4","111.4","305.3","191.8"
"blob:http://localhost:8080/7647cdfa-cde3-4601-a7ae-87300f92e81b","21","3.701","33","2","true","Oyster-Closed","0.8661","Oyster-Closed","1.0000","7","351.5","0.7","428.7","206.7"
"blob:http://localhost:8080/7647cdfa-cde3-4601-a7ae-87300f92e81b","21","3.701","33","3","true","Oyster-Closed","0.8626","Oyster-Closed","1.0000","7","181.8","197.3","247.8","283.0"
"blob:http://localhost:8080/7647cdfa-cde3-4601-a7ae-87300f92e81b","21","3.701","33","8","true","Oyster-Closed","0.8486","Oyster-Closed","1.0000","7","68.7","423.2","146.6","526.6"
"blob:http://localhost:8080/7647cdfa-cde3-4601-a7ae-87300f92e81b","21","3.701","33","1","true","Oyster-Closed","0.8483","Oyster-Closed","1.0000","7","29.1","188.0","142.3","263.4"
"blob:http://localhost:8080/7647cdfa-cde3-4601-a7ae-87300f92e81b","21","3.701","33","7","true","Oyster-Closed","0.8459","Oyster-Closed","1.0000","7","261.7","38.8","331.3","98.3"
"blob:http://localhost:8080/7647cdfa-cde3-4601-a7ae-87300f92e81b","21","3.701","33","5","true","Oyster-Closed","0.8444","Oyster-Closed","1.0000","7","148.1","424.9","243.9","568.6"
"blob:http://localhost:8080/7647cdfa-cde3-4601-a7ae-87300f92e81b","21","3.701","33","10","true","Oyster-Closed","0.8438","Oyster-Closed","1.0000","7","249.7","199.2","336.1","290.8"
"blob:http://localhost:8080/7647cdfa-cde3-4601-a7ae-87300f92e81b","21","3.701","33","23","true","Oyster-Closed","0.8317","Oyster-Closed","1.0000","7","193.5","364.4","243.3","393.0"
"blob:http://localhost:8080/7647cdfa-cde3-4601-a7ae-87300f92e81b","21","3.701","33","11","true","Oyster-Closed","0.8241","Oyster-Closed","1.0000","7","37.5","526.7","107.7","590.4"
"blob:http://localhost:8080/7647cdfa-cde3-4601-a7ae-87300f92e81b","21","3.701","33","9","true","Oyster-Closed","0.8092","Oyster-Closed","1.0000","7","219.9","410.6","257.0","446.6"
"blob:http://localhost:8080/7647cdfa-cde3-4601-a7ae-87300f92e81b","21","3.701","33","16","true","Oyster-Closed","0.8074","Oyster-Closed","1.0000","7","144.1","142.7","213.0","226.1"
"blob:http://localhost:8080/7647cdfa-cde3-4601-a7ae-87300f92e81b","21","3.701","33","14","true","Oyster-Open","0.8055","Oyster-Open","1.0000","7","253.3","282.7","288.6","342.3"
"blob:http://localhost:8080/7647cdfa-cde3-4601-a7ae-87300f92e81b","21","3.701","33","17","true","Oyster-Closed","0.8010","Oyster-Closed","1.0000","7","71.7","97.9","122.2","152.2"
"blob:http://localhost:8080/7647cdfa-cde3-4601-a7ae-87300f92e81b","21","3.701","33","20","true","Oyster-Closed","0.7909","Oyster-Closed","1.0000","7","229.3","46.4","278.9","82.4"
"blob:http://localhost:8080/7647cdfa-cde3-4601-a7ae-87300f92e81b","21","3.701","33","12","true","Oyster-Closed","0.7874","Oyster-Closed","1.0000","7","108.6","573.1","164.4","638.5"
"blob:http://localhost:8080/7647cdfa-cde3-4601-a7ae-87300f92e81b","21","3.701","33","18","true","Oyster-Closed","0.7832","Oyster-Closed","1.0000","7","163.8","552.0","209.1","603.0"
"blob:http://localhost:8080/7647cdfa-cde3-4601-a7ae-87300f92e81b","21","3.701","33","25","true","Oyster-Closed","0.7771","Oyster-Closed","1.0000","7","120.0","68.8","182.3","138.2"
"blob:http://localhost:8080/7647cdfa-cde3-4601-a7ae-87300f92e81b","21","3.701","33","15","true","Oyster-Closed","0.7730","Oyster-Closed","1.0000","7","105.0","125.5","156.1","173.2"
"blob:http://localhost:8080/7647cdfa-cde3-4601-a7ae-87300f92e81b","21","3.701","33","27","true","Oyster-Closed","0.7730","Oyster-Closed","1.0000","7","83.2","527.8","153.5","575.1"
"blob:http://localhost:8080/7647cdfa-cde3-4601-a7ae-87300f92e81b","21","3.701","33","19","true","Oyster-Closed","0.7676","Oyster-Closed","1.0000","7","13.6","488.5","63.4","535.9"
"blob:http://localhost:8080/7647cdfa-cde3-4601-a7ae-87300f92e81b","21","3.701","33","31","true","Oyster-Open","0.7614","Oyster-Open","1.0000","7","179.6","381.3","253.8","426.4"
"blob:http://localhost:8080/7647cdfa-cde3-4601-a7ae-87300f92e81b","21","3.701","33","13","true","Oyster-Closed","0.7559","Oyster-Closed","1.0000","7","27.9","425.5","81.3","515.3"
"blob:http://localhost:8080/7647cdfa-cde3-4601-a7ae-87300f92e81b","21","3.701","33","21","true","Oyster-Open","0.7280","Oyster-Open","1.0000","7","151.6","212.7","186.0","258.4"
"blob:http://localhost:8080/7647cdfa-cde3-4601-a7ae-87300f92e81b","21","3.701","33","22","true","Oyster-Open","0.7241","Oyster-Open","1.0000","7","135.2","594.7","199.2","639.7"
"blob:http://localhost:8080/7647cdfa-cde3-4601-a7ae-87300f92e81b","21","3.701","33","28","true","Oyster-Closed","0.7204","Oyster-Closed","1.0000","7","86.2","-0.1","150.7","50.3"
"blob:http://localhost:8080/7647cdfa-cde3-4601-a7ae-87300f92e81b","21","3.701","33","26","true","Oyster-Closed","0.6834","Oyster-Closed","1.0000","7","247.4","20.4","290.6","46.9"
"blob:http://localhost:8080/7647cdfa-cde3-4601-a7ae-87300f92e81b","21","3.701","33","24","true","Oyster-Open","0.6710","Oyster-Open","1.0000","7","69.6","324.5","181.8","438.3"
"blob:http://localhost:8080/7647cdfa-cde3-4601-a7ae-87300f92e81b","21","3.701","33","29","true","Oyster-Closed","0.6707","Oyster-Closed","1.0000","7","284.5","426.2","388.3","560.7"
"blob:http://localhost:8080/7647cdfa-cde3-4601-a7ae-87300f92e81b","21","3.701","33","30","true","Oyster-Closed","0.6428","Oyster-Closed","1.0000","7","319.3","201.7","428.1","290.8"
"blob:http://localhost:8080/7647cdfa-cde3-4601-a7ae-87300f92e81b","21","3.701","33","32","true","Oyster-Open","0.5800","Oyster-Open","1.0000","7","96.7","49.3","129.0","106.7"
"blob:http://localhost:8080/7647cdfa-cde3-4601-a7ae-87300f92e81b","21","3.701","33","33","true","Oyster-Open","0.5324","Oyster-Open","1.0000","7","347.9","262.7","385.0","311.3"
"blob:http://localhost:8080/7647cdfa-cde3-4601-a7ae-87300f92e81b","22","3.843","33","4","true","Oyster-Closed","0.8777","Oyster-Closed","1.0000","7","189.9","111.3","305.9","191.8"
"blob:http://localhost:8080/7647cdfa-cde3-4601-a7ae-87300f92e81b","22","3.843","33","6","true","Oyster-Closed","0.8766","Oyster-Closed","1.0000","7","209.3","536.5","305.8","640.0"
"blob:http://localhost:8080/7647cdfa-cde3-4601-a7ae-87300f92e81b","22","3.843","33","2","true","Oyster-Closed","0.8600","Oyster-Closed","1.0000","7","351.6","-0.5","428.6","205.8"
"blob:http://localhost:8080/7647cdfa-cde3-4601-a7ae-87300f92e81b","22","3.843","33","3","true","Oyster-Closed","0.8561","Oyster-Closed","1.0000","7","181.7","197.2","247.6","282.9"
"blob:http://localhost:8080/7647cdfa-cde3-4601-a7ae-87300f92e81b","22","3.843","33","7","true","Oyster-Closed","0.8501","Oyster-Closed","1.0000","7","261.8","38.9","331.3","97.9"
"blob:http://localhost:8080/7647cdfa-cde3-4601-a7ae-87300f92e81b","22","3.843","33","1","true","Oyster-Closed","0.8491","Oyster-Closed","1.0000","7","29.3","186.5","141.4","263.0"
"blob:http://localhost:8080/7647cdfa-cde3-4601-a7ae-87300f92e81b","22","3.843","33","5","true","Oyster-Closed","0.8410","Oyster-Closed","1.0000","7","148.3","424.5","243.4","568.7"
"blob:http://localhost:8080/7647cdfa-cde3-4601-a7ae-87300f92e81b","22","3.843","33","8","true","Oyster-Closed","0.8399","Oyster-Closed","1.0000","7","68.7","423.4","145.9","527.0"
"blob:http://localhost:8080/7647cdfa-cde3-4601-a7ae-87300f92e81b","22","3.843","33","23","true","Oyster-Closed","0.8337","Oyster-Closed","1.0000","7","193.7","364.3","243.1","392.8"
"blob:http://localhost:8080/7647cdfa-cde3-4601-a7ae-87300f92e81b","22","3.843","33","11","true","Oyster-Closed","0.8255","Oyster-Closed","1.0000","7","38.0","527.3","107.6","590.2"
"blob:http://localhost:8080/7647cdfa-cde3-4601-a7ae-87300f92e81b","22","3.843","33","10","true","Oyster-Closed","0.8234","Oyster-Closed","1.0000","7","249.7","198.6","332.6","293.2"
"blob:http://localhost:8080/7647cdfa-cde3-4601-a7ae-87300f92e81b","22","3.843","33","9","true","Oyster-Closed","0.8092","Oyster-Closed","1.0000","7","219.9","410.6","256.6","446.2"
"blob:http://localhost:8080/7647cdfa-cde3-4601-a7ae-87300f92e81b","22","3.843","33","17","true","Oyster-Closed","0.8039","Oyster-Closed","1.0000","7","71.3","97.6","122.5","151.0"
"blob:http://localhost:8080/7647cdfa-cde3-4601-a7ae-87300f92e81b","22","3.843","33","14","true","Oyster-Open","0.8024","Oyster-Open","1.0000","7","253.2","283.1","288.4","341.9"
"blob:http://localhost:8080/7647cdfa-cde3-4601-a7ae-87300f92e81b","22","3.843","33","12","true","Oyster-Closed","0.7925","Oyster-Closed","1.0000","7","108.5","573.0","164.8","638.2"
"blob:http://localhost:8080/7647cdfa-cde3-4601-a7ae-87300f92e81b","22","3.843","33","16","true","Oyster-Closed","0.7922","Oyster-Closed","1.0000","7","143.6","143.1","212.5","226.2"
"blob:http://localhost:8080/7647cdfa-cde3-4601-a7ae-87300f92e81b","22","3.843","33","25","true","Oyster-Closed","0.7905","Oyster-Closed","1.0000","7","119.8","70.0","183.2","138.4"
"blob:http://localhost:8080/7647cdfa-cde3-4601-a7ae-87300f92e81b","22","3.843","33","20","true","Oyster-Closed","0.7868","Oyster-Closed","1.0000","7","228.7","46.9","277.6","82.8"
"blob:http://localhost:8080/7647cdfa-cde3-4601-a7ae-87300f92e81b","22","3.843","33","18","true","Oyster-Closed","0.7861","Oyster-Closed","1.0000","7","163.9","551.9","209.6","603.8"
"blob:http://localhost:8080/7647cdfa-cde3-4601-a7ae-87300f92e81b","22","3.843","33","15","true","Oyster-Closed","0.7796","Oyster-Closed","1.0000","7","105.1","127.9","156.1","172.7"
"blob:http://localhost:8080/7647cdfa-cde3-4601-a7ae-87300f92e81b","22","3.843","33","19","true","Oyster-Closed","0.7715","Oyster-Closed","1.0000","7","13.6","488.6","64.8","535.6"
"blob:http://localhost:8080/7647cdfa-cde3-4601-a7ae-87300f92e81b","22","3.843","33","27","true","Oyster-Closed","0.7659","Oyster-Closed","1.0000","7","82.5","528.6","153.9","575.5"
"blob:http://localhost:8080/7647cdfa-cde3-4601-a7ae-87300f92e81b","22","3.843","33","31","true","Oyster-Open","0.7547","Oyster-Open","1.0000","7","179.9","380.4","254.2","425.3"
"blob:http://localhost:8080/7647cdfa-cde3-4601-a7ae-87300f92e81b","22","3.843","33","13","true","Oyster-Closed","0.7409","Oyster-Closed","1.0000","7","27.9","427.9","80.9","515.1"
"blob:http://localhost:8080/7647cdfa-cde3-4601-a7ae-87300f92e81b","22","3.843","33","22","true","Oyster-Open","0.7256","Oyster-Open","1.0000","7","135.3","595.2","197.9","639.6"
"blob:http://localhost:8080/7647cdfa-cde3-4601-a7ae-87300f92e81b","22","3.843","33","21","true","Oyster-Open","0.7249","Oyster-Open","1.0000","7","151.7","213.5","185.9","258.8"
"blob:http://localhost:8080/7647cdfa-cde3-4601-a7ae-87300f92e81b","22","3.843","33","24","true","Oyster-Open","0.7192","Oyster-Open","1.0000","7","70.0","324.3","182.8","437.4"
"blob:http://localhost:8080/7647cdfa-cde3-4601-a7ae-87300f92e81b","22","3.843","33","29","true","Oyster-Closed","0.7085","Oyster-Closed","1.0000","7","283.6","425.6","387.4","560.8"
"blob:http://localhost:8080/7647cdfa-cde3-4601-a7ae-87300f92e81b","22","3.843","33","28","true","Oyster-Closed","0.7055","Oyster-Closed","1.0000","7","85.6","-0.1","151.4","50.7"
"blob:http://localhost:8080/7647cdfa-cde3-4601-a7ae-87300f92e81b","22","3.843","33","30","true","Oyster-Closed","0.6776","Oyster-Closed","1.0000","7","313.9","201.0","428.6","289.5"
"blob:http://localhost:8080/7647cdfa-cde3-4601-a7ae-87300f92e81b","22","3.843","33","26","true","Oyster-Closed","0.6419","Oyster-Closed","1.0000","7","249.2","22.2","289.4","47.0"
"blob:http://localhost:8080/7647cdfa-cde3-4601-a7ae-87300f92e81b","22","3.843","33","32","true","Oyster-Open","0.5897","Oyster-Open","1.0000","7","96.8","49.9","127.7","106.8"
"blob:http://localhost:8080/7647cdfa-cde3-4601-a7ae-87300f92e81b","22","3.843","33","33","true","Oyster-Open","0.5526","Oyster-Open","1.0000","7","348.2","262.8","383.9","310.0"
"blob:http://localhost:8080/7647cdfa-cde3-4601-a7ae-87300f92e81b","23","3.984","34","4","true","Oyster-Closed","0.8703","Oyster-Closed","1.0000","7","189.7","111.1","305.4","192.2"
"blob:http://localhost:8080/7647cdfa-cde3-4601-a7ae-87300f92e81b","23","3.984","34","6","true","Oyster-Closed","0.8650","Oyster-Closed","1.0000","7","208.7","536.3","307.2","640.0"
"blob:http://localhost:8080/7647cdfa-cde3-4601-a7ae-87300f92e81b","23","3.984","34","3","true","Oyster-Closed","0.8565","Oyster-Closed","1.0000","7","181.5","197.2","247.9","283.0"
"blob:http://localhost:8080/7647cdfa-cde3-4601-a7ae-87300f92e81b","23","3.984","34","2","true","Oyster-Closed","0.8560","Oyster-Closed","1.0000","7","351.5","-0.3","428.4","205.7"
"blob:http://localhost:8080/7647cdfa-cde3-4601-a7ae-87300f92e81b","23","3.984","34","7","true","Oyster-Closed","0.8485","Oyster-Closed","1.0000","7","262.0","39.0","330.2","98.1"
"blob:http://localhost:8080/7647cdfa-cde3-4601-a7ae-87300f92e81b","23","3.984","34","1","true","Oyster-Closed","0.8485","Oyster-Closed","1.0000","7","29.3","186.5","141.6","263.1"
"blob:http://localhost:8080/7647cdfa-cde3-4601-a7ae-87300f92e81b","23","3.984","34","5","true","Oyster-Closed","0.8472","Oyster-Closed","1.0000","7","148.8","424.6","243.5","568.9"
"blob:http://localhost:8080/7647cdfa-cde3-4601-a7ae-87300f92e81b","23","3.984","34","8","true","Oyster-Closed","0.8460","Oyster-Closed","1.0000","7","68.9","423.9","147.2","527.9"
"blob:http://localhost:8080/7647cdfa-cde3-4601-a7ae-87300f92e81b","23","3.984","34","23","true","Oyster-Closed","0.8307","Oyster-Closed","1.0000","7","194.0","364.3","242.9","392.8"
"blob:http://localhost:8080/7647cdfa-cde3-4601-a7ae-87300f92e81b","23","3.984","34","11","true","Oyster-Closed","0.8280","Oyster-Closed","1.0000","7","37.9","527.2","106.7","590.1"
"blob:http://localhost:8080/7647cdfa-cde3-4601-a7ae-87300f92e81b","23","3.984","34","10","true","Oyster-Closed","0.8217","Oyster-Closed","1.0000","7","250.0","199.2","333.9","293.9"
"blob:http://localhost:8080/7647cdfa-cde3-4601-a7ae-87300f92e81b","23","3.984","34","16","true","Oyster-Closed","0.8089","Oyster-Closed","1.0000","7","142.0","143.2","212.6","225.8"
"blob:http://localhost:8080/7647cdfa-cde3-4601-a7ae-87300f92e81b","23","3.984","34","9","true","Oyster-Closed","0.8042","Oyster-Closed","1.0000","7","219.8","410.4","256.8","446.7"
"blob:http://localhost:8080/7647cdfa-cde3-4601-a7ae-87300f92e81b","23","3.984","34","17","true","Oyster-Closed","0.8015","Oyster-Closed","1.0000","7","71.2","97.4","122.2","150.6"
"blob:http://localhost:8080/7647cdfa-cde3-4601-a7ae-87300f92e81b","23","3.984","34","14","true","Oyster-Open","0.7994","Oyster-Open","1.0000","7","253.2","283.1","288.6","341.8"
"blob:http://localhost:8080/7647cdfa-cde3-4601-a7ae-87300f92e81b","23","3.984","34","25","true","Oyster-Closed","0.7954","Oyster-Closed","1.0000","7","119.7","68.2","183.3","138.6"
"blob:http://localhost:8080/7647cdfa-cde3-4601-a7ae-87300f92e81b","23","3.984","34","15","true","Oyster-Closed","0.7896","Oyster-Closed","1.0000","7","105.7","128.1","155.9","172.8"
"blob:http://localhost:8080/7647cdfa-cde3-4601-a7ae-87300f92e81b","23","3.984","34","12","true","Oyster-Closed","0.7850","Oyster-Closed","1.0000","7","108.5","572.7","165.9","638.3"
"blob:http://localhost:8080/7647cdfa-cde3-4601-a7ae-87300f92e81b","23","3.984","34","18","true","Oyster-Closed","0.7739","Oyster-Closed","1.0000","7","164.0","551.9","208.8","603.1"
"blob:http://localhost:8080/7647cdfa-cde3-4601-a7ae-87300f92e81b","23","3.984","34","27","true","Oyster-Closed","0.7728","Oyster-Closed","1.0000","7","82.2","527.7","154.4","575.6"
"blob:http://localhost:8080/7647cdfa-cde3-4601-a7ae-87300f92e81b","23","3.984","34","19","true","Oyster-Closed","0.7701","Oyster-Closed","1.0000","7","13.9","488.6","65.9","535.5"
"blob:http://localhost:8080/7647cdfa-cde3-4601-a7ae-87300f92e81b","23","3.984","34","20","true","Oyster-Closed","0.7651","Oyster-Closed","1.0000","7","228.2","46.3","278.4","83.1"
"blob:http://localhost:8080/7647cdfa-cde3-4601-a7ae-87300f92e81b","23","3.984","34","31","true","Oyster-Open","0.7628","Oyster-Open","1.0000","7","180.0","380.5","254.1","425.1"
"blob:http://localhost:8080/7647cdfa-cde3-4601-a7ae-87300f92e81b","23","3.984","34","29","true","Oyster-Closed","0.7453","Oyster-Closed","1.0000","7","283.8","425.4","386.2","561.0"
"blob:http://localhost:8080/7647cdfa-cde3-4601-a7ae-87300f92e81b","23","3.984","34","13","true","Oyster-Closed","0.7417","Oyster-Closed","1.0000","7","27.9","429.6","80.8","516.0"
"blob:http://localhost:8080/7647cdfa-cde3-4601-a7ae-87300f92e81b","23","3.984","34","22","true","Oyster-Open","0.7242","Oyster-Open","1.0000","7","135.3","595.4","198.0","639.6"
"blob:http://localhost:8080/7647cdfa-cde3-4601-a7ae-87300f92e81b","23","3.984","34","28","true","Oyster-Closed","0.7148","Oyster-Closed","1.0000","7","84.8","-0.1","150.9","50.9"
"blob:http://localhost:8080/7647cdfa-cde3-4601-a7ae-87300f92e81b","23","3.984","34","24","true","Oyster-Open","0.7120","Oyster-Open","1.0000","7","69.9","324.0","182.3","437.0"
"blob:http://localhost:8080/7647cdfa-cde3-4601-a7ae-87300f92e81b","23","3.984","34","21","true","Oyster-Open","0.7088","Oyster-Open","1.0000","7","151.9","214.0","186.1","259.1"
"blob:http://localhost:8080/7647cdfa-cde3-4601-a7ae-87300f92e81b","23","3.984","34","30","true","Oyster-Closed","0.6707","Oyster-Closed","1.0000","7","314.8","200.7","428.1","289.2"
"blob:http://localhost:8080/7647cdfa-cde3-4601-a7ae-87300f92e81b","23","3.984","34","26","true","Oyster-Closed","0.6385","Oyster-Closed","1.0000","7","250.3","22.0","291.0","46.7"
"blob:http://localhost:8080/7647cdfa-cde3-4601-a7ae-87300f92e81b","23","3.984","34","32","true","Oyster-Open","0.6090","Oyster-Open","1.0000","7","96.7","49.1","127.9","106.6"
"blob:http://localhost:8080/7647cdfa-cde3-4601-a7ae-87300f92e81b","23","3.984","34","33","true","Oyster-Open","0.5302","Oyster-Open","1.0000","7","348.2","262.4","382.9","310.4"
"blob:http://localhost:8080/7647cdfa-cde3-4601-a7ae-87300f92e81b","23","3.984","34","34","true","Oyster-Closed","0.4304","Oyster-Closed","1.0000","7","249.6","405.9","284.1","432.8"