clip,frame,timestamp,count,trackedId,confirmed,rawLabel,rawConfidence,smoothedLabel,smoothedSupport,stateHistoryLength,y1,x1,y2,x2
"blob:http://localhost:8080/49552a7c-9b3b-4b03-982b-d0b580e90cab","1","0.147","8","1","false","Oyster-Closed","0.9171","Oyster-Closed","1.0000","1","191.0","120.9","371.0","342.5"
"blob:http://localhost:8080/49552a7c-9b3b-4b03-982b-d0b580e90cab","1","0.147","8","2","false","Oyster-Closed","0.8744","Oyster-Closed","1.0000","1","54.9","244.6","263.8","382.5"
"blob:http://localhost:8080/49552a7c-9b3b-4b03-982b-d0b580e90cab","1","0.147","8","3","false","Oyster-Closed","0.8128","Oyster-Closed","1.0000","1","148.7","52.4","276.3","190.3"
"blob:http://localhost:8080/49552a7c-9b3b-4b03-982b-d0b580e90cab","1","0.147","8","4","false","Oyster-Closed","0.8113","Oyster-Closed","1.0000","1","0.2","84.1","156.5","212.8"
"blob:http://localhost:8080/49552a7c-9b3b-4b03-982b-d0b580e90cab","1","0.147","8","5","false","Oyster-Closed","0.6674","Oyster-Closed","1.0000","1","110.0","179.9","203.3","267.0"
"blob:http://localhost:8080/49552a7c-9b3b-4b03-982b-d0b580e90cab","1","0.147","8","6","false","Oyster-Closed","0.6566","Oyster-Closed","1.0000","1","89.0","430.0","191.3","588.5"
"blob:http://localhost:8080/49552a7c-9b3b-4b03-982b-d0b580e90cab","1","0.147","8","7","false","Oyster-Closed","0.6521","Oyster-Closed","1.0000","1","329.4","395.4","428.4","535.8"
"blob:http://localhost:8080/49552a7c-9b3b-4b03-982b-d0b580e90cab","1","0.147","8","8","false","Oyster-Open","0.6141","Oyster-Open","1.0000","1","232.6","418.6","352.3","640.8"
"blob:http://localhost:8080/49552a7c-9b3b-4b03-982b-d0b580e90cab","2","0.289","13","1","false","Oyster-Closed","0.9193","Oyster-Closed","1.0000","2","191.7","121.6","371.3","345.6"
"blob:http://localhost:8080/49552a7c-9b3b-4b03-982b-d0b580e90cab","2","0.289","13","2","false","Oyster-Closed","0.8776","Oyster-Closed","1.0000","2","55.9","247.4","263.7","382.8"
"blob:http://localhost:8080/49552a7c-9b3b-4b03-982b-d0b580e90cab","2","0.289","13","3","false","Oyster-Closed","0.8605","Oyster-Closed","1.0000","2","150.7","50.9","274.1","190.6"
"blob:http://localhost:8080/49552a7c-9b3b-4b03-982b-d0b580e90cab","2","0.289","13","8","false","Oyster-Closed","0.8385","Oyster-Open","0.4228","2","234.5","420.0","350.2","639.8"
"blob:http://localhost:8080/49552a7c-9b3b-4b03-982b-d0b580e90cab","2","0.289","13","7","false","Oyster-Closed","0.7766","Oyster-Closed","1.0000","2","328.2","398.0","428.4","538.1"
"blob:http://localhost:8080/49552a7c-9b3b-4b03-982b-d0b580e90cab","2","0.289","13","6","false","Oyster-Closed","0.7744","Oyster-Closed","1.0000","2","85.8","431.1","188.0","590.1"
"blob:http://localhost:8080/49552a7c-9b3b-4b03-982b-d0b580e90cab","2","0.289","13","4","false","Oyster-Closed","0.7141","Oyster-Closed","1.0000","2","-0.0","83.1","159.1","212.3"
"blob:http://localhost:8080/49552a7c-9b3b-4b03-982b-d0b580e90cab","2","0.289","13","5","false","Oyster-Closed","0.6907","Oyster-Closed","1.0000","2","110.4","184.2","204.5","267.2"
"blob:http://localhost:8080/49552a7c-9b3b-4b03-982b-d0b580e90cab","2","0.289","13","9","false","Oyster-Closed","0.6721","Oyster-Closed","1.0000","1","2.5","560.7","76.4","640.0"
"blob:http://localhost:8080/49552a7c-9b3b-4b03-982b-d0b580e90cab","2","0.289","13","10","false","Oyster-Closed","0.5406","Oyster-Closed","1.0000","1","32.3","370.7","114.0","502.6"
"blob:http://localhost:8080/49552a7c-9b3b-4b03-982b-d0b580e90cab","2","0.289","13","11","false","Oyster-Closed","0.5110","Oyster-Closed","1.0000","1","0.0","300.4","58.5","444.2"
"blob:http://localhost:8080/49552a7c-9b3b-4b03-982b-d0b580e90cab","2","0.289","13","12","false","Oyster-Closed","0.5020","Oyster-Closed","1.0000","1","169.0","484.6","249.2","557.5"
"blob:http://localhost:8080/49552a7c-9b3b-4b03-982b-d0b580e90cab","2","0.289","13","13","false","Oyster-Closed","0.4694","Oyster-Closed","1.0000","1","89.0","363.2","214.7","552.0"
"blob:http://localhost:8080/49552a7c-9b3b-4b03-982b-d0b580e90cab","3","0.426","12","1","false","Oyster-Closed","0.9168","Oyster-Closed","1.0000","3","191.8","124.0","371.2","344.7"
"blob:http://localhost:8080/49552a7c-9b3b-4b03-982b-d0b580e90cab","3","0.426","12","2","false","Oyster-Closed","0.8745","Oyster-Closed","1.0000","3","57.7","247.2","263.6","382.7"
"blob:http://localhost:8080/49552a7c-9b3b-4b03-982b-d0b580e90cab","3","0.426","12","3","false","Oyster-Closed","0.8232","Oyster-Closed","1.0000","3","149.6","50.7","270.7","189.7"
"blob:http://localhost:8080/49552a7c-9b3b-4b03-982b-d0b580e90cab","3","0.426","12","6","false","Oyster-Closed","0.7961","Oyster-Closed","1.0000","3","86.0","431.4","190.7","590.1"
"blob:http://localhost:8080/49552a7c-9b3b-4b03-982b-d0b580e90cab","3","0.426","12","8","false","Oyster-Closed","0.7918","Oyster-Closed","0.7264","3","234.2","418.4","347.8","640.1"
"blob:http://localhost:8080/49552a7c-9b3b-4b03-982b-d0b580e90cab","3","0.426","12","7","false","Oyster-Closed","0.7747","Oyster-Closed","1.0000","3","326.6","398.5","428.3","537.8"
"blob:http://localhost:8080/49552a7c-9b3b-4b03-982b-d0b580e90cab","3","0.426","12","4","false","Oyster-Closed","0.7509","Oyster-Closed","1.0000","3","0.1","81.4","158.3","206.6"
"blob:http://localhost:8080/49552a7c-9b3b-4b03-982b-d0b580e90cab","3","0.426","12","5","false","Oyster-Closed","0.7251","Oyster-Closed","1.0000","3","110.2","181.0","204.3","267.6"
"blob:http://localhost:8080/49552a7c-9b3b-4b03-982b-d0b580e90cab","3","0.426","12","13","false","Oyster-Closed","0.5692","Oyster-Closed","1.0000","2","91.0","363.8","211.1","541.7"
"blob:http://localhost:8080/49552a7c-9b3b-4b03-982b-d0b580e90cab","3","0.426","12","10","false","Oyster-Closed","0.5625","Oyster-Closed","1.0000","2","32.7","370.3","113.2","499.1"
"blob:http://localhost:8080/49552a7c-9b3b-4b03-982b-d0b580e90cab","3","0.426","12","11","false","Oyster-Closed","0.5192","Oyster-Closed","1.0000","2","-0.2","299.3","57.2","443.3"
"blob:http://localhost:8080/49552a7c-9b3b-4b03-982b-d0b580e90cab","3","0.426","12","9","false","Oyster-Closed","0.4014","Oyster-Closed","1.0000","2","1.3","536.3","75.7","639.8"
"blob:http://localhost:8080/49552a7c-9b3b-4b03-982b-d0b580e90cab","4","0.568","13","1","false","Oyster-Closed","0.9192","Oyster-Closed","1.0000","4","192.0","125.6","371.9","343.2"
"blob:http://localhost:8080/49552a7c-9b3b-4b03-982b-d0b580e90cab","4","0.568","13","2","false","Oyster-Closed","0.8646","Oyster-Closed","1.0000","4","56.7","247.9","263.7","384.7"
"blob:http://localhost:8080/49552a7c-9b3b-4b03-982b-d0b580e90cab","4","0.568","13","3","false","Oyster-Closed","0.7922","Oyster-Closed","1.0000","4","150.1","49.5","274.4","190.2"
"blob:http://localhost:8080/49552a7c-9b3b-4b03-982b-d0b580e90cab","4","0.568","13","4","false","Oyster-Closed","0.7705","Oyster-Closed","1.0000","4","0.1","79.5","158.0","197.8"
"blob:http://localhost:8080/49552a7c-9b3b-4b03-982b-d0b580e90cab","4","0.568","13","8","false","Oyster-Closed","0.7405","Oyster-Closed","0.7943","4","230.5","416.6","347.9","639.8"
"blob:http://localhost:8080/49552a7c-9b3b-4b03-982b-d0b580e90cab","4","0.568","13","7","false","Oyster-Closed","0.7339","Oyster-Closed","1.0000","4","326.4","396.8","428.5","536.9"
"blob:http://localhost:8080/49552a7c-9b3b-4b03-982b-d0b580e90cab","4","0.568","13","5","false","Oyster-Closed","0.7089","Oyster-Closed","1.0000","4","110.7","180.2","204.6","268.0"
"blob:http://localhost:8080/49552a7c-9b3b-4b03-982b-d0b580e90cab","4","0.568","13","6","false","Oyster-Closed","0.7069","Oyster-Closed","1.0000","4","85.5","431.3","183.6","589.6"
"blob:http://localhost:8080/49552a7c-9b3b-4b03-982b-d0b580e90cab","4","0.568","13","9","false","Oyster-Closed","0.6422","Oyster-Closed","1.0000","3","0.9","533.3","76.1","640.0"
"blob:http://localhost:8080/49552a7c-9b3b-4b03-982b-d0b580e90cab","4","0.568","13","11","false","Oyster-Closed","0.5804","Oyster-Closed","1.0000","3","-0.1","301.5","56.8","439.7"
"blob:http://localhost:8080/49552a7c-9b3b-4b03-982b-d0b580e90cab","4","0.568","13","12","false","Oyster-Closed","0.5648","Oyster-Closed","1.0000","2","169.5","489.2","244.8","555.4"
"blob:http://localhost:8080/49552a7c-9b3b-4b03-982b-d0b580e90cab","4","0.568","13","10","false","Oyster-Closed","0.4872","Oyster-Closed","1.0000","3","32.8","372.6","113.5","498.4"
"blob:http://localhost:8080/49552a7c-9b3b-4b03-982b-d0b580e90cab","4","0.568","13","14","false","Oyster-Closed","0.4791","Oyster-Closed","1.0000","1","378.0","104.4","428.2","202.3"
"blob:http://localhost:8080/49552a7c-9b3b-4b03-982b-d0b580e90cab","5","0.711","14","1","true","Oyster-Closed","0.9220","Oyster-Closed","1.0000","5","192.7","124.8","371.7","346.9"
"blob:http://localhost:8080/49552a7c-9b3b-4b03-982b-d0b580e90cab","5","0.711","14","2","true","Oyster-Closed","0.8805","Oyster-Closed","1.0000","5","59.8","247.7","263.7","382.0"
"blob:http://localhost:8080/49552a7c-9b3b-4b03-982b-d0b580e90cab","5","0.711","14","3","true","Oyster-Closed","0.8461","Oyster-Closed","1.0000","5","150.9","54.3","274.2","188.3"
"blob:http://localhost:8080/49552a7c-9b3b-4b03-982b-d0b580e90cab","5","0.711","14","8","true","Oyster-Closed","0.8207","Oyster-Closed","0.8386","5","231.9","419.2","347.2","640.0"
"blob:http://localhost:8080/49552a7c-9b3b-4b03-982b-d0b580e90cab","5","0.711","14","9","false","Oyster-Closed","0.8112","Oyster-Closed","1.0000","4","1.8","541.8","73.9","640.2"
"blob:http://localhost:8080/49552a7c-9b3b-4b03-982b-d0b580e90cab","5","0.711","14","6","true","Oyster-Closed","0.7233","Oyster-Closed","1.0000","5","84.7","430.3","181.2","589.5"
"blob:http://localhost:8080/49552a7c-9b3b-4b03-982b-d0b580e90cab","5","0.711","14","12","false","Oyster-Closed","0.7066","Oyster-Closed","1.0000","3","169.3","486.5","243.5","553.6"
"blob:http://localhost:8080/49552a7c-9b3b-4b03-982b-d0b580e90cab","5","0.711","14","7","true","Oyster-Closed","0.6947","Oyster-Closed","1.0000","5","326.8","400.0","428.4","536.8"
"blob:http://localhost:8080/49552a7c-9b3b-4b03-982b-d0b580e90cab","5","0.711","14","5","true","Oyster-Closed","0.6787","Oyster-Closed","1.0000","5","110.7","183.7","203.8","268.4"
"blob:http://localhost:8080/49552a7c-9b3b-4b03-982b-d0b580e90cab","5","0.711","14","10","false","Oyster-Closed","0.6752","Oyster-Closed","1.0000","4","30.6","367.6","112.6","497.7"
"blob:http://localhost:8080/49552a7c-9b3b-4b03-982b-d0b580e90cab","5","0.711","14","4","true","Oyster-Closed","0.5642","Oyster-Closed","1.0000","5","0.0","77.8","157.2","205.1"
"blob:http://localhost:8080/49552a7c-9b3b-4b03-982b-d0b580e90cab","5","0.711","14","15","false","Oyster-Closed","0.5104","Oyster-Closed","1.0000","1","-0.5","76.1","200.4","280.4"
"blob:http://localhost:8080/49552a7c-9b3b-4b03-982b-d0b580e90cab","5","0.711","14","14","false","Oyster-Closed","0.4671","Oyster-Closed","1.0000","2","376.8","108.4","428.4","203.9"
"blob:http://localhost:8080/49552a7c-9b3b-4b03-982b-d0b580e90cab","5","0.711","14","11","false","Oyster-Closed","0.4636","Oyster-Closed","1.0000","4","0.0","299.1","56.4","438.9"
"blob:http://localhost:8080/49552a7c-9b3b-4b03-982b-d0b580e90cab","6","0.852","12","1","true","Oyster-Closed","0.9197","Oyster-Closed","1.0000","6","192.9","125.4","371.5","347.0"
"blob:http://localhost:8080/49552a7c-9b3b-4b03-982b-d0b580e90cab","6","0.852","12","2","true","Oyster-Closed","0.8765","Oyster-Closed","1.0000","6","61.0","247.9","262.9","379.6"
"blob:http://localhost:8080/49552a7c-9b3b-4b03-982b-d0b580e90cab","6","0.852","12","3","true","Oyster-Closed","0.8422","Oyster-Closed","1.0000","6","151.1","51.3","270.4","189.1"
"blob:http://localhost:8080/49552a7c-9b3b-4b03-982b-d0b580e90cab","6","0.852","12","8","true","Oyster-Closed","0.8397","Oyster-Closed","0.8678","6","231.0","417.7","344.5","640.1"
"blob:http://localhost:8080/49552a7c-9b3b-4b03-982b-d0b580e90cab","6","0.852","12","6","true","Oyster-Closed","0.8024","Oyster-Closed","1.0000","6","85.0","432.2","181.5","589.2"
"blob:http://localhost:8080/49552a7c-9b3b-4b03-982b-d0b580e90cab","6","0.852","12","4","true","Oyster-Closed","0.8023","Oyster-Closed","1.0000","6","0.1","74.0","158.2","198.0"
"blob:http://localhost:8080/49552a7c-9b3b-4b03-982b-d0b580e90cab","6","0.852","12","9","true","Oyster-Closed","0.7450","Oyster-Closed","1.0000","5","1.1","520.0","75.0","639.1"
"blob:http://localhost:8080/49552a7c-9b3b-4b03-982b-d0b580e90cab","6","0.852","12","7","true","Oyster-Closed","0.7405","Oyster-Closed","1.0000","6","325.3","400.7","428.4","534.8"
"blob:http://localhost:8080/49552a7c-9b3b-4b03-982b-d0b580e90cab","6","0.852","12","5","true","Oyster-Closed","0.7159","Oyster-Closed","1.0000","6","111.0","178.8","203.8","267.4"
"blob:http://localhost:8080/49552a7c-9b3b-4b03-982b-d0b580e90cab","6","0.852","12","10","true","Oyster-Closed","0.6751","Oyster-Closed","1.0000","5","32.3","367.5","113.7","494.2"
"blob:http://localhost:8080/49552a7c-9b3b-4b03-982b-d0b580e90cab","6","0.852","12","12","false","Oyster-Closed","0.6595","Oyster-Closed","1.0000","4","170.2","482.2","243.3","553.1"
"blob:http://localhost:8080/49552a7c-9b3b-4b03-982b-d0b580e90cab","6","0.852","12","11","true","Oyster-Closed","0.6097","Oyster-Closed","1.0000","5","-0.1","298.2","56.3","434.1"
"blob:http://localhost:8080/49552a7c-9b3b-4b03-982b-d0b580e90cab","7","0.992","13","1","true","Oyster-Closed","0.9219","Oyster-Closed","1.0000","7","193.1","126.4","372.3","343.3"
"blob:http://localhost:8080/49552a7c-9b3b-4b03-982b-d0b580e90cab","7","0.992","13","2","true","Oyster-Closed","0.8598","Oyster-Closed","1.0000","7","61.4","248.9","263.3","381.1"
"blob:http://localhost:8080/49552a7c-9b3b-4b03-982b-d0b580e90cab","7","0.992","13","3","true","Oyster-Closed","0.8337","Oyster-Closed","1.0000","7","151.0","52.2","271.1","188.7"
"blob:http://localhost:8080/49552a7c-9b3b-4b03-982b-d0b580e90cab","7","0.992","13","6","true","Oyster-Closed","0.7685","Oyster-Closed","1.0000","7","85.2","433.3","180.5","588.6"
"blob:http://localhost:8080/49552a7c-9b3b-4b03-982b-d0b580e90cab","7","0.992","13","9","true","Oyster-Closed","0.7661","Oyster-Closed","1.0000","6","0.6","520.3","74.4","635.3"
"blob:http://localhost:8080/49552a7c-9b3b-4b03-982b-d0b580e90cab","7","0.992","13","4","true","Oyster-Closed","0.7559","Oyster-Closed","1.0000","7","-0.1","70.3","159.2","194.4"
"blob:http://localhost:8080/49552a7c-9b3b-4b03-982b-d0b580e90cab","7","0.992","13","5","true","Oyster-Closed","0.6730","Oyster-Closed","1.0000","7","110.9","177.5","205.1","267.7"
"blob:http://localhost:8080/49552a7c-9b3b-4b03-982b-d0b580e90cab","7","0.992","13","13","false","Oyster-Closed","0.6108","Oyster-Closed","1.0000","3","88.1","364.3","208.6","573.6"
"blob:http://localhost:8080/49552a7c-9b3b-4b03-982b-d0b580e90cab","7","0.992","13","8","true","Oyster-Closed","0.6058","Oyster-Closed","0.8830","7","229.0","419.5","344.8","639.9"
"blob:http://localhost:8080/49552a7c-9b3b-4b03-982b-d0b580e90cab","7","0.992","13","10","true","Oyster-Closed","0.6015","Oyster-Closed","1.0000","6","34.3","367.8","111.7","494.0"
"blob:http://localhost:8080/49552a7c-9b3b-4b03-982b-d0b580e90cab","7","0.992","13","7","true","Oyster-Closed","0.4893","Oyster-Closed","1.0000","7","325.1","398.7","428.3","534.8"
"blob:http://localhost:8080/49552a7c-9b3b-4b03-982b-d0b580e90cab","7","0.992","13","12","true","Oyster-Closed","0.4817","Oyster-Closed","1.0000","5","170.9","493.7","240.5","551.4"
"blob:http://localhost:8080/49552a7c-9b3b-4b03-982b-d0b580e90cab","7","0.992","13","11","true","Oyster-Closed","0.4389","Oyster-Closed","1.0000","6","-0.1","297.7","56.7","431.4"
"blob:http://localhost:8080/49552a7c-9b3b-4b03-982b-d0b580e90cab","8","1.134","14","1","true","Oyster-Closed","0.9208","Oyster-Closed","1.0000","7","194.1","125.9","371.8","345.8"
"blob:http://localhost:8080/49552a7c-9b3b-4b03-982b-d0b580e90cab","8","1.134","14","2","true","Oyster-Closed","0.8765","Oyster-Closed","1.0000","7","62.2","248.9","263.8","379.2"
"blob:http://localhost:8080/49552a7c-9b3b-4b03-982b-d0b580e90cab","8","1.134","14","3","true","Oyster-Closed","0.8640","Oyster-Closed","1.0000","7","153.2","50.0","271.5","188.5"
"blob:http://localhost:8080/49552a7c-9b3b-4b03-982b-d0b580e90cab","8","1.134","14","9","true","Oyster-Closed","0.8211","Oyster-Closed","1.0000","7","1.3","513.5","73.1","626.6"
"blob:http://localhost:8080/49552a7c-9b3b-4b03-982b-d0b580e90cab","8","1.134","14","6","true","Oyster-Closed","0.7924","Oyster-Closed","1.0000","7","83.0","432.7","180.2","589.2"
"blob:http://localhost:8080/49552a7c-9b3b-4b03-982b-d0b580e90cab","8","1.134","14","10","true","Oyster-Closed","0.7875","Oyster-Closed","1.0000","7","30.7","368.2","112.1","494.7"
"blob:http://localhost:8080/49552a7c-9b3b-4b03-982b-d0b580e90cab","8","1.134","14","4","true","Oyster-Closed","0.7238","Oyster-Closed","1.0000","7","0.2","68.6","157.5","194.2"
"blob:http://localhost:8080/49552a7c-9b3b-4b03-982b-d0b580e90cab","8","1.134","14","12","true","Oyster-Closed","0.6957","Oyster-Closed","1.0000","6","170.6","487.9","241.2","551.1"
"blob:http://localhost:8080/49552a7c-9b3b-4b03-982b-d0b580e90cab","8","1.134","14","5","true","Oyster-Closed","0.6940","Oyster-Closed","1.0000","7","110.8","179.4","205.5","267.5"
"blob:http://localhost:8080/49552a7c-9b3b-4b03-982b-d0b580e90cab","8","1.134","14","8","true","Oyster-Closed","0.6416","Oyster-Closed","1.0000","7","227.5","419.5","343.4","640.1"
"blob:http://localhost:8080/49552a7c-9b3b-4b03-982b-d0b580e90cab","8","1.134","14","11","true","Oyster-Closed","0.6390","Oyster-Closed","1.0000","7","0.0","293.6","54.7","431.7"
"blob:http://localhost:8080/49552a7c-9b3b-4b03-982b-d0b580e90cab","8","1.134","14","7","true","Oyster-Closed","0.5844","Oyster-Closed","1.0000","7","324.3","399.5","428.4","535.1"
"blob:http://localhost:8080/49552a7c-9b3b-4b03-982b-d0b580e90cab","8","1.134","14","13","false","Oyster-Closed","0.5077","Oyster-Closed","1.0000","4","86.9","364.6","209.6","575.2"
"blob:http://localhost:8080/49552a7c-9b3b-4b03-982b-d0b580e90cab","8","1.134","14","14","false","Oyster-Closed","0.4215","Oyster-Closed","1.0000","3","378.7","120.5","428.3","210.6"
"blob:http://localhost:8080/49552a7c-9b3b-4b03-982b-d0b580e90cab","9","1.279","13","1","true","Oyster-Closed","0.9227","Oyster-Closed","1.0000","7","194.1","126.1","371.5","345.2"
"blob:http://localhost:8080/49552a7c-9b3b-4b03-982b-d0b580e90cab","9","1.279","13","2","true","Oyster-Closed","0.8723","Oyster-Closed","1.0000","7","63.2","249.7","263.6","377.6"
"blob:http://localhost:8080/49552a7c-9b3b-4b03-982b-d0b580e90cab","9","1.279","13","3","true","Oyster-Closed","0.8501","Oyster-Closed","1.0000","7","153.7","49.1","270.5","187.5"
"blob:http://localhost:8080/49552a7c-9b3b-4b03-982b-d0b580e90cab","9","1.279","13","4","true","Oyster-Closed","0.8493","Oyster-Closed","1.0000","7","-0.0","67.0","157.9","190.6"
"blob:http://localhost:8080/49552a7c-9b3b-4b03-982b-d0b580e90cab","9","1.279","13","6","true","Oyster-Closed","0.8308","Oyster-Closed","1.0000","7","82.3","433.7","181.2","588.5"
"blob:http://localhost:8080/49552a7c-9b3b-4b03-982b-d0b580e90cab","9","1.279","13","9","true","Oyster-Closed","0.8247","Oyster-Closed","1.0000","7","0.4","497.7","72.9","619.3"
"blob:http://localhost:8080/49552a7c-9b3b-4b03-982b-d0b580e90cab","9","1.279","13","8","true","Oyster-Closed","0.7371","Oyster-Closed","1.0000","7","229.3","419.8","342.3","640.1"
"blob:http://localhost:8080/49552a7c-9b3b-4b03-982b-d0b580e90cab","9","1.279","13","10","true","Oyster-Closed","0.7280","Oyster-Closed","1.0000","7","34.0","368.7","111.7","492.9"
"blob:http://localhost:8080/49552a7c-9b3b-4b03-982b-d0b580e90cab","9","1.279","13","5","true","Oyster-Closed","0.7140","Oyster-Closed","1.0000","7","111.0","178.5","205.6","268.0"
"blob:http://localhost:8080/49552a7c-9b3b-4b03-982b-d0b580e90cab","9","1.279","13","12","true","Oyster-Closed","0.6570","Oyster-Closed","1.0000","7","171.0","490.4","240.8","549.1"
"blob:http://localhost:8080/49552a7c-9b3b-4b03-982b-d0b580e90cab","9","1.279","13","14","false","Oyster-Closed","0.6336","Oyster-Closed","1.0000","4","379.2","122.4","428.1","212.0"
"blob:http://localhost:8080/49552a7c-9b3b-4b03-982b-d0b580e90cab","9","1.279","13","11","true","Oyster-Closed","0.5604","Oyster-Closed","1.0000","7","-0.1","294.1","54.4","428.2"
"blob:http://localhost:8080/49552a7c-9b3b-4b03-982b-d0b580e90cab","9","1.279","13","7","true","Oyster-Closed","0.5099","Oyster-Closed","1.0000","7","323.8","401.8","428.2","533.9"
"blob:http://localhost:8080/49552a7c-9b3b-4b03-982b-d0b580e90cab","10","1.420","13","1","true","Oyster-Closed","0.9251","Oyster-Closed","1.0000","7","193.9","126.7","372.2","346.0"
"blob:http://localhost:8080/49552a7c-9b3b-4b03-982b-d0b580e90cab","10","1.420","13","2","true","Oyster-Closed","0.8654","Oyster-Closed","1.0000","7","60.6","249.5","263.9","379.8"
"blob:http://localhost:8080/49552a7c-9b3b-4b03-982b-d0b580e90cab","10","1.420","13","4","true","Oyster-Closed","0.8373","Oyster-Closed","1.0000","7","-0.2","65.7","158.0","189.2"
"blob:http://localhost:8080/49552a7c-9b3b-4b03-982b-d0b580e90cab","10","1.420","13","9","true","Oyster-Closed","0.8361","Oyster-Closed","1.0000","7","0.3","505.0","72.2","615.3"
"blob:http://localhost:8080/49552a7c-9b3b-4b03-982b-d0b580e90cab","10","1.420","13","3","true","Oyster-Closed","0.8255","Oyster-Closed","1.0000","7","152.8","47.4","273.9","188.0"
"blob:http://localhost:8080/49552a7c-9b3b-4b03-982b-d0b580e90cab","10","1.420","13","6","true","Oyster-Closed","0.8219","Oyster-Closed","1.0000","7","82.1","434.2","180.0","588.3"
"blob:http://localhost:8080/49552a7c-9b3b-4b03-982b-d0b580e90cab","10","1.420","13","8","true","Oyster-Closed","0.8214","Oyster-Closed","1.0000","7","232.9","417.9","340.3","639.9"
"blob:http://localhost:8080/49552a7c-9b3b-4b03-982b-d0b580e90cab","10","1.420","13","5","true","Oyster-Closed","0.7161","Oyster-Closed","1.0000","7","111.4","180.7","204.6","268.2"
"blob:http://localhost:8080/49552a7c-9b3b-4b03-982b-d0b580e90cab","10","1.420","13","14","true","Oyster-Closed","0.6978","Oyster-Closed","1.0000","5","379.9","125.1","428.2","213.3"
"blob:http://localhost:8080/49552a7c-9b3b-4b03-982b-d0b580e90cab","10","1.420","13","11","true","Oyster-Closed","0.6629","Oyster-Closed","1.0000","7","-0.0","294.8","55.2","425.8"
"blob:http://localhost:8080/49552a7c-9b3b-4b03-982b-d0b580e90cab","10","1.420","13","10","true","Oyster-Closed","0.6587","Oyster-Closed","1.0000","7","33.4","368.9","111.6","493.5"
"blob:http://localhost:8080/49552a7c-9b3b-4b03-982b-d0b580e90cab","10","1.420","13","12","true","Oyster-Closed","0.6509","Oyster-Closed","1.0000","7","171.4","492.7","239.0","547.9"
"blob:http://localhost:8080/49552a7c-9b3b-4b03-982b-d0b580e90cab","10","1.420","13","13","true","Oyster-Closed","0.4390","Oyster-Closed","1.0000","5","98.4","364.8","208.2","501.7"
"blob:http://localhost:8080/49552a7c-9b3b-4b03-982b-d0b580e90cab","11","1.560","13","1","true","Oyster-Closed","0.9246","Oyster-Closed","1.0000","7","195.0","127.2","372.2","345.7"
"blob:http://localhost:8080/49552a7c-9b3b-4b03-982b-d0b580e90cab","11","1.560","13","2","true","Oyster-Closed","0.8689","Oyster-Closed","1.0000","7","59.6","252.4","263.3","379.2"
"blob:http://localhost:8080/49552a7c-9b3b-4b03-982b-d0b580e90cab","11","1.560","13","6","true","Oyster-Closed","0.8471","Oyster-Closed","1.0000","7","81.3","434.5","180.5","589.2"
"blob:http://localhost:8080/49552a7c-9b3b-4b03-982b-d0b580e90cab","11","1.560","13","3","true","Oyster-Closed","0.8426","Oyster-Closed","1.0000","7","154.5","45.4","271.2","188.3"
"blob:http://localhost:8080/49552a7c-9b3b-4b03-982b-d0b580e90cab","11","1.560","13","9","true","Oyster-Closed","0.8183","Oyster-Closed","1.0000","7","0.5","502.9","71.4","607.1"
"blob:http://localhost:8080/49552a7c-9b3b-4b03-982b-d0b580e90cab","11","1.560","13","4","true","Oyster-Closed","0.8012","Oyster-Closed","1.0000","7","0.2","64.1","158.1","190.9"
"blob:http://localhost:8080/49552a7c-9b3b-4b03-982b-d0b580e90cab","11","1.560","13","10","true","Oyster-Closed","0.7798","Oyster-Closed","1.0000","7","30.1","371.1","111.8","488.6"
"blob:http://localhost:8080/49552a7c-9b3b-4b03-982b-d0b580e90cab","11","1.560","13","5","true","Oyster-Closed","0.7118","Oyster-Closed","1.0000","7","111.8","179.2","206.4","267.9"
"blob:http://localhost:8080/49552a7c-9b3b-4b03-982b-d0b580e90cab","11","1.560","13","8","true","Oyster-Closed","0.6872","Oyster-Closed","1.0000","7","231.3","421.5","339.1","640.3"
"blob:http://localhost:8080/49552a7c-9b3b-4b03-982b-d0b580e90cab","11","1.560","13","11","true","Oyster-Closed","0.6509","Oyster-Closed","1.0000","7","-0.1","291.2","53.7","426.1"
"blob:http://localhost:8080/49552a7c-9b3b-4b03-982b-d0b580e90cab","11","1.560","13","12","true","Oyster-Closed","0.6264","Oyster-Closed","1.0000","7","170.1","482.5","238.4","546.9"
"blob:http://localhost:8080/49552a7c-9b3b-4b03-982b-d0b580e90cab","11","1.560","13","14","true","Oyster-Closed","0.6214","Oyster-Closed","1.0000","6","377.9","129.3","428.5","216.9"
"blob:http://localhost:8080/49552a7c-9b3b-4b03-982b-d0b580e90cab","11","1.560","13","13","true","Oyster-Closed","0.4416","Oyster-Closed","1.0000","6","97.5","365.1","206.6","498.3"
"blob:http://localhost:8080/49552a7c-9b3b-4b03-982b-d0b580e90cab","12","1.704","12","1","true","Oyster-Closed","0.9248","Oyster-Closed","1.0000","7","194.5","127.2","372.5","343.8"
"blob:http://localhost:8080/49552a7c-9b3b-4b03-982b-d0b580e90cab","12","1.704","12","2","true","Oyster-Closed","0.8593","Oyster-Closed","1.0000","7","59.3","252.1","263.4","379.6"
"blob:http://localhost:8080/49552a7c-9b3b-4b03-982b-d0b580e90cab","12","1.704","12","3","true","Oyster-Closed","0.8077","Oyster-Closed","1.0000","7","154.3","44.4","272.3","187.1"
"blob:http://localhost:8080/49552a7c-9b3b-4b03-982b-d0b580e90cab","12","1.704","12","4","true","Oyster-Closed","0.7956","Oyster-Closed","1.0000","7","0.2","61.4","159.1","191.5"
"blob:http://localhost:8080/49552a7c-9b3b-4b03-982b-d0b580e90cab","12","1.704","12","9","true","Oyster-Closed","0.7873","Oyster-Closed","1.0000","7","0.0","476.2","71.1","601.0"
"blob:http://localhost:8080/49552a7c-9b3b-4b03-982b-d0b580e90cab","12","1.704","12","6","true","Oyster-Closed","0.7774","Oyster-Closed","1.0000","7","80.7","433.0","178.9","588.1"
"blob:http://localhost:8080/49552a7c-9b3b-4b03-982b-d0b580e90cab","12","1.704","12","5","true","Oyster-Closed","0.7704","Oyster-Closed","1.0000","7","111.9","179.2","206.3","268.3"
"blob:http://localhost:8080/49552a7c-9b3b-4b03-982b-d0b580e90cab","12","1.704","12","10","true","Oyster-Closed","0.6861","Oyster-Closed","1.0000","7","34.1","369.5","110.7","486.2"
"blob:http://localhost:8080/49552a7c-9b3b-4b03-982b-d0b580e90cab","12","1.704","12","14","true","Oyster-Closed","0.6505","Oyster-Closed","1.0000","7","378.8","132.0","428.4","218.5"
"blob:http://localhost:8080/49552a7c-9b3b-4b03-982b-d0b580e90cab","12","1.704","12","8","true","Oyster-Open","0.6004","Oyster-Closed","0.8783","7","233.5","420.4","339.5","640.1"
"blob:http://localhost:8080/49552a7c-9b3b-4b03-982b-d0b580e90cab","12","1.704","12","11","true","Oyster-Closed","0.5391","Oyster-Closed","1.0000","7","-0.0","290.9","53.8","423.8"
"blob:http://localhost:8080/49552a7c-9b3b-4b03-982b-d0b580e90cab","12","1.704","12","13","true","Oyster-Closed","0.4045","Oyster-Closed","1.0000","7","96.8","365.1","208.5","499.1"
"blob:http://localhost:8080/49552a7c-9b3b-4b03-982b-d0b580e90cab","13","1.845","12","1","true","Oyster-Closed","0.9252","Oyster-Closed","1.0000","7","194.7","127.6","372.6","344.3"
"blob:http://localhost:8080/49552a7c-9b3b-4b03-982b-d0b580e90cab","13","1.845","12","2","true","Oyster-Closed","0.8624","Oyster-Closed","1.0000","7","59.9","252.2","264.0","377.4"
"blob:http://localhost:8080/49552a7c-9b3b-4b03-982b-d0b580e90cab","13","1.845","12","3","true","Oyster-Closed","0.8604","Oyster-Closed","1.0000","7","154.2","40.1","274.1","186.0"
"blob:http://localhost:8080/49552a7c-9b3b-4b03-982b-d0b580e90cab","13","1.845","12","4","true","Oyster-Closed","0.8202","Oyster-Closed","1.0000","7","0.3","59.1","159.5","188.6"
"blob:http://localhost:8080/49552a7c-9b3b-4b03-982b-d0b580e90cab","13","1.845","12","9","true","Oyster-Closed","0.8067","Oyster-Closed","1.0000","7","0.2","483.0","69.9","594.6"
"blob:http://localhost:8080/49552a7c-9b3b-4b03-982b-d0b580e90cab","13","1.845","12","5","true","Oyster-Closed","0.7818","Oyster-Closed","1.0000","7","112.0","175.7","205.4","268.0"
"blob:http://localhost:8080/49552a7c-9b3b-4b03-982b-d0b580e90cab","13","1.845","12","6","true","Oyster-Closed","0.7683","Oyster-Closed","1.0000","7","80.4","432.8","179.4","586.7"
"blob:http://localhost:8080/49552a7c-9b3b-4b03-982b-d0b580e90cab","13","1.845","12","14","true","Oyster-Closed","0.6475","Oyster-Closed","1.0000","7","379.8","134.6","428.3","219.4"
"blob:http://localhost:8080/49552a7c-9b3b-4b03-982b-d0b580e90cab","13","1.845","12","8","true","Oyster-Closed","0.6023","Oyster-Closed","0.8721","7","243.7","419.9","338.0","638.3"
"blob:http://localhost:8080/49552a7c-9b3b-4b03-982b-d0b580e90cab","13","1.845","12","10","true","Oyster-Closed","0.5213","Oyster-Closed","1.0000","7","34.2","370.0","108.6","483.9"
"blob:http://localhost:8080/49552a7c-9b3b-4b03-982b-d0b580e90cab","13","1.845","12","13","true","Oyster-Closed","0.5129","Oyster-Closed","1.0000","7","96.7","366.2","207.2","499.1"
"blob:http://localhost:8080/49552a7c-9b3b-4b03-982b-d0b580e90cab","13","1.845","12","11","true","Oyster-Closed","0.4962","Oyster-Closed","1.0000","7","-0.2","292.7","54.0","421.7"
"blob:http://localhost:8080/49552a7c-9b3b-4b03-982b-d0b580e90cab","14","1.984","11","1","true","Oyster-Closed","0.9243","Oyster-Closed","1.0000","7","195.8","128.9","373.3","346.3"
"blob:http://localhost:8080/49552a7c-9b3b-4b03-982b-d0b580e90cab","14","1.984","11","3","true","Oyster-Closed","0.8752","Oyster-Closed","1.0000","7","155.2","38.9","272.5","187.2"
"blob:http://localhost:8080/49552a7c-9b3b-4b03-982b-d0b580e90cab","14","1.984","11","4","true","Oyster-Closed","0.8597","Oyster-Closed","1.0000","7","0.3","56.7","159.3","192.6"
"blob:http://localhost:8080/49552a7c-9b3b-4b03-982b-d0b580e90cab","14","1.984","11","2","true","Oyster-Closed","0.8566","Oyster-Closed","1.0000","7","60.3","254.5","263.8","379.9"
"blob:http://localhost:8080/49552a7c-9b3b-4b03-982b-d0b580e90cab","14","1.984","11","6","true","Oyster-Closed","0.8062","Oyster-Closed","1.0000","7","79.9","435.5","178.1","588.8"
"blob:http://localhost:8080/49552a7c-9b3b-4b03-982b-d0b580e90cab","14","1.984","11","5","true","Oyster-Closed","0.7794","Oyster-Closed","1.0000","7","112.2","177.8","207.3","268.1"
"blob:http://localhost:8080/49552a7c-9b3b-4b03-982b-d0b580e90cab","14","1.984","11","8","true","Oyster-Closed","0.7677","Oyster-Closed","0.8764","7","242.6","422.7","337.1","638.2"
"blob:http://localhost:8080/49552a7c-9b3b-4b03-982b-d0b580e90cab","14","1.984","11","9","true","Oyster-Closed","0.6801","Oyster-Closed","1.0000","7","0.3","473.6","69.8","587.2"
"blob:http://localhost:8080/49552a7c-9b3b-4b03-982b-d0b580e90cab","14","1.984","11","10","true","Oyster-Closed","0.6471","Oyster-Closed","1.0000","7","29.9","373.0","110.4","486.2"
"blob:http://localhost:8080/49552a7c-9b3b-4b03-982b-d0b580e90cab","14","1.984","11","11","true","Oyster-Closed","0.6467","Oyster-Closed","1.0000","7","-0.1","285.6","52.4","420.9"
"blob:http://localhost:8080/49552a7c-9b3b-4b03-982b-d0b580e90cab","14","1.984","11","14","true","Oyster-Closed","0.5918","Oyster-Closed","1.0000","7","379.7","139.8","428.5","224.1"
"blob:http://localhost:8080/49552a7c-9b3b-4b03-982b-d0b580e90cab","15","2.127","11","1","true","Oyster-Closed","0.9249","Oyster-Closed","1.0000","7","195.6","129.0","372.9","346.5"
"blob:http://localhost:8080/49552a7c-9b3b-4b03-982b-d0b580e90cab","15","2.127","11","3","true","Oyster-Closed","0.8597","Oyster-Closed","1.0000","7","154.9","37.5","273.0","187.1"
"blob:http://localhost:8080/49552a7c-9b3b-4b03-982b-d0b580e90cab","15","2.127","11","2","true","Oyster-Closed","0.8508","Oyster-Closed","1.0000","7","60.1","254.5","264.1","378.1"
"blob:http://localhost:8080/49552a7c-9b3b-4b03-982b-d0b580e90cab","15","2.127","11","4","true","Oyster-Closed","0.8277","Oyster-Closed","1.0000","7","0.2","52.1","157.7","190.2"
"blob:http://localhost:8080/49552a7c-9b3b-4b03-982b-d0b580e90cab","15","2.127","11","6","true","Oyster-Closed","0.7587","Oyster-Closed","1.0000","7","79.6","433.5","177.6","587.8"
"blob:http://localhost:8080/49552a7c-9b3b-4b03-982b-d0b580e90cab","15","2.127","11","5","true","Oyster-Closed","0.7474","Oyster-Closed","1.0000","7","112.6","176.5","206.0","268.3"
"blob:http://localhost:8080/49552a7c-9b3b-4b03-982b-d0b580e90cab","15","2.127","11","8","true","Oyster-Closed","0.7417","Oyster-Closed","0.8789","7","245.6","422.0","335.9","637.3"
"blob:http://localhost:8080/49552a7c-9b3b-4b03-982b-d0b580e90cab","15","2.127","11","9","true","Oyster-Closed","0.6989","Oyster-Closed","1.0000","7","-0.1","437.6","70.9","582.1"
"blob:http://localhost:8080/49552a7c-9b3b-4b03-982b-d0b580e90cab","15","2.127","11","14","true","Oyster-Closed","0.5254","Oyster-Closed","1.0000","7","381.3","141.7","428.4","225.4"
"blob:http://localhost:8080/49552a7c-9b3b-4b03-982b-d0b580e90cab","15","2.127","11","11","true","Oyster-Closed","0.5027","Oyster-Closed","1.0000","7","-0.0","286.6","52.3","421.5"
"blob:http://localhost:8080/49552a7c-9b3b-4b03-982b-d0b580e90cab","15","2.127","11","7","true","Oyster-Closed","0.4246","Oyster-Closed","1.0000","7","319.5","400.8","428.5","537.3"
"blob:http://localhost:8080/49552a7c-9b3b-4b03-982b-d0b580e90cab","16","2.269","11","1","true","Oyster-Closed","0.9253","Oyster-Closed","1.0000","7","196.4","129.3","373.2","345.7"
"blob:http://localhost:8080/49552a7c-9b3b-4b03-982b-d0b580e90cab","16","2.269","11","3","true","Oyster-Closed","0.8743","Oyster-Closed","1.0000","7","155.5","37.2","273.7","186.1"
"blob:http://localhost:8080/49552a7c-9b3b-4b03-982b-d0b580e90cab","16","2.269","11","2","true","Oyster-Closed","0.8474","Oyster-Closed","1.0000","7","59.8","254.7","264.0","380.5"
"blob:http://localhost:8080/49552a7c-9b3b-4b03-982b-d0b580e90cab","16","2.269","11","8","true","Oyster-Closed","0.7409","Oyster-Closed","0.8790","7","245.5","421.5","334.3","636.0"
"blob:http://localhost:8080/49552a7c-9b3b-4b03-982b-d0b580e90cab","16","2.269","11","5","true","Oyster-Closed","0.7375","Oyster-Closed","1.0000","7","112.9","176.8","206.6","267.6"
"blob:http://localhost:8080/49552a7c-9b3b-4b03-982b-d0b580e90cab","16","2.269","11","9","true","Oyster-Closed","0.7305","Oyster-Closed","1.0000","7","0.4","465.2","68.3","573.6"
"blob:http://localhost:8080/49552a7c-9b3b-4b03-982b-d0b580e90cab","16","2.269","11","6","true","Oyster-Closed","0.6731","Oyster-Closed","1.0000","7","78.6","433.3","177.8","587.2"
"blob:http://localhost:8080/49552a7c-9b3b-4b03-982b-d0b580e90cab","16","2.269","11","4","true","Oyster-Closed","0.6412","Oyster-Closed","1.0000","7","0.1","48.9","158.7","192.8"
"blob:http://localhost:8080/49552a7c-9b3b-4b03-982b-d0b580e90cab","16","2.269","11","7","true","Oyster-Closed","0.5793","Oyster-Closed","1.0000","7","317.6","401.8","428.5","531.7"
"blob:http://localhost:8080/49552a7c-9b3b-4b03-982b-d0b580e90cab","16","2.269","11","10","true","Oyster-Closed","0.5147","Oyster-Closed","1.0000","7","28.7","374.0","105.6","488.7"
"blob:http://localhost:8080/49552a7c-9b3b-4b03-982b-d0b580e90cab","16","2.269","11","11","true","Oyster-Closed","0.4946","Oyster-Closed","1.0000","7","0.0","281.1","52.3","413.5"
"blob:http://localhost:8080/49552a7c-9b3b-4b03-982b-d0b580e90cab","17","2.410","12","1","true","Oyster-Closed","0.9254","Oyster-Closed","1.0000","7","197.0","129.9","373.6","345.1"
"blob:http://localhost:8080/49552a7c-9b3b-4b03-982b-d0b580e90cab","17","2.410","12","2","true","Oyster-Closed","0.8518","Oyster-Closed","1.0000","7","59.6","254.9","263.5","383.4"
"blob:http://localhost:8080/49552a7c-9b3b-4b03-982b-d0b580e90cab","17","2.410","12","3","true","Oyster-Closed","0.8286","Oyster-Closed","1.0000","7","156.3","34.5","273.1","186.4"
"blob:http://localhost:8080/49552a7c-9b3b-4b03-982b-d0b580e90cab","17","2.410","12","4","true","Oyster-Closed","0.8120","Oyster-Closed","1.0000","7","0.3","47.4","159.7","191.7"
"blob:http://localhost:8080/49552a7c-9b3b-4b03-982b-d0b580e90cab","17","2.410","12","5","true","Oyster-Closed","0.7926","Oyster-Closed","1.0000","7","113.1","176.3","206.5","268.0"
"blob:http://localhost:8080/49552a7c-9b3b-4b03-982b-d0b580e90cab","17","2.410","12","6","true","Oyster-Closed","0.7672","Oyster-Closed","1.0000","7","78.2","433.8","177.4","587.0"
"blob:http://localhost:8080/49552a7c-9b3b-4b03-982b-d0b580e90cab","17","2.410","12","8","true","Oyster-Closed","0.7461","Oyster-Closed","0.8771","7","244.9","422.2","333.6","634.3"
"blob:http://localhost:8080/49552a7c-9b3b-4b03-982b-d0b580e90cab","17","2.410","12","7","true","Oyster-Closed","0.6090","Oyster-Closed","1.0000","7","317.0","400.3","428.4","532.0"
"blob:http://localhost:8080/49552a7c-9b3b-4b03-982b-d0b580e90cab","17","2.410","12","9","true","Oyster-Closed","0.6046","Oyster-Closed","1.0000","7","0.1","457.3","68.7","569.7"
"blob:http://localhost:8080/49552a7c-9b3b-4b03-982b-d0b580e90cab","17","2.410","12","10","true","Oyster-Closed","0.6040","Oyster-Closed","1.0000","7","28.4","374.1","106.6","482.2"
"blob:http://localhost:8080/49552a7c-9b3b-4b03-982b-d0b580e90cab","17","2.410","12","11","true","Oyster-Closed","0.5561","Oyster-Closed","1.0000","7","0.0","278.9","51.7","413.4"
"blob:http://localhost:8080/49552a7c-9b3b-4b03-982b-d0b580e90cab","17","2.410","12","16","false","Oyster-Open","0.4151","Oyster-Open","1.0000","1","87.5","282.0","170.3","324.8"
"blob:http://localhost:8080/49552a7c-9b3b-4b03-982b-d0b580e90cab","18","2.552","10","1","true","Oyster-Closed","0.9232","Oyster-Closed","1.0000","7","196.5","131.0","372.4","345.0"
"blob:http://localhost:8080/49552a7c-9b3b-4b03-982b-d0b580e90cab","18","2.552","10","2","true","Oyster-Closed","0.8465","Oyster-Closed","1.0000","7","59.3","255.8","263.6","381.6"
"blob:http://localhost:8080/49552a7c-9b3b-4b03-982b-d0b580e90cab","18","2.552","10","6","true","Oyster-Closed","0.8234","Oyster-Closed","1.0000","7","77.4","434.7","177.9","586.6"
"blob:http://localhost:8080/49552a7c-9b3b-4b03-982b-d0b580e90cab","18","2.552","10","3","true","Oyster-Closed","0.8143","Oyster-Closed","1.0000","7","156.6","33.8","274.3","185.8"
"blob:http://localhost:8080/49552a7c-9b3b-4b03-982b-d0b580e90cab","18","2.552","10","4","true","Oyster-Closed","0.8020","Oyster-Closed","1.0000","7","0.0","44.7","160.1","189.6"
"blob:http://localhost:8080/49552a7c-9b3b-4b03-982b-d0b580e90cab","18","2.552","10","5","true","Oyster-Closed","0.7905","Oyster-Closed","1.0000","7","113.1","172.3","206.7","268.1"
"blob:http://localhost:8080/49552a7c-9b3b-4b03-982b-d0b580e90cab","18","2.552","10","8","true","Oyster-Closed","0.7800","Oyster-Closed","0.8794","7","243.9","422.8","331.7","638.5"
"blob:http://localhost:8080/49552a7c-9b3b-4b03-982b-d0b580e90cab","18","2.552","10","10","true","Oyster-Closed","0.7127","Oyster-Closed","1.0000","7","28.1","372.5","104.5","481.7"
"blob:http://localhost:8080/49552a7c-9b3b-4b03-982b-d0b580e90cab","18","2.552","10","9","true","Oyster-Closed","0.6612","Oyster-Closed","1.0000","7","-0.2","440.8","68.6","562.6"
"blob:http://localhost:8080/49552a7c-9b3b-4b03-982b-d0b580e90cab","18","2.552","10","7","true","Oyster-Closed","0.6504","Oyster-Closed","1.0000","7","316.2","403.1","428.7","531.1"
"blob:http://localhost:8080/49552a7c-9b3b-4b03-982b-d0b580e90cab","19","2.693","11","1","true","Oyster-Closed","0.9245","Oyster-Closed","1.0000","7","197.2","131.3","373.5","346.5"
"blob:http://localhost:8080/49552a7c-9b3b-4b03-982b-d0b580e90cab","19","2.693","11","2","true","Oyster-Closed","0.8555","Oyster-Closed","1.0000","7","58.4","255.7","264.4","386.9"
"blob:http://localhost:8080/49552a7c-9b3b-4b03-982b-d0b580e90cab","19","2.693","11","3","true","Oyster-Closed","0.8481","Oyster-Closed","1.0000","7","157.9","35.4","271.6","185.7"
"blob:http://localhost:8080/49552a7c-9b3b-4b03-982b-d0b580e90cab","19","2.693","11","4","true","Oyster-Closed","0.8046","Oyster-Closed","1.0000","7","0.1","42.4","161.4","185.1"
"blob:http://localhost:8080/49552a7c-9b3b-4b03-982b-d0b580e90cab","19","2.693","11","6","true","Oyster-Closed","0.7872","Oyster-Closed","1.0000","7","77.0","435.0","178.5","586.3"
"blob:http://localhost:8080/49552a7c-9b3b-4b03-982b-d0b580e90cab","19","2.693","11","8","true","Oyster-Closed","0.7855","Oyster-Closed","1.0000","7","241.0","419.6","332.8","640.0"
"blob:http://localhost:8080/49552a7c-9b3b-4b03-982b-d0b580e90cab","19","2.693","11","5","true","Oyster-Closed","0.7718","Oyster-Closed","1.0000","7","113.7","173.4","207.8","269.3"
"blob:http://localhost:8080/49552a7c-9b3b-4b03-982b-d0b580e90cab","19","2.693","11","7","true","Oyster-Closed","0.6885","Oyster-Closed","1.0000","7","314.4","402.3","428.7","532.0"
"blob:http://localhost:8080/49552a7c-9b3b-4b03-982b-d0b580e90cab","19","2.693","11","9","true","Oyster-Closed","0.6197","Oyster-Closed","1.0000","7","0.4","443.4","68.1","556.4"
"blob:http://localhost:8080/49552a7c-9b3b-4b03-982b-d0b580e90cab","19","2.693","11","10","true","Oyster-Closed","0.6195","Oyster-Closed","1.0000","7","25.7","371.2","105.4","478.4"
"blob:http://localhost:8080/49552a7c-9b3b-4b03-982b-d0b580e90cab","19","2.693","11","16","false","Oyster-Open","0.5540","Oyster-Open","1.0000","2","88.3","282.2","168.6","323.8"
"blob:http://localhost:8080/49552a7c-9b3b-4b03-982b-d0b580e90cab","20","2.835","13","1","true","Oyster-Closed","0.9233","Oyster-Closed","1.0000","7","197.4","131.8","373.4","345.5"
"blob:http://localhost:8080/49552a7c-9b3b-4b03-982b-d0b580e90cab","20","2.835","13","3","true","Oyster-Closed","0.8587","Oyster-Closed","1.0000","7","158.3","35.2","272.0","185.6"
"blob:http://localhost:8080/49552a7c-9b3b-4b03-982b-d0b580e90cab","20","2.835","13","2","true","Oyster-Closed","0.8546","Oyster-Closed","1.0000","7","59.0","256.1","263.8","385.5"
"blob:http://localhost:8080/49552a7c-9b3b-4b03-982b-d0b580e90cab","20","2.835","13","4","true","Oyster-Closed","0.8533","Oyster-Closed","1.0000","7","0.1","40.4","162.3","184.2"
"blob:http://localhost:8080/49552a7c-9b3b-4b03-982b-d0b580e90cab","20","2.835","13","5","true","Oyster-Closed","0.7963","Oyster-Closed","1.0000","7","114.3","172.5","207.8","268.2"
"blob:http://localhost:8080/49552a7c-9b3b-4b03-982b-d0b580e90cab","20","2.835","13","6","true","Oyster-Closed","0.7960","Oyster-Closed","1.0000","7","76.9","435.9","178.6","585.8"
"blob:http://localhost:8080/49552a7c-9b3b-4b03-982b-d0b580e90cab","20","2.835","13","8","true","Oyster-Closed","0.7841","Oyster-Closed","1.0000","7","243.1","419.3","333.4","623.6"
"blob:http://localhost:8080/49552a7c-9b3b-4b03-982b-d0b580e90cab","20","2.835","13","7","true","Oyster-Closed","0.7161","Oyster-Closed","1.0000","7","313.3","403.1","428.7","537.4"
"blob:http://localhost:8080/49552a7c-9b3b-4b03-982b-d0b580e90cab","20","2.835","13","9","true","Oyster-Closed","0.6462","Oyster-Closed","1.0000","7","0.3","444.8","67.7","551.5"
"blob:http://localhost:8080/49552a7c-9b3b-4b03-982b-d0b580e90cab","20","2.835","13","10","true","Oyster-Closed","0.6388","Oyster-Closed","1.0000","7","27.5","368.4","107.4","477.0"
"blob:http://localhost:8080/49552a7c-9b3b-4b03-982b-d0b580e90cab","20","2.835","13","11","true","Oyster-Closed","0.5971","Oyster-Closed","1.0000","7","-0.0","279.2","51.7","408.4"
"blob:http://localhost:8080/49552a7c-9b3b-4b03-982b-d0b580e90cab","20","2.835","13","17","false","Oyster-Closed","0.4988","Oyster-Closed","1.0000","1","256.5","4.2","427.2","171.5"
"blob:http://localhost:8080/49552a7c-9b3b-4b03-982b-d0b580e90cab","20","2.835","13","16","false","Oyster-Open","0.4976","Oyster-Open","1.0000","3","88.3","282.2","168.6","322.9"
"blob:http://localhost:8080/49552a7c-9b3b-4b03-982b-d0b580e90cab","21","2.978","12","1","true","Oyster-Closed","0.9225","Oyster-Closed","1.0000","7","197.2","132.8","373.7","345.2"
"blob:http://localhost:8080/49552a7c-9b3b-4b03-982b-d0b580e90cab","21","2.978","12","3","true","Oyster-Closed","0.8645","Oyster-Closed","1.0000","7","158.3","30.9","274.3","185.8"
"blob:http://localhost:8080/49552a7c-9b3b-4b03-982b-d0b580e90cab","21","2.978","12","2","true","Oyster-Closed","0.8534","Oyster-Closed","1.0000","7","58.3","256.7","263.4","385.6"
"blob:http://localhost:8080/49552a7c-9b3b-4b03-982b-d0b580e90cab","21","2.978","12","4","true","Oyster-Closed","0.8281","Oyster-Closed","1.0000","7","0.1","35.2","161.3","184.8"
"blob:http://localhost:8080/49552a7c-9b3b-4b03-982b-d0b580e90cab","21","2.978","12","5","true","Oyster-Closed","0.7960","Oyster-Closed","1.0000","7","114.2","169.9","208.5","268.2"
"blob:http://localhost:8080/49552a7c-9b3b-4b03-982b-d0b580e90cab","21","2.978","12","6","true","Oyster-Closed","0.7678","Oyster-Closed","1.0000","7","76.0","435.6","177.4","585.5"
"blob:http://localhost:8080/49552a7c-9b3b-4b03-982b-d0b580e90cab","21","2.978","12","8","true","Oyster-Closed","0.7196","Oyster-Closed","1.0000","7","241.3","421.0","330.3","622.5"
"blob:http://localhost:8080/49552a7c-9b3b-4b03-982b-d0b580e90cab","21","2.978","12","9","true","Oyster-Closed","0.6620","Oyster-Closed","1.0000","7","-0.2","430.9","67.7","545.5"
"blob:http://localhost:8080/49552a7c-9b3b-4b03-982b-d0b580e90cab","21","2.978","12","17","false","Oyster-Closed","0.6119","Oyster-Closed","1.0000","2","257.8","3.1","427.2","170.9"
"blob:http://localhost:8080/49552a7c-9b3b-4b03-982b-d0b580e90cab","21","2.978","12","10","true","Oyster-Closed","0.5949","Oyster-Closed","1.0000","7","30.3","367.7","106.6","475.1"
"blob:http://localhost:8080/49552a7c-9b3b-4b03-982b-d0b580e90cab","21","2.978","12","7","true","Oyster-Closed","0.5498","Oyster-Closed","1.0000","7","311.3","405.2","428.7","540.5"
"blob:http://localhost:8080/49552a7c-9b3b-4b03-982b-d0b580e90cab","21","2.978","12","16","false","Oyster-Open","0.4068","Oyster-Open","1.0000","4","88.0","283.2","168.2","323.1"
"blob:http://localhost:8080/49552a7c-9b3b-4b03-982b-d0b580e90cab","22","3.119","13","1","true","Oyster-Closed","0.9225","Oyster-Closed","1.0000","7","197.4","133.0","373.7","345.6"
"blob:http://localhost:8080/49552a7c-9b3b-4b03-982b-d0b580e90cab","22","3.119","13","2","true","Oyster-Closed","0.8577","Oyster-Closed","1.0000","7","58.6","257.2","263.5","385.5"
"blob:http://localhost:8080/49552a7c-9b3b-4b03-982b-d0b580e90cab","22","3.119","13","3","true","Oyster-Closed","0.8412","Oyster-Closed","1.0000","7","158.6","33.0","273.7","185.4"
"blob:http://localhost:8080/49552a7c-9b3b-4b03-982b-d0b580e90cab","22","3.119","13","5","true","Oyster-Closed","0.7967","Oyster-Closed","1.0000","7","114.1","171.2","208.6","268.2"
"blob:http://localhost:8080/49552a7c-9b3b-4b03-982b-d0b580e90cab","22","3.119","13","6","true","Oyster-Closed","0.7875","Oyster-Closed","1.0000","7","75.4","435.5","176.0","585.4"
"blob:http://localhost:8080/49552a7c-9b3b-4b03-982b-d0b580e90cab","22","3.119","13","4","true","Oyster-Closed","0.7798","Oyster-Closed","1.0000","7","0.1","31.3","161.1","191.5"
"blob:http://localhost:8080/49552a7c-9b3b-4b03-982b-d0b580e90cab","22","3.119","13","8","true","Oyster-Closed","0.7030","Oyster-Closed","1.0000","7","221.4","418.9","330.0","638.7"
"blob:http://localhost:8080/49552a7c-9b3b-4b03-982b-d0b580e90cab","22","3.119","13","10","true","Oyster-Closed","0.6478","Oyster-Closed","1.0000","7","30.4","364.4","105.9","472.9"
"blob:http://localhost:8080/49552a7c-9b3b-4b03-982b-d0b580e90cab","22","3.119","13","9","true","Oyster-Closed","0.6238","Oyster-Closed","1.0000","7","0.1","435.4","66.6","536.9"
"blob:http://localhost:8080/49552a7c-9b3b-4b03-982b-d0b580e90cab","22","3.119","13","13","true","Oyster-Closed","0.5707","Oyster-Closed","1.0000","7","93.1","369.6","202.9","493.8"
"blob:http://localhost:8080/49552a7c-9b3b-4b03-982b-d0b580e90cab","22","3.119","13","16","true","Oyster-Open","0.5476","Oyster-Open","1.0000","5","86.2","281.7","169.1","321.9"
"blob:http://localhost:8080/49552a7c-9b3b-4b03-982b-d0b580e90cab","22","3.119","13","7","true","Oyster-Closed","0.5458","Oyster-Closed","1.0000","7","311.0","407.0","428.7","541.2"
"blob:http://localhost:8080/49552a7c-9b3b-4b03-982b-d0b580e90cab","22","3.119","13","17","false","Oyster-Closed","0.4676","Oyster-Closed","1.0000","3","256.1","5.2","427.6","174.4"
"blob:http://localhost:8080/49552a7c-9b3b-4b03-982b-d0b580e90cab","23","3.261","13","1","true","Oyster-Closed","0.9219","Oyster-Closed","1.0000","7","197.9","133.7","373.5","346.1"
"blob:http://localhost:8080/49552a7c-9b3b-4b03-982b-d0b580e90cab","23","3.261","13","2","true","Oyster-Closed","0.8551","Oyster-Closed","1.0000","7","60.2","260.5","263.6","385.2"
"blob:http://localhost:8080/49552a7c-9b3b-4b03-982b-d0b580e90cab","23","3.261","13","4","true","Oyster-Closed","0.8004","Oyster-Closed","1.0000","7","0.0","27.6","162.5","185.8"
"blob:http://localhost:8080/49552a7c-9b3b-4b03-982b-d0b580e90cab","23","3.261","13","5","true","Oyster-Closed","0.7887","Oyster-Closed","1.0000","7","114.9","169.7","209.8","267.7"
"blob:http://localhost:8080/49552a7c-9b3b-4b03-982b-d0b580e90cab","23","3.261","13","6","true","Oyster-Closed","0.7837","Oyster-Closed","1.0000","7","74.5","435.5","175.3","585.1"
"blob:http://localhost:8080/49552a7c-9b3b-4b03-982b-d0b580e90cab","23","3.261","13","9","true","Oyster-Closed","0.7787","Oyster-Closed","1.0000","7","0.1","430.2","65.7","529.9"
"blob:http://localhost:8080/49552a7c-9b3b-4b03-982b-d0b580e90cab","23","3.261","13","17","false","Oyster-Closed","0.7545","Oyster-Closed","1.0000","4","159.0","4.4","426.7","183.4"
"blob:http://localhost:8080/49552a7c-9b3b-4b03-982b-d0b580e90cab","23","3.261","13","8","true","Oyster-Closed","0.7393","Oyster-Closed","1.0000","7","216.8","417.5","328.4","639.8"
"blob:http://localhost:8080/49552a7c-9b3b-4b03-982b-d0b580e90cab","23","3.261","13","3","true","Oyster-Closed","0.7305","Oyster-Closed","1.0000","7","159.1","32.3","274.9","185.5"
"blob:http://localhost:8080/49552a7c-9b3b-4b03-982b-d0b580e90cab","23","3.261","13","13","true","Oyster-Closed","0.5160","Oyster-Closed","1.0000","7","93.2","370.1","202.7","492.9"
"blob:http://localhost:8080/49552a7c-9b3b-4b03-982b-d0b580e90cab","23","3.261","13","7","true","Oyster-Closed","0.5102","Oyster-Closed","1.0000","7","310.2","407.4","428.7","540.7"
"blob:http://localhost:8080/49552a7c-9b3b-4b03-982b-d0b580e90cab","23","3.261","13","16","true","Oyster-Open","0.5079","Oyster-Open","1.0000","6","88.2","282.7","168.3","321.8"
"blob:http://localhost:8080/49552a7c-9b3b-4b03-982b-d0b580e90cab","23","3.261","13","10","true","Oyster-Closed","0.4875","Oyster-Closed","1.0000","7","28.7","364.8","106.7","471.1"
"blob:http://localhost:8080/49552a7c-9b3b-4b03-982b-d0b580e90cab","24","3.405","14","1","true","Oyster-Closed","0.9208","Oyster-Closed","1.0000","7","197.6","133.6","373.4","345.3"
"blob:http://localhost:8080/49552a7c-9b3b-4b03-982b-d0b580e90cab","24","3.405","14","2","true","Oyster-Closed","0.8530","Oyster-Closed","1.0000","7","59.4","260.4","263.1","385.7"
"blob:http://localhost:8080/49552a7c-9b3b-4b03-982b-d0b580e90cab","24","3.405","14","17","true","Oyster-Closed","0.8231","Oyster-Closed","1.0000","5","159.6","4.5","427.0","184.0"
"blob:http://localhost:8080/49552a7c-9b3b-4b03-982b-d0b580e90cab","24","3.405","14","5","true","Oyster-Closed","0.7850","Oyster-Closed","1.0000","7","114.6","166.7","208.9","268.6"
"blob:http://localhost:8080/49552a7c-9b3b-4b03-982b-d0b580e90cab","24","3.405","14","4","true","Oyster-Closed","0.7812","Oyster-Closed","1.0000","7","0.0","24.4","163.4","187.6"
"blob:http://localhost:8080/49552a7c-9b3b-4b03-982b-d0b580e90cab","24","3.405","14","6","true","Oyster-Closed","0.7066","Oyster-Closed","1.0000","7","74.5","435.7","174.3","583.9"
"blob:http://localhost:8080/49552a7c-9b3b-4b03-982b-d0b580e90cab","24","3.405","14","8","true","Oyster-Closed","0.6342","Oyster-Closed","1.0000","7","218.4","417.5","328.9","639.7"
"blob:http://localhost:8080/49552a7c-9b3b-4b03-982b-d0b580e90cab","24","3.405","14","7","true","Oyster-Closed","0.6189","Oyster-Closed","1.0000","7","310.2","409.5","428.7","536.5"
"blob:http://localhost:8080/49552a7c-9b3b-4b03-982b-d0b580e90cab","24","3.405","14","9","true","Oyster-Closed","0.6120","Oyster-Closed","1.0000","7","-0.2","406.4","66.4","524.8"
"blob:http://localhost:8080/49552a7c-9b3b-4b03-982b-d0b580e90cab","24","3.405","14","10","true","Oyster-Closed","0.5968","Oyster-Closed","1.0000","7","29.6","361.4","107.0","470.6"
"blob:http://localhost:8080/49552a7c-9b3b-4b03-982b-d0b580e90cab","24","3.405","14","3","true","Oyster-Closed","0.5268","Oyster-Closed","1.0000","7","159.5","30.7","274.6","185.1"
"blob:http://localhost:8080/49552a7c-9b3b-4b03-982b-d0b580e90cab","24","3.405","14","18","false","Oyster-Closed","0.5052","Oyster-Closed","1.0000","1","374.9","517.9","428.2","583.3"
"blob:http://localhost:8080/49552a7c-9b3b-4b03-982b-d0b580e90cab","24","3.405","14","16","true","Oyster-Open","0.4940","Oyster-Open","1.0000","7","88.0","283.1","167.5","322.5"
"blob:http://localhost:8080/49552a7c-9b3b-4b03-982b-d0b580e90cab","24","3.405","14","13","true","Oyster-Closed","0.4407","Oyster-Closed","1.0000","7","93.4","369.4","202.1","492.8"
"blob:http://localhost:8080/49552a7c-9b3b-4b03-982b-d0b580e90cab","25","3.544","13","1","true","Oyster-Closed","0.9224","Oyster-Closed","1.0000","7","198.1","134.3","374.2","346.2"
"blob:http://localhost:8080/49552a7c-9b3b-4b03-982b-d0b580e90cab","25","3.544","13","2","true","Oyster-Closed","0.8605","Oyster-Closed","1.0000","7","59.7","261.7","263.5","384.5"
"blob:http://localhost:8080/49552a7c-9b3b-4b03-982b-d0b580e90cab","25","3.544","13","5","true","Oyster-Closed","0.7920","Oyster-Closed","1.0000","7","115.0","167.5","209.8","267.9"
"blob:http://localhost:8080/49552a7c-9b3b-4b03-982b-d0b580e90cab","25","3.544","13","17","true","Oyster-Closed","0.7714","Oyster-Closed","1.0000","6","160.2","4.2","426.9","183.1"
"blob:http://localhost:8080/49552a7c-9b3b-4b03-982b-d0b580e90cab","25","3.544","13","4","true","Oyster-Closed","0.7471","Oyster-Closed","1.0000","7","0.0","23.6","163.8","189.1"
"blob:http://localhost:8080/49552a7c-9b3b-4b03-982b-d0b580e90cab","25","3.544","13","6","true","Oyster-Closed","0.6856","Oyster-Closed","1.0000","7","74.3","436.2","173.3","583.9"
"blob:http://localhost:8080/49552a7c-9b3b-4b03-982b-d0b580e90cab","25","3.544","13","16","true","Oyster-Open","0.6722","Oyster-Open","1.0000","7","85.8","282.8","168.3","321.8"
"blob:http://localhost:8080/49552a7c-9b3b-4b03-982b-d0b580e90cab","25","3.544","13","8","true","Oyster-Closed","0.6704","Oyster-Closed","1.0000","7","214.9","416.4","325.2","639.8"
"blob:http://localhost:8080/49552a7c-9b3b-4b03-982b-d0b580e90cab","25","3.544","13","3","true","Oyster-Closed","0.6564","Oyster-Closed","1.0000","7","160.0","34.2","277.2","186.5"
"blob:http://localhost:8080/49552a7c-9b3b-4b03-982b-d0b580e90cab","25","3.544","13","9","true","Oyster-Closed","0.6350","Oyster-Closed","1.0000","7","-0.0","403.4","65.7","518.3"
"blob:http://localhost:8080/49552a7c-9b3b-4b03-982b-d0b580e90cab","25","3.544","13","10","true","Oyster-Closed","0.5640","Oyster-Closed","1.0000","7","29.8","361.9","107.2","468.6"
"blob:http://localhost:8080/49552a7c-9b3b-4b03-982b-d0b580e90cab","25","3.544","13","7","true","Oyster-Closed","0.5068","Oyster-Closed","1.0000","7","310.5","410.5","428.8","534.0"
"blob:http://localhost:8080/49552a7c-9b3b-4b03-982b-d0b580e90cab","25","3.544","13","18","false","Oyster-Closed","0.4271","Oyster-Closed","1.0000","2","374.7","517.2","428.4","582.5"
"blob:http://localhost:8080/49552a7c-9b3b-4b03-982b-d0b580e90cab","26","3.689","13","1","true","Oyster-Closed","0.9238","Oyster-Closed","1.0000","7","198.4","134.7","373.5","346.0"
"blob:http://localhost:8080/49552a7c-9b3b-4b03-982b-d0b580e90cab","26","3.689","13","2","true","Oyster-Closed","0.8632","Oyster-Closed","1.0000","7","60.3","262.1","263.4","383.3"
"blob:http://localhost:8080/49552a7c-9b3b-4b03-982b-d0b580e90cab","26","3.689","13","5","true","Oyster-Closed","0.8047","Oyster-Closed","1.0000","7","115.5","166.5","209.9","267.6"
"blob:http://localhost:8080/49552a7c-9b3b-4b03-982b-d0b580e90cab","26","3.689","13","6","true","Oyster-Closed","0.7030","Oyster-Closed","1.0000","7","73.7","437.2","171.7","583.3"
"blob:http://localhost:8080/49552a7c-9b3b-4b03-982b-d0b580e90cab","26","3.689","13","4","true","Oyster-Closed","0.6658","Oyster-Closed","1.0000","7","0.2","21.4","164.8","191.9"
"blob:http://localhost:8080/49552a7c-9b3b-4b03-982b-d0b580e90cab","26","3.689","13","16","true","Oyster-Open","0.6382","Oyster-Open","1.0000","7","86.0","282.5","169.3","321.9"
"blob:http://localhost:8080/49552a7c-9b3b-4b03-982b-d0b580e90cab","26","3.689","13","10","true","Oyster-Closed","0.5925","Oyster-Closed","1.0000","7","28.9","358.8","107.3","466.8"
"blob:http://localhost:8080/49552a7c-9b3b-4b03-982b-d0b580e90cab","26","3.689","13","9","true","Oyster-Closed","0.5835","Oyster-Closed","1.0000","7","0.3","420.7","65.4","511.5"
"blob:http://localhost:8080/49552a7c-9b3b-4b03-982b-d0b580e90cab","26","3.689","13","8","true","Oyster-Closed","0.5801","Oyster-Closed","1.0000","7","214.9","416.7","322.4","639.6"
"blob:http://localhost:8080/49552a7c-9b3b-4b03-982b-d0b580e90cab","26","3.689","13","17","true","Oyster-Closed","0.5801","Oyster-Closed","1.0000","7","252.4","0.9","427.8","173.2"
"blob:http://localhost:8080/49552a7c-9b3b-4b03-982b-d0b580e90cab","26","3.689","13","7","true","Oyster-Closed","0.5399","Oyster-Closed","1.0000","7","310.3","406.8","428.8","531.0"
"blob:http://localhost:8080/49552a7c-9b3b-4b03-982b-d0b580e90cab","26","3.689","13","12","true","Oyster-Closed","0.4749","Oyster-Closed","1.0000","7","166.2","473.4","225.0","525.5"
"blob:http://localhost:8080/49552a7c-9b3b-4b03-982b-d0b580e90cab","26","3.689","13","11","true","Oyster-Closed","0.4281","Oyster-Closed","1.0000","7","0.1","268.4","50.1","396.8"
"blob:http://localhost:8080/49552a7c-9b3b-4b03-982b-d0b580e90cab","27","3.827","13","1","true","Oyster-Closed","0.9238","Oyster-Closed","1.0000","7","198.5","134.8","373.6","346.9"
"blob:http://localhost:8080/49552a7c-9b3b-4b03-982b-d0b580e90cab","27","3.827","13","2","true","Oyster-Closed","0.8675","Oyster-Closed","1.0000","7","59.7","262.1","263.5","383.4"
"blob:http://localhost:8080/49552a7c-9b3b-4b03-982b-d0b580e90cab","27","3.827","13","5","true","Oyster-Closed","0.8219","Oyster-Closed","1.0000","7","115.5","166.2","209.6","267.5"
"blob:http://localhost:8080/49552a7c-9b3b-4b03-982b-d0b580e90cab","27","3.827","13","17","true","Oyster-Closed","0.7864","Oyster-Closed","1.0000","7","161.4","1.5","426.7","183.1"
"blob:http://localhost:8080/49552a7c-9b3b-4b03-982b-d0b580e90cab","27","3.827","13","6","true","Oyster-Closed","0.7740","Oyster-Closed","1.0000","7","73.3","437.6","169.2","583.2"
"blob:http://localhost:8080/49552a7c-9b3b-4b03-982b-d0b580e90cab","27","3.827","13","8","true","Oyster-Closed","0.7518","Oyster-Closed","1.0000","7","215.4","416.7","323.4","639.4"
"blob:http://localhost:8080/49552a7c-9b3b-4b03-982b-d0b580e90cab","27","3.827","13","4","true","Oyster-Closed","0.7215","Oyster-Closed","1.0000","7","0.0","21.1","166.6","188.7"
"blob:http://localhost:8080/49552a7c-9b3b-4b03-982b-d0b580e90cab","27","3.827","13","7","true","Oyster-Closed","0.6624","Oyster-Closed","1.0000","7","310.2","404.1","428.6","528.8"
"blob:http://localhost:8080/49552a7c-9b3b-4b03-982b-d0b580e90cab","27","3.827","13","10","true","Oyster-Closed","0.6001","Oyster-Closed","1.0000","7","30.4","358.8","106.8","466.1"
"blob:http://localhost:8080/49552a7c-9b3b-4b03-982b-d0b580e90cab","27","3.827","13","9","true","Oyster-Closed","0.5680","Oyster-Closed","1.0000","7","0.0","395.4","65.6","507.3"
"blob:http://localhost:8080/49552a7c-9b3b-4b03-982b-d0b580e90cab","27","3.827","13","13","true","Oyster-Closed","0.5406","Oyster-Closed","1.0000","7","92.0","371.5","201.2","488.9"
"blob:http://localhost:8080/49552a7c-9b3b-4b03-982b-d0b580e90cab","27","3.827","13","3","true","Oyster-Closed","0.4800","Oyster-Closed","1.0000","7","161.1","36.4","278.2","185.6"
"blob:http://localhost:8080/49552a7c-9b3b-4b03-982b-d0b580e90cab","27","3.827","13","16","true","Oyster-Open","0.4787","Oyster-Open","1.0000","7","85.3","282.8","170.6","321.7"
"blob:http://localhost:8080/49552a7c-9b3b-4b03-982b-d0b580e90cab","28","3.968","13","1","true","Oyster-Closed","0.9257","Oyster-Closed","1.0000","7","198.2","134.3","373.0","348.4"
"blob:http://localhost:8080/49552a7c-9b3b-4b03-982b-d0b580e90cab","28","3.968","13","2","true","Oyster-Closed","0.8698","Oyster-Closed","1.0000","7","58.0","261.7","263.0","384.3"
"blob:http://localhost:8080/49552a7c-9b3b-4b03-982b-d0b580e90cab","28","3.968","13","17","true","Oyster-Closed","0.8308","Oyster-Closed","1.0000","7","161.4","0.9","426.3","182.3"
"blob:http://localhost:8080/49552a7c-9b3b-4b03-982b-d0b580e90cab","28","3.968","13","5","true","Oyster-Closed","0.8121","Oyster-Closed","1.0000","7","115.7","168.2","209.7","267.6"
"blob:http://localhost:8080/49552a7c-9b3b-4b03-982b-d0b580e90cab","28","3.968","13","4","true","Oyster-Closed","0.7780","Oyster-Closed","1.0000","7","0.0","16.4","167.1","186.4"
"blob:http://localhost:8080/49552a7c-9b3b-4b03-982b-d0b580e90cab","28","3.968","13","6","true","Oyster-Closed","0.7206","Oyster-Closed","1.0000","7","72.8","437.2","167.0","582.8"
"blob:http://localhost:8080/49552a7c-9b3b-4b03-982b-d0b580e90cab","28","3.968","13","3","true","Oyster-Closed","0.6977","Oyster-Closed","1.0000","7","161.3","37.5","277.1","184.7"
"blob:http://localhost:8080/49552a7c-9b3b-4b03-982b-d0b580e90cab","28","3.968","13","10","true","Oyster-Closed","0.6411","Oyster-Closed","1.0000","7","28.6","358.4","105.3","463.5"
"blob:http://localhost:8080/49552a7c-9b3b-4b03-982b-d0b580e90cab","28","3.968","13","7","true","Oyster-Closed","0.6316","Oyster-Closed","1.0000","7","308.9","403.7","428.9","525.7"
"blob:http://localhost:8080/49552a7c-9b3b-4b03-982b-d0b580e90cab","28","3.968","13","8","true","Oyster-Closed","0.6310","Oyster-Closed","1.0000","7","214.0","418.6","317.1","634.4"
"blob:http://localhost:8080/49552a7c-9b3b-4b03-982b-d0b580e90cab","28","3.968","13","16","true","Oyster-Open","0.5787","Oyster-Open","1.0000","7","85.2","283.0","171.5","321.9"
"blob:http://localhost:8080/49552a7c-9b3b-4b03-982b-d0b580e90cab","28","3.968","13","9","true","Oyster-Closed","0.5579","Oyster-Closed","1.0000","7","-0.1","397.9","64.3","497.0"
"blob:http://localhost:8080/49552a7c-9b3b-4b03-982b-d0b580e90cab","28","3.968","13","13","true","Oyster-Closed","0.4081","Oyster-Closed","1.0000","7","72.0","369.2","200.8","580.5"
"blob:http://localhost:8080/49552a7c-9b3b-4b03-982b-d0b580e90cab","29","4.109","11","1","true","Oyster-Closed","0.9224","Oyster-Closed","1.0000","7","198.6","135.4","374.2","346.6"
"blob:http://localhost:8080/49552a7c-9b3b-4b03-982b-d0b580e90cab","29","4.109","11","17","true","Oyster-Closed","0.9050","Oyster-Closed","1.0000","7","161.7","-0.2","428.1","178.6"
"blob:http://localhost:8080/49552a7c-9b3b-4b03-982b-d0b580e90cab","29","4.109","11","2","true","Oyster-Closed","0.8727","Oyster-Closed","1.0000","7","57.5","260.6","263.6","384.8"
"blob:http://localhost:8080/49552a7c-9b3b-4b03-982b-d0b580e90cab","29","4.109","11","4","true","Oyster-Closed","0.8445","Oyster-Closed","1.0000","7","0.0","15.5","167.4","182.4"
"blob:http://localhost:8080/49552a7c-9b3b-4b03-982b-d0b580e90cab","29","4.109","11","5","true","Oyster-Closed","0.8152","Oyster-Closed","1.0000","7","115.8","168.8","211.0","267.6"
"blob:http://localhost:8080/49552a7c-9b3b-4b03-982b-d0b580e90cab","29","4.109","11","8","true","Oyster-Closed","0.7306","Oyster-Closed","1.0000","7","213.8","415.8","316.7","636.3"
"blob:http://localhost:8080/49552a7c-9b3b-4b03-982b-d0b580e90cab","29","4.109","11","6","true","Oyster-Closed","0.7212","Oyster-Closed","1.0000","7","72.6","437.2","167.1","582.7"
"blob:http://localhost:8080/49552a7c-9b3b-4b03-982b-d0b580e90cab","29","4.109","11","10","true","Oyster-Closed","0.6591","Oyster-Closed","1.0000","7","29.1","358.0","106.1","462.2"
"blob:http://localhost:8080/49552a7c-9b3b-4b03-982b-d0b580e90cab","29","4.109","11","7","true","Oyster-Closed","0.6372","Oyster-Closed","1.0000","7","307.5","401.1","428.7","525.9"
"blob:http://localhost:8080/49552a7c-9b3b-4b03-982b-d0b580e90cab","29","4.109","11","9","true","Oyster-Closed","0.6086","Oyster-Closed","1.0000","7","0.2","395.3","64.5","494.0"
"blob:http://localhost:8080/49552a7c-9b3b-4b03-982b-d0b580e90cab","29","4.109","11","16","true","Oyster-Open","0.6032","Oyster-Open","1.0000","7","86.1","283.1","171.7","321.9"
"blob:http://localhost:8080/49552a7c-9b3b-4b03-982b-d0b580e90cab","30","4.251","10","1","true","Oyster-Closed","0.9250","Oyster-Closed","1.0000","7","198.8","136.7","373.7","348.4"
"blob:http://localhost:8080/49552a7c-9b3b-4b03-982b-d0b580e90cab","30","4.251","10","17","true","Oyster-Closed","0.8952","Oyster-Closed","1.0000","7","162.2","1.1","428.2","179.9"
"blob:http://localhost:8080/49552a7c-9b3b-4b03-982b-d0b580e90cab","30","4.251","10","2","true","Oyster-Closed","0.8728","Oyster-Closed","1.0000","7","55.2","260.7","263.9","386.1"
"blob:http://localhost:8080/49552a7c-9b3b-4b03-982b-d0b580e90cab","30","4.251","10","4","true","Oyster-Closed","0.8062","Oyster-Closed","1.0000","7","0.0","16.4","167.5","178.4"
"blob:http://localhost:8080/49552a7c-9b3b-4b03-982b-d0b580e90cab","30","4.251","10","5","true","Oyster-Closed","0.7971","Oyster-Closed","1.0000","7","116.6","168.5","211.7","268.2"
"blob:http://localhost:8080/49552a7c-9b3b-4b03-982b-d0b580e90cab","30","4.251","10","6","true","Oyster-Closed","0.7449","Oyster-Closed","1.0000","7","72.6","436.9","166.6","582.2"
"blob:http://localhost:8080/49552a7c-9b3b-4b03-982b-d0b580e90cab","30","4.251","10","9","true","Oyster-Closed","0.7029","Oyster-Closed","1.0000","7","-0.0","385.9","62.7","483.8"
"blob:http://localhost:8080/49552a7c-9b3b-4b03-982b-d0b580e90cab","30","4.251","10","7","true","Oyster-Closed","0.6742","Oyster-Closed","1.0000","7","306.1","404.2","428.7","521.4"
"blob:http://localhost:8080/49552a7c-9b3b-4b03-982b-d0b580e90cab","30","4.251","10","10","true","Oyster-Closed","0.5974","Oyster-Closed","1.0000","7","29.8","357.6","103.3","460.1"
"blob:http://localhost:8080/49552a7c-9b3b-4b03-982b-d0b580e90cab","30","4.251","10","8","true","Oyster-Closed","0.5600","Oyster-Closed","1.0000","7","220.8","417.6","313.6","633.9"
"blob:http://localhost:8080/49552a7c-9b3b-4b03-982b-d0b580e90cab","31","4.391","9","1","true","Oyster-Closed","0.9232","Oyster-Closed","1.0000","7","199.1","137.6","373.7","348.8"
"blob:http://localhost:8080/49552a7c-9b3b-4b03-982b-d0b580e90cab","31","4.391","9","17","true","Oyster-Closed","0.8976","Oyster-Closed","1.0000","7","162.0","0.4","428.3","180.0"
"blob:http://localhost:8080/49552a7c-9b3b-4b03-982b-d0b580e90cab","31","4.391","9","2","true","Oyster-Closed","0.8713","Oyster-Closed","1.0000","7","55.3","261.4","264.2","387.0"
"blob:http://localhost:8080/49552a7c-9b3b-4b03-982b-d0b580e90cab","31","4.391","9","4","true","Oyster-Closed","0.8223","Oyster-Closed","1.0000","7","0.3","15.0","167.7","178.5"
"blob:http://localhost:8080/49552a7c-9b3b-4b03-982b-d0b580e90cab","31","4.391","9","5","true","Oyster-Closed","0.8068","Oyster-Closed","1.0000","7","116.9","168.1","211.7","267.5"
"blob:http://localhost:8080/49552a7c-9b3b-4b03-982b-d0b580e90cab","31","4.391","9","6","true","Oyster-Closed","0.7662","Oyster-Closed","1.0000","7","72.3","436.8","166.7","582.3"
"blob:http://localhost:8080/49552a7c-9b3b-4b03-982b-d0b580e90cab","31","4.391","9","7","true","Oyster-Closed","0.6498","Oyster-Closed","1.0000","7","306.7","405.0","428.7","520.6"
"blob:http://localhost:8080/49552a7c-9b3b-4b03-982b-d0b580e90cab","31","4.391","9","8","true","Oyster-Closed","0.5787","Oyster-Closed","1.0000","7","215.0","417.0","311.7","640.5"
"blob:http://localhost:8080/49552a7c-9b3b-4b03-982b-d0b580e90cab","31","4.391","9","10","true","Oyster-Closed","0.4132","Oyster-Closed","1.0000","7","30.4","356.4","101.7","457.4"
"blob:http://localhost:8080/49552a7c-9b3b-4b03-982b-d0b580e90cab","32","4.532","9","1","true","Oyster-Closed","0.9224","Oyster-Closed","1.0000","7","199.4","139.8","374.2","348.6"
"blob:http://localhost:8080/49552a7c-9b3b-4b03-982b-d0b580e90cab","32","4.532","9","17","true","Oyster-Closed","0.9140","Oyster-Closed","1.0000","7","162.6","-0.0","428.6","180.9"
"blob:http://localhost:8080/49552a7c-9b3b-4b03-982b-d0b580e90cab","32","4.532","9","2","true","Oyster-Closed","0.8689","Oyster-Closed","1.0000","7","54.1","261.3","263.8","387.4"
"blob:http://localhost:8080/49552a7c-9b3b-4b03-982b-d0b580e90cab","32","4.532","9","4","true","Oyster-Closed","0.8191","Oyster-Closed","1.0000","7","0.3","5.2","169.7","180.0"
"blob:http://localhost:8080/49552a7c-9b3b-4b03-982b-d0b580e90cab","32","4.532","9","6","true","Oyster-Closed","0.8135","Oyster-Closed","1.0000","7","71.7","436.8","165.0","581.8"
"blob:http://localhost:8080/49552a7c-9b3b-4b03-982b-d0b580e90cab","32","4.532","9","5","true","Oyster-Closed","0.7985","Oyster-Closed","1.0000","7","116.7","167.0","211.5","269.2"
"blob:http://localhost:8080/49552a7c-9b3b-4b03-982b-d0b580e90cab","32","4.532","9","8","true","Oyster-Closed","0.6819","Oyster-Closed","1.0000","7","218.3","417.9","312.2","640.3"
"blob:http://localhost:8080/49552a7c-9b3b-4b03-982b-d0b580e90cab","32","4.532","9","7","true","Oyster-Closed","0.6715","Oyster-Closed","1.0000","7","306.7","396.8","428.6","518.8"
"blob:http://localhost:8080/49552a7c-9b3b-4b03-982b-d0b580e90cab","32","4.532","9","13","true","Oyster-Closed","0.4153","Oyster-Closed","1.0000","7","91.0","373.3","200.1","483.3"
"blob:http://localhost:8080/49552a7c-9b3b-4b03-982b-d0b580e90cab","33","4.667","8","1","true","Oyster-Closed","0.9253","Oyster-Closed","1.0000","7","198.9","139.2","373.2","349.0"
"blob:http://localhost:8080/49552a7c-9b3b-4b03-982b-d0b580e90cab","33","4.667","8","17","true","Oyster-Closed","0.8917","Oyster-Closed","1.0000","7","162.8","0.0","428.6","179.8"
"blob:http://localhost:8080/49552a7c-9b3b-4b03-982b-d0b580e90cab","33","4.667","8","2","true","Oyster-Closed","0.8693","Oyster-Closed","1.0000","7","52.9","261.3","263.7","388.6"
"blob:http://localhost:8080/49552a7c-9b3b-4b03-982b-d0b580e90cab","33","4.667","8","5","true","Oyster-Closed","0.7923","Oyster-Closed","1.0000","7","116.8","165.7","212.3","268.1"
"blob:http://localhost:8080/49552a7c-9b3b-4b03-982b-d0b580e90cab","33","4.667","8","4","true","Oyster-Closed","0.7715","Oyster-Closed","1.0000","7","0.3","3.4","170.1","182.4"
"blob:http://localhost:8080/49552a7c-9b3b-4b03-982b-d0b580e90cab","33","4.667","8","6","true","Oyster-Closed","0.7504","Oyster-Closed","1.0000","7","70.6","435.6","164.6","580.9"
"blob:http://localhost:8080/49552a7c-9b3b-4b03-982b-d0b580e90cab","33","4.667","8","8","true","Oyster-Closed","0.6415","Oyster-Closed","1.0000","7","221.0","417.6","309.0","640.8"
"blob:http://localhost:8080/49552a7c-9b3b-4b03-982b-d0b580e90cab","33","4.667","8","7","true","Oyster-Closed","0.6198","Oyster-Closed","1.0000","7","305.0","399.5","428.6","517.5"
"blob:http://localhost:8080/49552a7c-9b3b-4b03-982b-d0b580e90cab","34","4.814","9","1","true","Oyster-Closed","0.9283","Oyster-Closed","1.0000","7","199.3","139.5","373.5","349.3"
"blob:http://localhost:8080/49552a7c-9b3b-4b03-982b-d0b580e90cab","34","4.814","9","17","true","Oyster-Closed","0.8844","Oyster-Closed","1.0000","7","163.1","0.2","428.6","179.2"
"blob:http://localhost:8080/49552a7c-9b3b-4b03-982b-d0b580e90cab","34","4.814","9","2","true","Oyster-Closed","0.8697","Oyster-Closed","1.0000","7","53.1","261.4","263.8","388.9"
"blob:http://localhost:8080/49552a7c-9b3b-4b03-982b-d0b580e90cab","34","4.814","9","5","true","Oyster-Closed","0.8017","Oyster-Closed","1.0000","7","116.9","164.3","212.0","267.5"
"blob:http://localhost:8080/49552a7c-9b3b-4b03-982b-d0b580e90cab","34","4.814","9","4","true","Oyster-Closed","0.7933","Oyster-Closed","1.0000","7","0.3","4.4","170.6","186.6"
"blob:http://localhost:8080/49552a7c-9b3b-4b03-982b-d0b580e90cab","34","4.814","9","6","true","Oyster-Closed","0.7545","Oyster-Closed","1.0000","7","69.9","435.2","164.4","580.2"
"blob:http://localhost:8080/49552a7c-9b3b-4b03-982b-d0b580e90cab","34","4.814","9","8","true","Oyster-Closed","0.6486","Oyster-Closed","1.0000","7","219.2","416.6","308.5","641.2"
"blob:http://localhost:8080/49552a7c-9b3b-4b03-982b-d0b580e90cab","34","4.814","9","7","true","Oyster-Closed","0.6346","Oyster-Closed","1.0000","7","305.1","398.5","428.7","516.4"
"blob:http://localhost:8080/49552a7c-9b3b-4b03-982b-d0b580e90cab","34","4.814","9","18","false","Oyster-Open","0.4778","Oyster-Closed","0.6612","3","351.2","558.2","427.9","640.1"
"blob:http://localhost:8080/49552a7c-9b3b-4b03-982b-d0b580e90cab","35","4.961","10","1","true","Oyster-Closed","0.9277","Oyster-Closed","1.0000","7","200.1","140.7","373.5","349.7"
"blob:http://localhost:8080/49552a7c-9b3b-4b03-982b-d0b580e90cab","35","4.961","10","2","true","Oyster-Closed","0.8712","Oyster-Closed","1.0000","7","54.3","261.8","263.9","390.4"
"blob:http://localhost:8080/49552a7c-9b3b-4b03-982b-d0b580e90cab","35","4.961","10","17","true","Oyster-Closed","0.8430","Oyster-Closed","1.0000","7","163.2","0.0","428.6","179.5"
"blob:http://localhost:8080/49552a7c-9b3b-4b03-982b-d0b580e90cab","35","4.961","10","4","true","Oyster-Closed","0.8285","Oyster-Closed","1.0000","7","0.1","5.2","171.9","192.0"
"blob:http://localhost:8080/49552a7c-9b3b-4b03-982b-d0b580e90cab","35","4.961","10","5","true","Oyster-Closed","0.8067","Oyster-Closed","1.0000","7","117.2","165.8","211.7","268.6"
"blob:http://localhost:8080/49552a7c-9b3b-4b03-982b-d0b580e90cab","35","4.961","10","6","true","Oyster-Closed","0.7200","Oyster-Closed","1.0000","7","69.4","434.9","164.5","580.2"
"blob:http://localhost:8080/49552a7c-9b3b-4b03-982b-d0b580e90cab","35","4.961","10","3","true","Oyster-Closed","0.6601","Oyster-Closed","1.0000","7","165.2","31.3","284.4","182.8"
"blob:http://localhost:8080/49552a7c-9b3b-4b03-982b-d0b580e90cab","35","4.961","10","8","true","Oyster-Closed","0.6319","Oyster-Closed","1.0000","7","220.3","415.4","308.4","641.1"
"blob:http://localhost:8080/49552a7c-9b3b-4b03-982b-d0b580e90cab","35","4.961","10","18","false","Oyster-Open","0.6145","Oyster-Closed","0.4605","4","349.8","554.0","428.0","640.2"
"blob:http://localhost:8080/49552a7c-9b3b-4b03-982b-d0b580e90cab","35","4.961","10","7","true","Oyster-Closed","0.5840","Oyster-Closed","1.0000","7","304.1","400.1","428.5","514.6"
"blob:http://localhost:8080/49552a7c-9b3b-4b03-982b-d0b580e90cab","36","5.100","11","1","true","Oyster-Closed","0.9274","Oyster-Closed","1.0000","7","200.4","141.2","373.7","349.2"
"blob:http://localhost:8080/49552a7c-9b3b-4b03-982b-d0b580e90cab","36","5.100","11","2","true","Oyster-Closed","0.8730","Oyster-Closed","1.0000","7","56.1","262.0","263.7","391.6"
"blob:http://localhost:8080/49552a7c-9b3b-4b03-982b-d0b580e90cab","36","5.100","11","4","true","Oyster-Closed","0.8324","Oyster-Closed","1.0000","7","0.3","5.8","172.5","193.7"
"blob:http://localhost:8080/49552a7c-9b3b-4b03-982b-d0b580e90cab","36","5.100","11","5","true","Oyster-Closed","0.8175","Oyster-Closed","1.0000","7","117.4","165.4","211.6","268.5"
"blob:http://localhost:8080/49552a7c-9b3b-4b03-982b-d0b580e90cab","36","5.100","11","17","true","Oyster-Closed","0.8080","Oyster-Closed","1.0000","7","163.2","-0.1","428.5","180.4"
"blob:http://localhost:8080/49552a7c-9b3b-4b03-982b-d0b580e90cab","36","5.100","11","18","true","Oyster-Open","0.7017","Oyster-Open","0.6580","5","348.4","551.7","427.7","640.1"
"blob:http://localhost:8080/49552a7c-9b3b-4b03-982b-d0b580e90cab","36","5.100","11","6","true","Oyster-Closed","0.7005","Oyster-Closed","1.0000","7","69.1","435.0","163.9","579.6"
"blob:http://localhost:8080/49552a7c-9b3b-4b03-982b-d0b580e90cab","36","5.100","11","3","true","Oyster-Closed","0.6857","Oyster-Closed","1.0000","7","165.6","29.4","284.5","183.3"
"blob:http://localhost:8080/49552a7c-9b3b-4b03-982b-d0b580e90cab","36","5.100","11","8","true","Oyster-Closed","0.6815","Oyster-Closed","1.0000","7","220.1","415.4","310.7","641.2"
"blob:http://localhost:8080/49552a7c-9b3b-4b03-982b-d0b580e90cab","36","5.100","11","7","true","Oyster-Closed","0.5904","Oyster-Closed","1.0000","7","304.6","400.8","428.6","513.6"
"blob:http://localhost:8080/49552a7c-9b3b-4b03-982b-d0b580e90cab","36","5.100","11","10","true","Oyster-Closed","0.4354","Oyster-Closed","1.0000","7","24.8","351.7","95.3","452.0"
"blob:http://localhost:8080/49552a7c-9b3b-4b03-982b-d0b580e90cab","37","5.242","10","1","true","Oyster-Closed","0.9316","Oyster-Closed","1.0000","7","200.5","141.5","374.0","348.9"
"blob:http://localhost:8080/49552a7c-9b3b-4b03-982b-d0b580e90cab","37","5.242","10","2","true","Oyster-Closed","0.8710","Oyster-Closed","1.0000","7","57.2","263.0","263.2","391.8"
"blob:http://localhost:8080/49552a7c-9b3b-4b03-982b-d0b580e90cab","37","5.242","10","17","true","Oyster-Closed","0.8269","Oyster-Closed","1.0000","7","164.8","-0.2","427.4","182.1"
"blob:http://localhost:8080/49552a7c-9b3b-4b03-982b-d0b580e90cab","37","5.242","10","5","true","Oyster-Closed","0.8229","Oyster-Closed","1.0000","7","117.4","163.8","212.3","268.4"
"blob:http://localhost:8080/49552a7c-9b3b-4b03-982b-d0b580e90cab","37","5.242","10","4","true","Oyster-Closed","0.8210","Oyster-Closed","1.0000","7","0.2","3.3","173.0","185.1"
"blob:http://localhost:8080/49552a7c-9b3b-4b03-982b-d0b580e90cab","37","5.242","10","18","true","Oyster-Open","0.7803","Oyster-Open","0.7341","6","345.9","546.6","427.9","640.1"
"blob:http://localhost:8080/49552a7c-9b3b-4b03-982b-d0b580e90cab","37","5.242","10","6","true","Oyster-Closed","0.7125","Oyster-Closed","1.0000","7","68.5","432.4","163.2","578.1"
"blob:http://localhost:8080/49552a7c-9b3b-4b03-982b-d0b580e90cab","37","5.242","10","8","true","Oyster-Closed","0.6353","Oyster-Closed","1.0000","7","218.8","414.7","310.2","641.1"
"blob:http://localhost:8080/49552a7c-9b3b-4b03-982b-d0b580e90cab","37","5.242","10","3","true","Oyster-Closed","0.5231","Oyster-Closed","1.0000","7","165.9","26.3","286.7","181.9"
"blob:http://localhost:8080/49552a7c-9b3b-4b03-982b-d0b580e90cab","37","5.242","10","7","true","Oyster-Closed","0.5036","Oyster-Closed","1.0000","7","304.1","400.4","428.0","512.7"
"blob:http://localhost:8080/49552a7c-9b3b-4b03-982b-d0b580e90cab","38","5.383","10","1","true","Oyster-Closed","0.9298","Oyster-Closed","1.0000","7","200.6","142.5","373.6","349.0"
"blob:http://localhost:8080/49552a7c-9b3b-4b03-982b-d0b580e90cab","38","5.383","10","2","true","Oyster-Closed","0.8784","Oyster-Closed","1.0000","7","58.4","263.0","263.2","393.1"
"blob:http://localhost:8080/49552a7c-9b3b-4b03-982b-d0b580e90cab","38","5.383","10","17","true","Oyster-Closed","0.8570","Oyster-Closed","1.0000","7","164.0","-0.4","428.6","178.3"
"blob:http://localhost:8080/49552a7c-9b3b-4b03-982b-d0b580e90cab","38","5.383","10","4","true","Oyster-Closed","0.8362","Oyster-Closed","1.0000","7","0.2","2.9","173.8","191.0"
"blob:http://localhost:8080/49552a7c-9b3b-4b03-982b-d0b580e90cab","38","5.383","10","5","true","Oyster-Closed","0.8329","Oyster-Closed","1.0000","7","117.5","162.9","212.0","268.3"
"blob:http://localhost:8080/49552a7c-9b3b-4b03-982b-d0b580e90cab","38","5.383","10","18","true","Oyster-Open","0.7621","Oyster-Open","0.7816","7","344.4","544.5","427.6","640.0"
"blob:http://localhost:8080/49552a7c-9b3b-4b03-982b-d0b580e90cab","38","5.383","10","6","true","Oyster-Closed","0.7184","Oyster-Closed","1.0000","7","67.8","432.6","163.4","577.6"
"blob:http://localhost:8080/49552a7c-9b3b-4b03-982b-d0b580e90cab","38","5.383","10","7","true","Oyster-Closed","0.5674","Oyster-Closed","1.0000","7","302.2","398.8","427.1","512.0"
"blob:http://localhost:8080/49552a7c-9b3b-4b03-982b-d0b580e90cab","38","5.383","10","3","true","Oyster-Closed","0.5545","Oyster-Closed","1.0000","7","166.2","26.0","287.5","182.2"
"blob:http://localhost:8080/49552a7c-9b3b-4b03-982b-d0b580e90cab","38","5.383","10","8","true","Oyster-Closed","0.5389","Oyster-Closed","1.0000","7","220.4","415.4","308.4","640.9"
"blob:http://localhost:8080/49552a7c-9b3b-4b03-982b-d0b580e90cab","39","5.526","10","1","true","Oyster-Closed","0.9275","Oyster-Closed","1.0000","7","201.1","145.4","372.7","350.3"
"blob:http://localhost:8080/49552a7c-9b3b-4b03-982b-d0b580e90cab","39","5.526","10","2","true","Oyster-Closed","0.8843","Oyster-Closed","1.0000","7","57.9","264.2","262.6","396.3"
"blob:http://localhost:8080/49552a7c-9b3b-4b03-982b-d0b580e90cab","39","5.526","10","4","true","Oyster-Closed","0.8511","Oyster-Closed","1.0000","7","0.2","2.9","174.8","196.1"
"blob:http://localhost:8080/49552a7c-9b3b-4b03-982b-d0b580e90cab","39","5.526","10","5","true","Oyster-Closed","0.8291","Oyster-Closed","1.0000","7","117.5","163.8","211.7","270.5"
"blob:http://localhost:8080/49552a7c-9b3b-4b03-982b-d0b580e90cab","39","5.526","10","18","true","Oyster-Open","0.7782","Oyster-Open","0.9060","7","343.0","542.7","427.5","640.0"
"blob:http://localhost:8080/49552a7c-9b3b-4b03-982b-d0b580e90cab","39","5.526","10","3","true","Oyster-Closed","0.7076","Oyster-Closed","1.0000","7","166.8","20.5","288.7","183.4"
"blob:http://localhost:8080/49552a7c-9b3b-4b03-982b-d0b580e90cab","39","5.526","10","6","true","Oyster-Closed","0.6930","Oyster-Closed","1.0000","7","67.2","433.3","164.5","577.6"
"blob:http://localhost:8080/49552a7c-9b3b-4b03-982b-d0b580e90cab","39","5.526","10","17","true","Oyster-Closed","0.6867","Oyster-Closed","1.0000","7","163.8","-0.3","428.9","178.4"
"blob:http://localhost:8080/49552a7c-9b3b-4b03-982b-d0b580e90cab","39","5.526","10","8","true","Oyster-Closed","0.6277","Oyster-Closed","1.0000","7","219.4","416.8","307.9","641.0"
"blob:http://localhost:8080/49552a7c-9b3b-4b03-982b-d0b580e90cab","39","5.526","10","7","true","Oyster-Closed","0.5539","Oyster-Closed","1.0000","7","301.7","401.6","426.7","512.2"
"blob:http://localhost:8080/49552a7c-9b3b-4b03-982b-d0b580e90cab","40","5.670","9","1","true","Oyster-Closed","0.9293","Oyster-Closed","1.0000","7","201.2","145.3","373.0","349.1"
"blob:http://localhost:8080/49552a7c-9b3b-4b03-982b-d0b580e90cab","40","5.670","9","2","true","Oyster-Closed","0.8837","Oyster-Closed","1.0000","7","58.8","263.3","262.2","396.7"
"blob:http://localhost:8080/49552a7c-9b3b-4b03-982b-d0b580e90cab","40","5.670","9","4","true","Oyster-Closed","0.8367","Oyster-Closed","1.0000","7","0.1","0.8","176.0","194.5"
"blob:http://localhost:8080/49552a7c-9b3b-4b03-982b-d0b580e90cab","40","5.670","9","5","true","Oyster-Closed","0.8287","Oyster-Closed","1.0000","7","117.7","161.5","212.7","268.6"
"blob:http://localhost:8080/49552a7c-9b3b-4b03-982b-d0b580e90cab","40","5.670","9","18","true","Oyster-Open","0.7619","Oyster-Open","1.0000","7","342.6","538.8","427.3","639.8"
"blob:http://localhost:8080/49552a7c-9b3b-4b03-982b-d0b580e90cab","40","5.670","9","7","true","Oyster-Closed","0.6584","Oyster-Closed","1.0000","7","300.8","401.4","426.0","510.2"
"blob:http://localhost:8080/49552a7c-9b3b-4b03-982b-d0b580e90cab","40","5.670","9","6","true","Oyster-Closed","0.5948","Oyster-Closed","1.0000","7","67.5","424.9","163.8","576.2"
"blob:http://localhost:8080/49552a7c-9b3b-4b03-982b-d0b580e90cab","40","5.670","9","8","true","Oyster-Closed","0.5908","Oyster-Closed","1.0000","7","222.5","416.0","307.5","640.9"
"blob:http://localhost:8080/49552a7c-9b3b-4b03-982b-d0b580e90cab","40","5.670","9","17","true","Oyster-Closed","0.5621","Oyster-Closed","1.0000","7","164.5","1.1","428.4","179.1"
"blob:http://localhost:8080/49552a7c-9b3b-4b03-982b-d0b580e90cab","41","5.812","11","1","true","Oyster-Closed","0.9299","Oyster-Closed","1.0000","7","201.3","145.4","372.9","349.4"
"blob:http://localhost:8080/49552a7c-9b3b-4b03-982b-d0b580e90cab","41","5.812","11","2","true","Oyster-Closed","0.8840","Oyster-Closed","1.0000","7","57.6","263.1","262.4","397.5"
"blob:http://localhost:8080/49552a7c-9b3b-4b03-982b-d0b580e90cab","41","5.812","11","4","true","Oyster-Closed","0.8678","Oyster-Closed","1.0000","7","0.2","0.8","175.6","195.8"
"blob:http://localhost:8080/49552a7c-9b3b-4b03-982b-d0b580e90cab","41","5.812","11","5","true","Oyster-Closed","0.8257","Oyster-Closed","1.0000","7","118.1","162.2","212.2","268.6"
"blob:http://localhost:8080/49552a7c-9b3b-4b03-982b-d0b580e90cab","41","5.812","11","18","true","Oyster-Open","0.7558","Oyster-Open","1.0000","7","340.7","535.3","427.7","640.1"
"blob:http://localhost:8080/49552a7c-9b3b-4b03-982b-d0b580e90cab","41","5.812","11","17","true","Oyster-Closed","0.6981","Oyster-Closed","1.0000","7","164.5","0.1","428.6","179.2"
"blob:http://localhost:8080/49552a7c-9b3b-4b03-982b-d0b580e90cab","41","5.812","11","6","true","Oyster-Closed","0.6927","Oyster-Closed","1.0000","7","67.0","430.2","164.2","575.4"
"blob:http://localhost:8080/49552a7c-9b3b-4b03-982b-d0b580e90cab","41","5.812","11","3","true","Oyster-Closed","0.6364","Oyster-Closed","1.0000","7","167.9","13.0","289.5","185.1"
"blob:http://localhost:8080/49552a7c-9b3b-4b03-982b-d0b580e90cab","41","5.812","11","7","true","Oyster-Closed","0.5353","Oyster-Closed","1.0000","7","300.4","399.8","424.1","509.0"
"blob:http://localhost:8080/49552a7c-9b3b-4b03-982b-d0b580e90cab","41","5.812","11","8","true","Oyster-Closed","0.5283","Oyster-Closed","1.0000","7","223.8","414.6","308.5","640.0"
"blob:http://localhost:8080/49552a7c-9b3b-4b03-982b-d0b580e90cab","41","5.812","11","10","true","Oyster-Closed","0.4009","Oyster-Closed","1.0000","7","22.2","343.7","93.8","439.3"
"blob:http://localhost:8080/49552a7c-9b3b-4b03-982b-d0b580e90cab","42","5.955","11","1","true","Oyster-Closed","0.9288","Oyster-Closed","1.0000","7","201.6","148.4","372.8","350.2"
"blob:http://localhost:8080/49552a7c-9b3b-4b03-982b-d0b580e90cab","42","5.955","11","2","true","Oyster-Closed","0.8869","Oyster-Closed","1.0000","7","60.9","264.5","262.4","398.9"
"blob:http://localhost:8080/49552a7c-9b3b-4b03-982b-d0b580e90cab","42","5.955","11","4","true","Oyster-Closed","0.8714","Oyster-Closed","1.0000","7","0.2","2.4","176.1","197.1"
"blob:http://localhost:8080/49552a7c-9b3b-4b03-982b-d0b580e90cab","42","5.955","11","5","true","Oyster-Closed","0.8114","Oyster-Closed","1.0000","7","118.2","162.7","211.4","269.6"
"blob:http://localhost:8080/49552a7c-9b3b-4b03-982b-d0b580e90cab","42","5.955","11","17","true","Oyster-Closed","0.7797","Oyster-Closed","1.0000","7","165.0","-0.0","428.8","181.1"
"blob:http://localhost:8080/49552a7c-9b3b-4b03-982b-d0b580e90cab","42","5.955","11","18","true","Oyster-Open","0.7363","Oyster-Open","1.0000","7","337.5","533.6","427.6","640.0"
"blob:http://localhost:8080/49552a7c-9b3b-4b03-982b-d0b580e90cab","42","5.955","11","6","true","Oyster-Closed","0.5780","Oyster-Closed","1.0000","7","66.5","413.7","164.4","575.5"
"blob:http://localhost:8080/49552a7c-9b3b-4b03-982b-d0b580e90cab","42","5.955","11","7","true","Oyster-Closed","0.5401","Oyster-Closed","1.0000","7","298.7","399.4","422.9","508.6"
"blob:http://localhost:8080/49552a7c-9b3b-4b03-982b-d0b580e90cab","42","5.955","11","3","true","Oyster-Closed","0.5083","Oyster-Closed","1.0000","7","168.5","18.8","289.3","183.7"
"blob:http://localhost:8080/49552a7c-9b3b-4b03-982b-d0b580e90cab","42","5.955","11","8","true","Oyster-Closed","0.4772","Oyster-Closed","1.0000","7","223.1","416.2","306.3","639.5"
"blob:http://localhost:8080/49552a7c-9b3b-4b03-982b-d0b580e90cab","42","5.955","11","10","true","Oyster-Closed","0.4664","Oyster-Closed","1.0000","7","22.6","344.8","94.4","441.6"
"blob:http://localhost:8080/49552a7c-9b3b-4b03-982b-d0b580e90cab","43","6.093","10","1","true","Oyster-Closed","0.9269","Oyster-Closed","1.0000","7","201.8","149.9","372.6","349.9"
"blob:http://localhost:8080/49552a7c-9b3b-4b03-982b-d0b580e90cab","43","6.093","10","17","true","Oyster-Closed","0.8890","Oyster-Closed","1.0000","7","166.5","-0.1","428.6","182.5"
"blob:http://localhost:8080/49552a7c-9b3b-4b03-982b-d0b580e90cab","43","6.093","10","2","true","Oyster-Closed","0.8866","Oyster-Closed","1.0000","7","61.9","265.1","261.9","399.5"
"blob:http://localhost:8080/49552a7c-9b3b-4b03-982b-d0b580e90cab","43","6.093","10","4","true","Oyster-Closed","0.8796","Oyster-Closed","1.0000","7","0.2","2.1","176.5","197.5"
"blob:http://localhost:8080/49552a7c-9b3b-4b03-982b-d0b580e90cab","43","6.093","10","5","true","Oyster-Closed","0.8077","Oyster-Closed","1.0000","7","117.9","162.1","211.3","270.8"
"blob:http://localhost:8080/49552a7c-9b3b-4b03-982b-d0b580e90cab","43","6.093","10","18","true","Oyster-Open","0.7113","Oyster-Open","1.0000","7","335.0","529.4","427.4","640.0"
"blob:http://localhost:8080/49552a7c-9b3b-4b03-982b-d0b580e90cab","43","6.093","10","7","true","Oyster-Closed","0.7100","Oyster-Closed","1.0000","7","297.9","401.0","420.5","507.7"
"blob:http://localhost:8080/49552a7c-9b3b-4b03-982b-d0b580e90cab","43","6.093","10","6","true","Oyster-Closed","0.5718","Oyster-Closed","1.0000","7","66.2","424.9","163.7","575.1"
"blob:http://localhost:8080/49552a7c-9b3b-4b03-982b-d0b580e90cab","43","6.093","10","8","true","Oyster-Closed","0.5060","Oyster-Closed","1.0000","7","218.7","416.6","305.0","636.6"
"blob:http://localhost:8080/49552a7c-9b3b-4b03-982b-d0b580e90cab","43","6.093","10","10","true","Oyster-Closed","0.4716","Oyster-Closed","1.0000","7","22.2","342.9","94.6","438.8"
"blob:http://localhost:8080/49552a7c-9b3b-4b03-982b-d0b580e90cab","44","6.235","9","1","true","Oyster-Closed","0.9306","Oyster-Closed","1.0000","7","201.8","149.4","373.3","349.5"
"blob:http://localhost:8080/49552a7c-9b3b-4b03-982b-d0b580e90cab","44","6.235","9","2","true","Oyster-Closed","0.8899","Oyster-Closed","1.0000","7","62.5","264.5","261.3","399.7"
"blob:http://localhost:8080/49552a7c-9b3b-4b03-982b-d0b580e90cab","44","6.235","9","17","true","Oyster-Closed","0.8766","Oyster-Closed","1.0000","7","167.2","-0.2","428.4","180.2"
"blob:http://localhost:8080/49552a7c-9b3b-4b03-982b-d0b580e90cab","44","6.235","9","5","true","Oyster-Closed","0.8140","Oyster-Closed","1.0000","7","118.7","158.8","211.9","269.2"
"blob:http://localhost:8080/49552a7c-9b3b-4b03-982b-d0b580e90cab","44","6.235","9","4","true","Oyster-Closed","0.7196","Oyster-Closed","1.0000","7","0.0","0.9","178.4","191.2"
"blob:http://localhost:8080/49552a7c-9b3b-4b03-982b-d0b580e90cab","44","6.235","9","18","true","Oyster-Open","0.6224","Oyster-Open","1.0000","7","330.3","528.1","427.4","639.9"
"blob:http://localhost:8080/49552a7c-9b3b-4b03-982b-d0b580e90cab","44","6.235","9","6","true","Oyster-Closed","0.5780","Oyster-Closed","1.0000","7","66.1","384.0","186.0","573.5"
"blob:http://localhost:8080/49552a7c-9b3b-4b03-982b-d0b580e90cab","44","6.235","9","7","true","Oyster-Closed","0.4589","Oyster-Closed","1.0000","7","296.3","398.2","420.5","507.6"
"blob:http://localhost:8080/49552a7c-9b3b-4b03-982b-d0b580e90cab","44","6.235","9","8","true","Oyster-Closed","0.4581","Oyster-Closed","1.0000","7","211.3","415.6","304.0","638.2"
"blob:http://localhost:8080/49552a7c-9b3b-4b03-982b-d0b580e90cab","45","6.376","10","1","true","Oyster-Closed","0.9287","Oyster-Closed","1.0000","7","202.1","150.1","372.8","351.0"
"blob:http://localhost:8080/49552a7c-9b3b-4b03-982b-d0b580e90cab","45","6.376","10","17","true","Oyster-Closed","0.9137","Oyster-Closed","1.0000","7","167.8","-0.2","428.5","180.3"
"blob:http://localhost:8080/49552a7c-9b3b-4b03-982b-d0b580e90cab","45","6.376","10","2","true","Oyster-Closed","0.8926","Oyster-Closed","1.0000","7","60.2","265.7","261.4","399.9"
"blob:http://localhost:8080/49552a7c-9b3b-4b03-982b-d0b580e90cab","45","6.376","10","5","true","Oyster-Closed","0.8276","Oyster-Closed","1.0000","7","118.3","158.1","211.3","269.1"
"blob:http://localhost:8080/49552a7c-9b3b-4b03-982b-d0b580e90cab","45","6.376","10","4","true","Oyster-Closed","0.6844","Oyster-Closed","1.0000","7","0.2","1.4","178.9","191.6"
"blob:http://localhost:8080/49552a7c-9b3b-4b03-982b-d0b580e90cab","45","6.376","10","18","true","Oyster-Open","0.5953","Oyster-Open","1.0000","7","325.7","526.4","426.7","639.9"
"blob:http://localhost:8080/49552a7c-9b3b-4b03-982b-d0b580e90cab","45","6.376","10","8","true","Oyster-Closed","0.5870","Oyster-Closed","1.0000","7","212.3","414.4","302.2","637.8"
"blob:http://localhost:8080/49552a7c-9b3b-4b03-982b-d0b580e90cab","45","6.376","10","6","true","Oyster-Closed","0.4488","Oyster-Closed","1.0000","7","65.1","428.6","164.2","573.1"
"blob:http://localhost:8080/49552a7c-9b3b-4b03-982b-d0b580e90cab","45","6.376","10","10","true","Oyster-Closed","0.4409","Oyster-Closed","1.0000","7","21.1","338.7","94.0","437.8"
"blob:http://localhost:8080/49552a7c-9b3b-4b03-982b-d0b580e90cab","45","6.376","10","19","false","Oyster-Closed","0.4070","Oyster-Closed","1.0000","1","0.0","235.1","49.5","360.9"
"blob:http://localhost:8080/49552a7c-9b3b-4b03-982b-d0b580e90cab","46","6.522","9","1","true","Oyster-Closed","0.9272","Oyster-Closed","1.0000","7","202.5","152.0","372.0","350.8"
"blob:http://localhost:8080/49552a7c-9b3b-4b03-982b-d0b580e90cab","46","6.522","9","17","true","Oyster-Closed","0.8978","Oyster-Closed","1.0000","7","168.3","-0.1","428.3","180.9"
"blob:http://localhost:8080/49552a7c-9b3b-4b03-982b-d0b580e90cab","46","6.522","9","2","true","Oyster-Closed","0.8940","Oyster-Closed","1.0000","7","62.3","265.2","261.8","402.3"
"blob:http://localhost:8080/49552a7c-9b3b-4b03-982b-d0b580e90cab","46","6.522","9","4","true","Oyster-Closed","0.8043","Oyster-Closed","1.0000","7","-0.0","1.4","179.2","194.7"
"blob:http://localhost:8080/49552a7c-9b3b-4b03-982b-d0b580e90cab","46","6.522","9","5","true","Oyster-Closed","0.7985","Oyster-Closed","1.0000","7","118.6","160.9","212.2","270.3"
"blob:http://localhost:8080/49552a7c-9b3b-4b03-982b-d0b580e90cab","46","6.522","9","7","true","Oyster-Closed","0.5314","Oyster-Closed","1.0000","7","294.6","400.7","418.8","507.5"
"blob:http://localhost:8080/49552a7c-9b3b-4b03-982b-d0b580e90cab","46","6.522","9","18","true","Oyster-Open","0.5244","Oyster-Open","1.0000","7","323.7","518.5","427.2","639.8"
"blob:http://localhost:8080/49552a7c-9b3b-4b03-982b-d0b580e90cab","46","6.522","9","8","true","Oyster-Open","0.5038","Oyster-Closed","0.8620","7","205.6","414.1","302.0","636.6"
"blob:http://localhost:8080/49552a7c-9b3b-4b03-982b-d0b580e90cab","46","6.522","9","6","true","Oyster-Closed","0.4838","Oyster-Closed","1.0000","7","65.2","419.3","158.1","572.4"
"blob:http://localhost:8080/49552a7c-9b3b-4b03-982b-d0b580e90cab","47","6.664","7","1","true","Oyster-Closed","0.9276","Oyster-Closed","1.0000","7","202.8","152.3","372.4","352.2"
"blob:http://localhost:8080/49552a7c-9b3b-4b03-982b-d0b580e90cab","47","6.664","7","17","true","Oyster-Closed","0.9096","Oyster-Closed","1.0000","7","169.2","-0.3","428.5","180.9"
"blob:http://localhost:8080/49552a7c-9b3b-4b03-982b-d0b580e90cab","47","6.664","7","2","true","Oyster-Closed","0.8956","Oyster-Closed","1.0000","7","60.6","265.9","261.2","402.3"
"blob:http://localhost:8080/49552a7c-9b3b-4b03-982b-d0b580e90cab","47","6.664","7","5","true","Oyster-Closed","0.8238","Oyster-Closed","1.0000","7","118.8","159.8","212.4","269.6"
"blob:http://localhost:8080/49552a7c-9b3b-4b03-982b-d0b580e90cab","47","6.664","7","4","true","Oyster-Closed","0.6731","Oyster-Closed","1.0000","7","0.3","1.0","180.0","190.4"
"blob:http://localhost:8080/49552a7c-9b3b-4b03-982b-d0b580e90cab","47","6.664","7","18","true","Oyster-Open","0.6129","Oyster-Open","1.0000","7","320.7","514.4","427.8","639.8"
"blob:http://localhost:8080/49552a7c-9b3b-4b03-982b-d0b580e90cab","47","6.664","7","6","true","Oyster-Closed","0.5764","Oyster-Closed","1.0000","7","65.2","384.0","195.9","572.9"
"blob:http://localhost:8080/49552a7c-9b3b-4b03-982b-d0b580e90cab","48","6.805","11","1","true","Oyster-Closed","0.9229","Oyster-Closed","1.0000","7","203.1","152.4","372.7","352.0"
"blob:http://localhost:8080/49552a7c-9b3b-4b03-982b-d0b580e90cab","48","6.805","11","17","true","Oyster-Closed","0.9227","Oyster-Closed","1.0000","7","170.5","-0.3","428.5","181.6"
"blob:http://localhost:8080/49552a7c-9b3b-4b03-982b-d0b580e90cab","48","6.805","11","2","true","Oyster-Closed","0.8926","Oyster-Closed","1.0000","7","61.2","265.1","261.2","402.3"
"blob:http://localhost:8080/49552a7c-9b3b-4b03-982b-d0b580e90cab","48","6.805","11","4","true","Oyster-Closed","0.8200","Oyster-Closed","1.0000","7","0.3","0.7","181.9","192.8"
"blob:http://localhost:8080/49552a7c-9b3b-4b03-982b-d0b580e90cab","48","6.805","11","5","true","Oyster-Closed","0.7943","Oyster-Closed","1.0000","7","119.0","159.4","213.0","269.3"
"blob:http://localhost:8080/49552a7c-9b3b-4b03-982b-d0b580e90cab","48","6.805","11","8","true","Oyster-Closed","0.6700","Oyster-Closed","0.8650","7","200.5","407.9","299.6","635.3"
"blob:http://localhost:8080/49552a7c-9b3b-4b03-982b-d0b580e90cab","48","6.805","11","6","true","Oyster-Closed","0.5296","Oyster-Closed","1.0000","7","64.1","406.4","160.9","571.6"
"blob:http://localhost:8080/49552a7c-9b3b-4b03-982b-d0b580e90cab","48","6.805","11","18","true","Oyster-Open","0.5191","Oyster-Open","1.0000","7","319.7","514.9","426.7","640.0"
"blob:http://localhost:8080/49552a7c-9b3b-4b03-982b-d0b580e90cab","48","6.805","11","19","false","Oyster-Closed","0.5136","Oyster-Closed","1.0000","2","-0.0","228.6","50.7","355.7"
"blob:http://localhost:8080/49552a7c-9b3b-4b03-982b-d0b580e90cab","48","6.805","11","7","true","Oyster-Closed","0.4855","Oyster-Closed","1.0000","7","294.5","399.2","415.6","504.4"
"blob:http://localhost:8080/49552a7c-9b3b-4b03-982b-d0b580e90cab","48","6.805","11","10","true","Oyster-Closed","0.4329","Oyster-Closed","1.0000","7","21.2","336.3","96.1","433.0"
"blob:http://localhost:8080/49552a7c-9b3b-4b03-982b-d0b580e90cab","49","6.942","10","1","true","Oyster-Closed","0.9255","Oyster-Closed","1.0000","7","202.9","153.9","371.6","350.5"
"blob:http://localhost:8080/49552a7c-9b3b-4b03-982b-d0b580e90cab","49","6.942","10","17","true","Oyster-Closed","0.9015","Oyster-Closed","1.0000","7","169.6","0.0","428.6","182.1"
"blob:http://localhost:8080/49552a7c-9b3b-4b03-982b-d0b580e90cab","49","6.942","10","2","true","Oyster-Closed","0.8868","Oyster-Closed","1.0000","7","62.0","266.3","261.5","403.6"
"blob:http://localhost:8080/49552a7c-9b3b-4b03-982b-d0b580e90cab","49","6.942","10","5","true","Oyster-Closed","0.7829","Oyster-Closed","1.0000","7","118.8","157.3","213.5","270.3"
"blob:http://localhost:8080/49552a7c-9b3b-4b03-982b-d0b580e90cab","49","6.942","10","6","true","Oyster-Closed","0.6473","Oyster-Closed","1.0000","7","64.1","408.9","158.0","569.4"
"blob:http://localhost:8080/49552a7c-9b3b-4b03-982b-d0b580e90cab","49","6.942","10","18","true","Oyster-Open","0.5878","Oyster-Open","1.0000","7","314.3","508.4","426.4","640.0"
"blob:http://localhost:8080/49552a7c-9b3b-4b03-982b-d0b580e90cab","49","6.942","10","20","false","Oyster-Open","0.5042","Oyster-Open","1.0000","1","343.2","181.3","428.2","376.8"
"blob:http://localhost:8080/49552a7c-9b3b-4b03-982b-d0b580e90cab","49","6.942","10","8","true","Oyster-Open","0.4962","Oyster-Closed","0.7296","7","199.4","412.2","300.4","634.2"
"blob:http://localhost:8080/49552a7c-9b3b-4b03-982b-d0b580e90cab","49","6.942","10","10","true","Oyster-Closed","0.4380","Oyster-Closed","1.0000","7","21.8","335.1","90.5","429.2"
"blob:http://localhost:8080/49552a7c-9b3b-4b03-982b-d0b580e90cab","49","6.942","10","19","false","Oyster-Closed","0.4374","Oyster-Closed","1.0000","3","0.0","227.4","51.1","353.1"
"blob:http://localhost:8080/49552a7c-9b3b-4b03-982b-d0b580e90cab","50","7.084","12","1","true","Oyster-Closed","0.9240","Oyster-Closed","1.0000","7","203.4","155.2","372.2","352.0"
"blob:http://localhost:8080/49552a7c-9b3b-4b03-982b-d0b580e90cab","50","7.084","12","17","true","Oyster-Closed","0.9090","Oyster-Closed","1.0000","7","171.2","-0.2","428.8","181.3"
"blob:http://localhost:8080/49552a7c-9b3b-4b03-982b-d0b580e90cab","50","7.084","12","2","true","Oyster-Closed","0.8929","Oyster-Closed","1.0000","7","61.5","265.8","261.6","404.6"
"blob:http://localhost:8080/49552a7c-9b3b-4b03-982b-d0b580e90cab","50","7.084","12","5","true","Oyster-Closed","0.8240","Oyster-Closed","1.0000","7","119.4","157.8","213.6","269.4"
"blob:http://localhost:8080/49552a7c-9b3b-4b03-982b-d0b580e90cab","50","7.084","12","20","false","Oyster-Open","0.7115","Oyster-Open","1.0000","2","342.4","179.6","429.0","378.2"
"blob:http://localhost:8080/49552a7c-9b3b-4b03-982b-d0b580e90cab","50","7.084","12","4","true","Oyster-Closed","0.6774","Oyster-Closed","1.0000","7","0.3","0.5","183.6","188.5"
"blob:http://localhost:8080/49552a7c-9b3b-4b03-982b-d0b580e90cab","50","7.084","12","18","true","Oyster-Open","0.6556","Oyster-Open","1.0000","7","312.3","503.3","426.4","640.2"
"blob:http://localhost:8080/49552a7c-9b3b-4b03-982b-d0b580e90cab","50","7.084","12","6","true","Oyster-Closed","0.5770","Oyster-Closed","1.0000","7","63.4","407.5","158.1","569.9"
"blob:http://localhost:8080/49552a7c-9b3b-4b03-982b-d0b580e90cab","50","7.084","12","8","true","Oyster-Closed","0.5379","Oyster-Closed","0.7340","7","198.2","411.3","298.8","632.1"
"blob:http://localhost:8080/49552a7c-9b3b-4b03-982b-d0b580e90cab","50","7.084","12","19","false","Oyster-Closed","0.5243","Oyster-Closed","1.0000","4","-0.0","222.8","50.5","351.6"
"blob:http://localhost:8080/49552a7c-9b3b-4b03-982b-d0b580e90cab","50","7.084","12","10","true","Oyster-Closed","0.5210","Oyster-Closed","1.0000","7","21.4","333.6","88.6","430.7"
"blob:http://localhost:8080/49552a7c-9b3b-4b03-982b-d0b580e90cab","50","7.084","12","21","false","Oyster-Open","0.4929","Oyster-Open","1.0000","1","81.5","285.4","170.2","328.1"
"blob:http://localhost:8080/49552a7c-9b3b-4b03-982b-d0b580e90cab","51","7.226","12","1","true","Oyster-Closed","0.9238","Oyster-Closed","1.0000","7","203.6","156.2","371.7","352.0"
"blob:http://localhost:8080/49552a7c-9b3b-4b03-982b-d0b580e90cab","51","7.226","12","2","true","Oyster-Closed","0.8876","Oyster-Closed","1.0000","7","61.6","267.2","261.2","406.7"
"blob:http://localhost:8080/49552a7c-9b3b-4b03-982b-d0b580e90cab","51","7.226","12","17","true","Oyster-Closed","0.8794","Oyster-Closed","1.0000","7","171.6","-0.1","429.0","181.8"
"blob:http://localhost:8080/49552a7c-9b3b-4b03-982b-d0b580e90cab","51","7.226","12","5","true","Oyster-Closed","0.7993","Oyster-Closed","1.0000","7","119.6","158.3","213.9","270.2"
"blob:http://localhost:8080/49552a7c-9b3b-4b03-982b-d0b580e90cab","51","7.226","12","20","false","Oyster-Open","0.7430","Oyster-Open","1.0000","3","341.9","184.6","428.7","378.7"
"blob:http://localhost:8080/49552a7c-9b3b-4b03-982b-d0b580e90cab","51","7.226","12","4","true","Oyster-Closed","0.6998","Oyster-Closed","1.0000","7","0.3","0.7","184.3","190.1"
"blob:http://localhost:8080/49552a7c-9b3b-4b03-982b-d0b580e90cab","51","7.226","12","19","true","Oyster-Closed","0.6930","Oyster-Closed","1.0000","5","-0.1","225.1","50.4","349.8"
"blob:http://localhost:8080/49552a7c-9b3b-4b03-982b-d0b580e90cab","51","7.226","12","18","true","Oyster-Open","0.6657","Oyster-Open","1.0000","7","308.9","502.8","423.5","640.3"
"blob:http://localhost:8080/49552a7c-9b3b-4b03-982b-d0b580e90cab","51","7.226","12","6","true","Oyster-Closed","0.6451","Oyster-Closed","1.0000","7","63.0","404.8","157.4","569.6"
"blob:http://localhost:8080/49552a7c-9b3b-4b03-982b-d0b580e90cab","51","7.226","12","8","true","Oyster-Closed","0.6202","Oyster-Closed","0.7418","7","201.1","410.8","298.2","630.5"
"blob:http://localhost:8080/49552a7c-9b3b-4b03-982b-d0b580e90cab","51","7.226","12","10","true","Oyster-Closed","0.5182","Oyster-Closed","1.0000","7","21.1","334.0","86.7","429.7"
"blob:http://localhost:8080/49552a7c-9b3b-4b03-982b-d0b580e90cab","51","7.226","12","21","false","Oyster-Open","0.4073","Oyster-Open","1.0000","2","77.7","285.8","171.0","329.0"
"blob:http://localhost:8080/49552a7c-9b3b-4b03-982b-d0b580e90cab","52","7.367","10","1","true","Oyster-Closed","0.9220","Oyster-Closed","1.0000","7","203.4","156.3","371.7","351.4"
"blob:http://localhost:8080/49552a7c-9b3b-4b03-982b-d0b580e90cab","52","7.367","10","2","true","Oyster-Closed","0.8900","Oyster-Closed","1.0000","7","61.7","266.7","260.4","407.9"
"blob:http://localhost:8080/49552a7c-9b3b-4b03-982b-d0b580e90cab","52","7.367","10","17","true","Oyster-Closed","0.8891","Oyster-Closed","1.0000","7","171.8","-0.2","429.0","182.6"
"blob:http://localhost:8080/49552a7c-9b3b-4b03-982b-d0b580e90cab","52","7.367","10","5","true","Oyster-Closed","0.7633","Oyster-Closed","1.0000","7","119.4","157.6","213.5","271.3"
"blob:http://localhost:8080/49552a7c-9b3b-4b03-982b-d0b580e90cab","52","7.367","10","18","true","Oyster-Open","0.7193","Oyster-Open","1.0000","7","312.2","498.5","421.2","640.1"
"blob:http://localhost:8080/49552a7c-9b3b-4b03-982b-d0b580e90cab","52","7.367","10","4","true","Oyster-Closed","0.6906","Oyster-Closed","1.0000","7","0.3","0.2","182.7","193.1"
"blob:http://localhost:8080/49552a7c-9b3b-4b03-982b-d0b580e90cab","52","7.367","10","6","true","Oyster-Closed","0.6323","Oyster-Closed","1.0000","7","62.5","404.8","154.7","569.5"
"blob:http://localhost:8080/49552a7c-9b3b-4b03-982b-d0b580e90cab","52","7.367","10","19","true","Oyster-Closed","0.6040","Oyster-Closed","1.0000","6","0.1","224.5","50.9","348.5"
"blob:http://localhost:8080/49552a7c-9b3b-4b03-982b-d0b580e90cab","52","7.367","10","20","false","Oyster-Open","0.5771","Oyster-Open","1.0000","4","343.1","186.3","428.2","380.9"
"blob:http://localhost:8080/49552a7c-9b3b-4b03-982b-d0b580e90cab","52","7.367","10","8","true","Oyster-Open","0.5492","Oyster-Closed","0.6092","7","199.5","409.4","298.8","627.3"
"blob:http://localhost:8080/49552a7c-9b3b-4b03-982b-d0b580e90cab","53","7.509","10","1","true","Oyster-Closed","0.9190","Oyster-Closed","1.0000","7","204.2","157.7","371.9","353.9"
"blob:http://localhost:8080/49552a7c-9b3b-4b03-982b-d0b580e90cab","53","7.509","10","17","true","Oyster-Closed","0.8957","Oyster-Closed","1.0000","7","173.0","-0.4","428.7","182.5"
"blob:http://localhost:8080/49552a7c-9b3b-4b03-982b-d0b580e90cab","53","7.509","10","2","true","Oyster-Closed","0.8877","Oyster-Closed","1.0000","7","59.7","267.8","260.2","410.3"
"blob:http://localhost:8080/49552a7c-9b3b-4b03-982b-d0b580e90cab","53","7.509","10","5","true","Oyster-Closed","0.8355","Oyster-Closed","1.0000","7","120.2","158.1","213.4","269.8"
"blob:http://localhost:8080/49552a7c-9b3b-4b03-982b-d0b580e90cab","53","7.509","10","20","true","Oyster-Open","0.7880","Oyster-Open","1.0000","5","341.9","183.9","428.9","378.5"
"blob:http://localhost:8080/49552a7c-9b3b-4b03-982b-d0b580e90cab","53","7.509","10","18","true","Oyster-Open","0.7803","Oyster-Open","1.0000","7","309.6","496.7","418.8","640.3"
"blob:http://localhost:8080/49552a7c-9b3b-4b03-982b-d0b580e90cab","53","7.509","10","6","true","Oyster-Closed","0.6980","Oyster-Closed","1.0000","7","61.0","402.1","161.0","568.9"
"blob:http://localhost:8080/49552a7c-9b3b-4b03-982b-d0b580e90cab","53","7.509","10","4","true","Oyster-Closed","0.6529","Oyster-Closed","1.0000","7","0.3","0.3","187.2","182.1"
"blob:http://localhost:8080/49552a7c-9b3b-4b03-982b-d0b580e90cab","53","7.509","10","19","true","Oyster-Closed","0.6422","Oyster-Closed","1.0000","7","-0.1","221.6","50.2","347.1"
"blob:http://localhost:8080/49552a7c-9b3b-4b03-982b-d0b580e90cab","53","7.509","10","21","false","Oyster-Open","0.4052","Oyster-Open","1.0000","3","53.9","285.9","171.3","335.8"
"blob:http://localhost:8080/49552a7c-9b3b-4b03-982b-d0b580e90cab","54","7.655","11","1","true","Oyster-Closed","0.9185","Oyster-Closed","1.0000","7","204.3","158.7","371.3","353.8"
"blob:http://localhost:8080/49552a7c-9b3b-4b03-982b-d0b580e90cab","54","7.655","11","17","true","Oyster-Closed","0.8891","Oyster-Closed","1.0000","7","173.9","-0.1","428.9","183.5"
"blob:http://localhost:8080/49552a7c-9b3b-4b03-982b-d0b580e90cab","54","7.655","11","2","true","Oyster-Closed","0.8887","Oyster-Closed","1.0000","7","58.6","268.4","260.2","410.7"
"blob:http://localhost:8080/49552a7c-9b3b-4b03-982b-d0b580e90cab","54","7.655","11","5","true","Oyster-Closed","0.8352","Oyster-Closed","1.0000","7","120.2","157.3","215.3","271.3"
"blob:http://localhost:8080/49552a7c-9b3b-4b03-982b-d0b580e90cab","54","7.655","11","20","true","Oyster-Open","0.7913","Oyster-Open","1.0000","6","341.3","184.9","428.7","380.0"
"blob:http://localhost:8080/49552a7c-9b3b-4b03-982b-d0b580e90cab","54","7.655","11","4","true","Oyster-Closed","0.7287","Oyster-Closed","1.0000","7","0.3","0.1","188.4","187.6"
"blob:http://localhost:8080/49552a7c-9b3b-4b03-982b-d0b580e90cab","54","7.655","11","19","true","Oyster-Closed","0.7124","Oyster-Closed","1.0000","7","-0.0","221.1","50.3","345.4"
"blob:http://localhost:8080/49552a7c-9b3b-4b03-982b-d0b580e90cab","54","7.655","11","18","true","Oyster-Open","0.6622","Oyster-Open","1.0000","7","303.4","495.0","415.7","640.3"
"blob:http://localhost:8080/49552a7c-9b3b-4b03-982b-d0b580e90cab","54","7.655","11","6","true","Oyster-Closed","0.6491","Oyster-Closed","1.0000","7","61.8","403.6","157.4","566.9"
"blob:http://localhost:8080/49552a7c-9b3b-4b03-982b-d0b580e90cab","54","7.655","11","21","false","Oyster-Open","0.6237","Oyster-Open","1.0000","4","62.5","286.3","170.1","335.0"
"blob:http://localhost:8080/49552a7c-9b3b-4b03-982b-d0b580e90cab","54","7.655","11","8","true","Oyster-Open","0.4170","Oyster-Closed","0.4818","7","194.8","406.7","300.3","627.6"
"blob:http://localhost:8080/49552a7c-9b3b-4b03-982b-d0b580e90cab","55","7.796","10","1","true","Oyster-Closed","0.9216","Oyster-Closed","1.0000","7","204.7","159.3","371.6","353.1"
"blob:http://localhost:8080/49552a7c-9b3b-4b03-982b-d0b580e90cab","55","7.796","10","17","true","Oyster-Closed","0.8938","Oyster-Closed","1.0000","7","173.9","-0.2","429.0","183.2"
"blob:http://localhost:8080/49552a7c-9b3b-4b03-982b-d0b580e90cab","55","7.796","10","2","true","Oyster-Closed","0.8861","Oyster-Closed","1.0000","7","61.3","268.8","260.1","410.1"
"blob:http://localhost:8080/49552a7c-9b3b-4b03-982b-d0b580e90cab","55","7.796","10","5","true","Oyster-Closed","0.8113","Oyster-Closed","1.0000","7","120.2","156.2","215.3","271.0"
"blob:http://localhost:8080/49552a7c-9b3b-4b03-982b-d0b580e90cab","55","7.796","10","19","true","Oyster-Closed","0.7370","Oyster-Closed","1.0000","7","-0.0","219.9","50.2","342.9"
"blob:http://localhost:8080/49552a7c-9b3b-4b03-982b-d0b580e90cab","55","7.796","10","20","true","Oyster-Open","0.7212","Oyster-Open","1.0000","7","341.7","187.4","428.6","379.7"
"blob:http://localhost:8080/49552a7c-9b3b-4b03-982b-d0b580e90cab","55","7.796","10","6","true","Oyster-Closed","0.6924","Oyster-Closed","1.0000","7","61.1","405.1","158.3","566.0"
"blob:http://localhost:8080/49552a7c-9b3b-4b03-982b-d0b580e90cab","55","7.796","10","4","true","Oyster-Closed","0.6585","Oyster-Closed","1.0000","7","0.3","0.2","188.4","190.2"
"blob:http://localhost:8080/49552a7c-9b3b-4b03-982b-d0b580e90cab","55","7.796","10","18","true","Oyster-Closed","0.6128","Oyster-Open","0.8692","7","296.6","495.0","415.6","640.0"
"blob:http://localhost:8080/49552a7c-9b3b-4b03-982b-d0b580e90cab","55","7.796","10","21","true","Oyster-Open","0.5352","Oyster-Open","1.0000","5","74.4","286.5","170.7","334.1"
"blob:http://localhost:8080/49552a7c-9b3b-4b03-982b-d0b580e90cab","56","7.935","12","1","true","Oyster-Closed","0.9188","Oyster-Closed","1.0000","7","203.7","158.3","371.4","352.8"
"blob:http://localhost:8080/49552a7c-9b3b-4b03-982b-d0b580e90cab","56","7.935","12","17","true","Oyster-Closed","0.8854","Oyster-Closed","1.0000","7","174.1","-0.4","428.5","182.1"
"blob:http://localhost:8080/49552a7c-9b3b-4b03-982b-d0b580e90cab","56","7.935","12","2","true","Oyster-Closed","0.8843","Oyster-Closed","1.0000","7","60.0","268.0","259.9","410.1"
"blob:http://localhost:8080/49552a7c-9b3b-4b03-982b-d0b580e90cab","56","7.935","12","5","true","Oyster-Closed","0.8133","Oyster-Closed","1.0000","7","120.3","154.9","214.3","269.5"
"blob:http://localhost:8080/49552a7c-9b3b-4b03-982b-d0b580e90cab","56","7.935","12","6","true","Oyster-Closed","0.7648","Oyster-Closed","1.0000","7","60.5","405.8","158.4","565.3"
"blob:http://localhost:8080/49552a7c-9b3b-4b03-982b-d0b580e90cab","56","7.935","12","20","true","Oyster-Open","0.7480","Oyster-Open","1.0000","7","342.0","184.1","429.0","379.6"
"blob:http://localhost:8080/49552a7c-9b3b-4b03-982b-d0b580e90cab","56","7.935","12","19","true","Oyster-Closed","0.7066","Oyster-Closed","1.0000","7","-0.0","217.4","50.7","340.9"
"blob:http://localhost:8080/49552a7c-9b3b-4b03-982b-d0b580e90cab","56","7.935","12","4","true","Oyster-Closed","0.6779","Oyster-Closed","1.0000","7","0.7","-0.0","185.6","179.9"
"blob:http://localhost:8080/49552a7c-9b3b-4b03-982b-d0b580e90cab","56","7.935","12","21","true","Oyster-Open","0.5972","Oyster-Open","1.0000","6","77.4","285.2","171.7","331.4"
"blob:http://localhost:8080/49552a7c-9b3b-4b03-982b-d0b580e90cab","56","7.935","12","18","true","Oyster-Open","0.4943","Oyster-Open","0.8665","7","296.9","495.3","415.2","641.0"
"blob:http://localhost:8080/49552a7c-9b3b-4b03-982b-d0b580e90cab","56","7.935","12","22","false","Oyster-Closed","0.4673","Oyster-Closed","1.0000","1","44.7","236.4","105.1","341.1"
"blob:http://localhost:8080/49552a7c-9b3b-4b03-982b-d0b580e90cab","56","7.935","12","8","true","Oyster-Open","0.4478","Oyster-Closed","0.4890","7","193.4","406.9","294.5","623.7"
"blob:http://localhost:8080/49552a7c-9b3b-4b03-982b-d0b580e90cab","57","8.079","10","1","true","Oyster-Closed","0.9196","Oyster-Closed","1.0000","7","204.6","159.8","371.4","352.9"
"blob:http://localhost:8080/49552a7c-9b3b-4b03-982b-d0b580e90cab","57","8.079","10","2","true","Oyster-Closed","0.8866","Oyster-Closed","1.0000","7","59.7","268.5","260.1","411.9"
"blob:http://localhost:8080/49552a7c-9b3b-4b03-982b-d0b580e90cab","57","8.079","10","17","true","Oyster-Closed","0.8739","Oyster-Closed","1.0000","7","174.5","-0.3","428.7","181.8"
"blob:http://localhost:8080/49552a7c-9b3b-4b03-982b-d0b580e90cab","57","8.079","10","5","true","Oyster-Closed","0.8268","Oyster-Closed","1.0000","7","120.6","155.6","215.3","270.2"
"blob:http://localhost:8080/49552a7c-9b3b-4b03-982b-d0b580e90cab","57","8.079","10","19","true","Oyster-Closed","0.6876","Oyster-Closed","1.0000","7","-0.0","216.4","50.2","339.2"
"blob:http://localhost:8080/49552a7c-9b3b-4b03-982b-d0b580e90cab","57","8.079","10","6","true","Oyster-Closed","0.6817","Oyster-Closed","1.0000","7","59.9","406.4","158.4","564.7"
"blob:http://localhost:8080/49552a7c-9b3b-4b03-982b-d0b580e90cab","57","8.079","10","4","true","Oyster-Closed","0.6327","Oyster-Closed","1.0000","7","0.4","0.1","188.5","186.5"
"blob:http://localhost:8080/49552a7c-9b3b-4b03-982b-d0b580e90cab","57","8.079","10","20","true","Oyster-Open","0.5910","Oyster-Open","1.0000","7","342.0","185.7","428.8","381.4"
"blob:http://localhost:8080/49552a7c-9b3b-4b03-982b-d0b580e90cab","57","8.079","10","21","true","Oyster-Open","0.5360","Oyster-Open","1.0000","7","74.0","285.4","171.6","333.1"
"blob:http://localhost:8080/49552a7c-9b3b-4b03-982b-d0b580e90cab","57","8.079","10","18","true","Oyster-Open","0.5243","Oyster-Open","0.8626","7","285.0","493.0","415.2","639.8"
"blob:http://localhost:8080/49552a7c-9b3b-4b03-982b-d0b580e90cab","58","8.220","10","1","true","Oyster-Closed","0.9217","Oyster-Closed","1.0000","7","204.2","163.0","370.8","353.8"
"blob:http://localhost:8080/49552a7c-9b3b-4b03-982b-d0b580e90cab","58","8.220","10","17","true","Oyster-Closed","0.8833","Oyster-Closed","1.0000","7","174.4","-0.3","428.6","183.4"
"blob:http://localhost:8080/49552a7c-9b3b-4b03-982b-d0b580e90cab","58","8.220","10","2","true","Oyster-Closed","0.8410","Oyster-Closed","1.0000","7","54.5","268.5","258.7","412.2"
"blob:http://localhost:8080/49552a7c-9b3b-4b03-982b-d0b580e90cab","58","8.220","10","5","true","Oyster-Closed","0.8204","Oyster-Closed","1.0000","7","120.1","155.1","215.0","271.1"
"blob:http://localhost:8080/49552a7c-9b3b-4b03-982b-d0b580e90cab","58","8.220","10","19","true","Oyster-Closed","0.7032","Oyster-Closed","1.0000","7","-0.1","215.8","49.7","336.7"
"blob:http://localhost:8080/49552a7c-9b3b-4b03-982b-d0b580e90cab","58","8.220","10","4","true","Oyster-Closed","0.7004","Oyster-Closed","1.0000","7","0.4","-0.0","187.8","175.9"
"blob:http://localhost:8080/49552a7c-9b3b-4b03-982b-d0b580e90cab","58","8.220","10","18","true","Oyster-Open","0.6769","Oyster-Open","0.8629","7","297.4","492.5","408.4","639.7"
"blob:http://localhost:8080/49552a7c-9b3b-4b03-982b-d0b580e90cab","58","8.220","10","20","true","Oyster-Open","0.6466","Oyster-Open","1.0000","7","340.2","188.9","428.3","380.9"
"blob:http://localhost:8080/49552a7c-9b3b-4b03-982b-d0b580e90cab","58","8.220","10","6","true","Oyster-Closed","0.6283","Oyster-Closed","1.0000","7","59.4","406.8","157.9","563.5"
"blob:http://localhost:8080/49552a7c-9b3b-4b03-982b-d0b580e90cab","58","8.220","10","21","true","Oyster-Open","0.5353","Oyster-Open","1.0000","7","76.0","285.7","171.3","332.8"
"blob:http://localhost:8080/49552a7c-9b3b-4b03-982b-d0b580e90cab","59","8.364","10","1","true","Oyster-Closed","0.9139","Oyster-Closed","1.0000","7","204.5","162.8","370.8","354.5"
"blob:http://localhost:8080/49552a7c-9b3b-4b03-982b-d0b580e90cab","59","8.364","10","17","true","Oyster-Closed","0.9051","Oyster-Closed","1.0000","7","174.0","-0.2","428.8","183.6"
"blob:http://localhost:8080/49552a7c-9b3b-4b03-982b-d0b580e90cab","59","8.364","10","2","true","Oyster-Closed","0.8730","Oyster-Closed","1.0000","7","20.9","267.7","257.8","413.8"
"blob:http://localhost:8080/49552a7c-9b3b-4b03-982b-d0b580e90cab","59","8.364","10","5","true","Oyster-Closed","0.8296","Oyster-Closed","1.0000","7","120.3","155.6","215.4","270.5"
"blob:http://localhost:8080/49552a7c-9b3b-4b03-982b-d0b580e90cab","59","8.364","10","4","true","Oyster-Closed","0.7062","Oyster-Closed","1.0000","7","0.4","-0.0","189.0","184.4"
"blob:http://localhost:8080/49552a7c-9b3b-4b03-982b-d0b580e90cab","59","8.364","10","20","true","Oyster-Open","0.6820","Oyster-Open","1.0000","7","340.2","181.2","428.3","380.3"
"blob:http://localhost:8080/49552a7c-9b3b-4b03-982b-d0b580e90cab","59","8.364","10","18","true","Oyster-Open","0.6412","Oyster-Open","0.8605","7","299.2","492.0","407.8","639.1"
"blob:http://localhost:8080/49552a7c-9b3b-4b03-982b-d0b580e90cab","59","8.364","10","21","true","Oyster-Open","0.6358","Oyster-Open","1.0000","7","69.2","286.0","171.1","332.7"
"blob:http://localhost:8080/49552a7c-9b3b-4b03-982b-d0b580e90cab","59","8.364","10","19","true","Oyster-Closed","0.6279","Oyster-Closed","1.0000","7","0.0","214.6","49.2","336.3"
"blob:http://localhost:8080/49552a7c-9b3b-4b03-982b-d0b580e90cab","59","8.364","10","6","true","Oyster-Closed","0.6001","Oyster-Closed","1.0000","7","58.9","406.6","155.2","562.6"
"blob:http://localhost:8080/49552a7c-9b3b-4b03-982b-d0b580e90cab","60","8.504","10","1","true","Oyster-Closed","0.9203","Oyster-Closed","1.0000","7","205.0","165.3","370.6","355.2"
"blob:http://localhost:8080/49552a7c-9b3b-4b03-982b-d0b580e90cab","60","8.504","10","2","true","Oyster-Closed","0.8369","Oyster-Closed","1.0000","7","52.3","269.3","257.8","414.2"
"blob:http://localhost:8080/49552a7c-9b3b-4b03-982b-d0b580e90cab","60","8.504","10","5","true","Oyster-Closed","0.8015","Oyster-Closed","1.0000","7","120.3","155.3","215.1","272.4"
"blob:http://localhost:8080/49552a7c-9b3b-4b03-982b-d0b580e90cab","60","8.504","10","6","true","Oyster-Closed","0.7981","Oyster-Closed","1.0000","7","58.8","409.8","152.6","560.6"
"blob:http://localhost:8080/49552a7c-9b3b-4b03-982b-d0b580e90cab","60","8.504","10","17","true","Oyster-Closed","0.7851","Oyster-Closed","1.0000","7","174.9","0.0","428.1","186.3"
"blob:http://localhost:8080/49552a7c-9b3b-4b03-982b-d0b580e90cab","60","8.504","10","18","true","Oyster-Open","0.6836","Oyster-Open","0.8573","7","296.4","489.7","407.9","639.5"
"blob:http://localhost:8080/49552a7c-9b3b-4b03-982b-d0b580e90cab","60","8.504","10","19","true","Oyster-Closed","0.6623","Oyster-Closed","1.0000","7","-0.0","212.4","49.5","333.3"
"blob:http://localhost:8080/49552a7c-9b3b-4b03-982b-d0b580e90cab","60","8.504","10","4","true","Oyster-Closed","0.5640","Oyster-Closed","1.0000","7","0.2","-0.0","188.9","184.4"
"blob:http://localhost:8080/49552a7c-9b3b-4b03-982b-d0b580e90cab","60","8.504","10","8","true","Oyster-Closed","0.5029","Oyster-Closed","0.4651","7","187.8","405.2","291.7","615.7"
"blob:http://localhost:8080/49552a7c-9b3b-4b03-982b-d0b580e90cab","60","8.504","10","21","true","Oyster-Open","0.4215","Oyster-Open","1.0000","7","70.6","286.2","170.3","334.2"
"blob:http://localhost:8080/49552a7c-9b3b-4b03-982b-d0b580e90cab","61","8.642","9","1","true","Oyster-Closed","0.9197","Oyster-Closed","1.0000","7","205.0","166.3","370.6","355.7"
"blob:http://localhost:8080/49552a7c-9b3b-4b03-982b-d0b580e90cab","61","8.642","9","2","true","Oyster-Closed","0.8393","Oyster-Closed","1.0000","7","47.1","269.6","257.6","414.7"
"blob:http://localhost:8080/49552a7c-9b3b-4b03-982b-d0b580e90cab","61","8.642","9","6","true","Oyster-Closed","0.8163","Oyster-Closed","1.0000","7","58.7","409.5","152.4","560.3"
"blob:http://localhost:8080/49552a7c-9b3b-4b03-982b-d0b580e90cab","61","8.642","9","5","true","Oyster-Closed","0.8076","Oyster-Closed","1.0000","7","120.6","155.8","216.1","272.8"
"blob:http://localhost:8080/49552a7c-9b3b-4b03-982b-d0b580e90cab","61","8.642","9","18","true","Oyster-Open","0.7194","Oyster-Open","0.8592","7","297.0","488.5","406.0","638.6"
"blob:http://localhost:8080/49552a7c-9b3b-4b03-982b-d0b580e90cab","61","8.642","9","19","true","Oyster-Closed","0.6689","Oyster-Closed","1.0000","7","-0.0","210.9","49.2","332.4"
"blob:http://localhost:8080/49552a7c-9b3b-4b03-982b-d0b580e90cab","61","8.642","9","4","true","Oyster-Closed","0.6457","Oyster-Closed","1.0000","7","0.3","-0.0","189.4","188.0"
"blob:http://localhost:8080/49552a7c-9b3b-4b03-982b-d0b580e90cab","61","8.642","9","17","true","Oyster-Closed","0.4805","Oyster-Closed","1.0000","7","267.3","-0.0","428.7","183.6"
"blob:http://localhost:8080/49552a7c-9b3b-4b03-982b-d0b580e90cab","61","8.642","9","8","true","Oyster-Closed","0.4143","Oyster-Closed","0.5948","7","187.2","404.4","291.2","614.1"
"blob:http://localhost:8080/49552a7c-9b3b-4b03-982b-d0b580e90cab","62","8.783","10","1","true","Oyster-Closed","0.9206","Oyster-Closed","1.0000","7","204.9","167.5","370.7","356.1"
"blob:http://localhost:8080/49552a7c-9b3b-4b03-982b-d0b580e90cab","62","8.783","10","2","true","Oyster-Closed","0.8371","Oyster-Closed","1.0000","7","47.7","270.3","257.8","415.4"
"blob:http://localhost:8080/49552a7c-9b3b-4b03-982b-d0b580e90cab","62","8.783","10","6","true","Oyster-Closed","0.8284","Oyster-Closed","1.0000","7","57.7","409.0","150.8","560.1"
"blob:http://localhost:8080/49552a7c-9b3b-4b03-982b-d0b580e90cab","62","8.783","10","5","true","Oyster-Closed","0.8024","Oyster-Closed","1.0000","7","120.7","154.4","216.5","273.8"
"blob:http://localhost:8080/49552a7c-9b3b-4b03-982b-d0b580e90cab","62","8.783","10","19","true","Oyster-Closed","0.7137","Oyster-Closed","1.0000","7","-0.0","211.3","49.2","330.8"
"blob:http://localhost:8080/49552a7c-9b3b-4b03-982b-d0b580e90cab","62","8.783","10","4","true","Oyster-Closed","0.7017","Oyster-Closed","1.0000","7","0.4","-0.0","190.4","183.3"
"blob:http://localhost:8080/49552a7c-9b3b-4b03-982b-d0b580e90cab","62","8.783","10","18","true","Oyster-Open","0.6678","Oyster-Open","1.0000","7","295.9","487.5","401.9","637.9"
"blob:http://localhost:8080/49552a7c-9b3b-4b03-982b-d0b580e90cab","62","8.783","10","8","true","Oyster-Closed","0.6335","Oyster-Closed","0.6056","7","191.2","405.4","294.5","613.0"
"blob:http://localhost:8080/49552a7c-9b3b-4b03-982b-d0b580e90cab","62","8.783","10","20","true","Oyster-Open","0.5526","Oyster-Open","1.0000","7","339.9","194.2","427.6","381.2"
"blob:http://localhost:8080/49552a7c-9b3b-4b03-982b-d0b580e90cab","62","8.783","10","17","true","Oyster-Closed","0.5251","Oyster-Closed","1.0000","7","243.5","-0.1","428.8","183.4"
"blob:http://localhost:8080/49552a7c-9b3b-4b03-982b-d0b580e90cab","63","8.927","10","1","true","Oyster-Closed","0.9214","Oyster-Closed","1.0000","7","205.1","168.1","370.4","357.0"
"blob:http://localhost:8080/49552a7c-9b3b-4b03-982b-d0b580e90cab","63","8.927","10","2","true","Oyster-Closed","0.8507","Oyster-Closed","1.0000","7","54.1","270.7","257.5","415.7"
"blob:http://localhost:8080/49552a7c-9b3b-4b03-982b-d0b580e90cab","63","8.927","10","6","true","Oyster-Closed","0.8392","Oyster-Closed","1.0000","7","57.4","409.0","151.5","559.0"
"blob:http://localhost:8080/49552a7c-9b3b-4b03-982b-d0b580e90cab","63","8.927","10","5","true","Oyster-Closed","0.7878","Oyster-Closed","1.0000","7","121.2","155.2","216.7","274.2"
"blob:http://localhost:8080/49552a7c-9b3b-4b03-982b-d0b580e90cab","63","8.927","10","4","true","Oyster-Closed","0.7576","Oyster-Closed","1.0000","7","0.3","-0.1","191.6","181.9"
"blob:http://localhost:8080/49552a7c-9b3b-4b03-982b-d0b580e90cab","63","8.927","10","19","true","Oyster-Closed","0.7161","Oyster-Closed","1.0000","7","-0.0","208.0","49.1","329.2"
"blob:http://localhost:8080/49552a7c-9b3b-4b03-982b-d0b580e90cab","63","8.927","10","8","true","Oyster-Closed","0.6971","Oyster-Closed","0.6138","7","191.6","405.3","294.3","612.0"
"blob:http://localhost:8080/49552a7c-9b3b-4b03-982b-d0b580e90cab","63","8.927","10","20","true","Oyster-Open","0.6847","Oyster-Open","1.0000","7","340.1","196.8","428.0","381.7"
"blob:http://localhost:8080/49552a7c-9b3b-4b03-982b-d0b580e90cab","63","8.927","10","17","true","Oyster-Closed","0.5228","Oyster-Closed","1.0000","7","271.7","0.2","428.9","186.7"
"blob:http://localhost:8080/49552a7c-9b3b-4b03-982b-d0b580e90cab","63","8.927","10","21","true","Oyster-Open","0.4397","Oyster-Open","1.0000","7","71.0","285.9","170.8","333.7"
"blob:http://localhost:8080/49552a7c-9b3b-4b03-982b-d0b580e90cab","64","9.066","10","1","true","Oyster-Closed","0.9201","Oyster-Closed","1.0000","7","205.2","168.2","370.2","356.6"
"blob:http://localhost:8080/49552a7c-9b3b-4b03-982b-d0b580e90cab","64","9.066","10","6","true","Oyster-Closed","0.8597","Oyster-Closed","1.0000","7","56.8","408.6","152.0","557.5"
"blob:http://localhost:8080/49552a7c-9b3b-4b03-982b-d0b580e90cab","64","9.066","10","2","true","Oyster-Closed","0.8398","Oyster-Closed","1.0000","7","45.9","270.3","257.3","415.9"
"blob:http://localhost:8080/49552a7c-9b3b-4b03-982b-d0b580e90cab","64","9.066","10","5","true","Oyster-Closed","0.7779","Oyster-Closed","1.0000","7","121.0","155.5","217.0","273.0"
"blob:http://localhost:8080/49552a7c-9b3b-4b03-982b-d0b580e90cab","64","9.066","10","4","true","Oyster-Closed","0.7326","Oyster-Closed","1.0000","7","0.3","-0.2","191.8","176.7"
"blob:http://localhost:8080/49552a7c-9b3b-4b03-982b-d0b580e90cab","64","9.066","10","19","true","Oyster-Closed","0.7025","Oyster-Closed","1.0000","7","-0.0","205.9","49.5","326.5"
"blob:http://localhost:8080/49552a7c-9b3b-4b03-982b-d0b580e90cab","64","9.066","10","20","true","Oyster-Open","0.6673","Oyster-Open","1.0000","7","339.9","197.2","428.1","381.8"
"blob:http://localhost:8080/49552a7c-9b3b-4b03-982b-d0b580e90cab","64","9.066","10","8","true","Oyster-Closed","0.5655","Oyster-Closed","0.7649","7","191.6","405.3","294.7","610.1"
"blob:http://localhost:8080/49552a7c-9b3b-4b03-982b-d0b580e90cab","64","9.066","10","17","true","Oyster-Closed","0.5127","Oyster-Closed","1.0000","7","270.1","0.2","428.8","186.2"
"blob:http://localhost:8080/49552a7c-9b3b-4b03-982b-d0b580e90cab","64","9.066","10","23","false","Oyster-Closed","0.4146","Oyster-Closed","1.0000","1","177.4","34.6","306.8","186.5"
"blob:http://localhost:8080/49552a7c-9b3b-4b03-982b-d0b580e90cab","65","9.203","10","1","true","Oyster-Closed","0.9174","Oyster-Closed","1.0000","7","205.2","168.3","370.3","358.0"
"blob:http://localhost:8080/49552a7c-9b3b-4b03-982b-d0b580e90cab","65","9.203","10","6","true","Oyster-Closed","0.8744","Oyster-Closed","1.0000","7","57.0","409.5","151.1","558.1"
"blob:http://localhost:8080/49552a7c-9b3b-4b03-982b-d0b580e90cab","65","9.203","10","2","true","Oyster-Closed","0.8423","Oyster-Closed","1.0000","7","31.0","270.4","257.5","416.5"
"blob:http://localhost:8080/49552a7c-9b3b-4b03-982b-d0b580e90cab","65","9.203","10","5","true","Oyster-Closed","0.7694","Oyster-Closed","1.0000","7","121.3","154.8","217.5","273.8"
"blob:http://localhost:8080/49552a7c-9b3b-4b03-982b-d0b580e90cab","65","9.203","10","4","true","Oyster-Closed","0.7676","Oyster-Closed","1.0000","7","0.3","-0.1","191.6","178.7"
"blob:http://localhost:8080/49552a7c-9b3b-4b03-982b-d0b580e90cab","65","9.203","10","19","true","Oyster-Closed","0.7302","Oyster-Closed","1.0000","7","-0.0","204.8","49.3","325.1"
"blob:http://localhost:8080/49552a7c-9b3b-4b03-982b-d0b580e90cab","65","9.203","10","8","true","Oyster-Closed","0.6190","Oyster-Closed","0.8846","7","188.9","404.6","291.5","609.1"
"blob:http://localhost:8080/49552a7c-9b3b-4b03-982b-d0b580e90cab","65","9.203","10","20","true","Oyster-Open","0.5995","Oyster-Open","1.0000","7","339.1","203.5","428.0","383.2"
"blob:http://localhost:8080/49552a7c-9b3b-4b03-982b-d0b580e90cab","65","9.203","10","23","false","Oyster-Closed","0.4831","Oyster-Closed","1.0000","2","178.1","33.3","312.2","184.1"
"blob:http://localhost:8080/49552a7c-9b3b-4b03-982b-d0b580e90cab","65","9.203","10","17","true","Oyster-Closed","0.4788","Oyster-Closed","1.0000","7","261.1","-0.1","428.8","184.7"
"blob:http://localhost:8080/49552a7c-9b3b-4b03-982b-d0b580e90cab","66","9.343","10","1","true","Oyster-Closed","0.9148","Oyster-Closed","1.0000","7","205.2","169.9","369.9","358.8"
"blob:http://localhost:8080/49552a7c-9b3b-4b03-982b-d0b580e90cab","66","9.343","10","6","true","Oyster-Closed","0.8680","Oyster-Closed","1.0000","7","56.8","410.5","149.6","557.6"
"blob:http://localhost:8080/49552a7c-9b3b-4b03-982b-d0b580e90cab","66","9.343","10","2","true","Oyster-Closed","0.8444","Oyster-Closed","1.0000","7","26.9","270.8","257.1","416.9"
"blob:http://localhost:8080/49552a7c-9b3b-4b03-982b-d0b580e90cab","66","9.343","10","4","true","Oyster-Closed","0.7989","Oyster-Closed","1.0000","7","0.3","-0.1","191.3","180.4"
"blob:http://localhost:8080/49552a7c-9b3b-4b03-982b-d0b580e90cab","66","9.343","10","5","true","Oyster-Closed","0.7390","Oyster-Closed","1.0000","7","121.2","153.9","217.7","274.1"
"blob:http://localhost:8080/49552a7c-9b3b-4b03-982b-d0b580e90cab","66","9.343","10","19","true","Oyster-Closed","0.6758","Oyster-Closed","1.0000","7","-0.0","202.3","49.5","324.0"
"blob:http://localhost:8080/49552a7c-9b3b-4b03-982b-d0b580e90cab","66","9.343","10","17","true","Oyster-Closed","0.5520","Oyster-Closed","1.0000","7","276.4","-0.0","428.8","186.5"
"blob:http://localhost:8080/49552a7c-9b3b-4b03-982b-d0b580e90cab","66","9.343","10","20","true","Oyster-Open","0.5345","Oyster-Open","1.0000","7","337.6","200.0","429.0","381.6"
"blob:http://localhost:8080/49552a7c-9b3b-4b03-982b-d0b580e90cab","66","9.343","10","8","true","Oyster-Closed","0.4399","Oyster-Closed","1.0000","7","186.8","404.4","289.9","607.7"
"blob:http://localhost:8080/49552a7c-9b3b-4b03-982b-d0b580e90cab","66","9.343","10","23","false","Oyster-Closed","0.4135","Oyster-Closed","1.0000","3","178.0","35.1","309.7","183.9"
"blob:http://localhost:8080/49552a7c-9b3b-4b03-982b-d0b580e90cab","67","9.487","10","1","true","Oyster-Closed","0.9137","Oyster-Closed","1.0000","7","205.1","170.2","369.8","359.2"
"blob:http://localhost:8080/49552a7c-9b3b-4b03-982b-d0b580e90cab","67","9.487","10","6","true","Oyster-Closed","0.8716","Oyster-Closed","1.0000","7","56.0","408.6","148.0","556.0"
"blob:http://localhost:8080/49552a7c-9b3b-4b03-982b-d0b580e90cab","67","9.487","10","2","true","Oyster-Closed","0.8461","Oyster-Closed","1.0000","7","39.9","271.1","257.0","417.6"
"blob:http://localhost:8080/49552a7c-9b3b-4b03-982b-d0b580e90cab","67","9.487","10","4","true","Oyster-Closed","0.8425","Oyster-Closed","1.0000","7","0.3","-0.1","192.5","181.8"
"blob:http://localhost:8080/49552a7c-9b3b-4b03-982b-d0b580e90cab","67","9.487","10","5","true","Oyster-Closed","0.7347","Oyster-Closed","1.0000","7","121.6","154.0","217.6","274.0"
"blob:http://localhost:8080/49552a7c-9b3b-4b03-982b-d0b580e90cab","67","9.487","10","19","true","Oyster-Closed","0.6410","Oyster-Closed","1.0000","7","0.0","201.5","49.6","321.2"
"blob:http://localhost:8080/49552a7c-9b3b-4b03-982b-d0b580e90cab","67","9.487","10","23","false","Oyster-Closed","0.5872","Oyster-Closed","1.0000","4","178.2","34.0","314.0","184.3"
"blob:http://localhost:8080/49552a7c-9b3b-4b03-982b-d0b580e90cab","67","9.487","10","17","true","Oyster-Closed","0.5451","Oyster-Closed","1.0000","7","274.5","0.1","428.8","189.5"
"blob:http://localhost:8080/49552a7c-9b3b-4b03-982b-d0b580e90cab","67","9.487","10","20","true","Oyster-Open","0.5164","Oyster-Open","1.0000","7","337.4","200.6","429.1","380.9"
"blob:http://localhost:8080/49552a7c-9b3b-4b03-982b-d0b580e90cab","67","9.487","10","8","true","Oyster-Closed","0.4879","Oyster-Closed","1.0000","7","186.6","404.2","289.2","605.5"
"blob:http://localhost:8080/49552a7c-9b3b-4b03-982b-d0b580e90cab","68","9.625","10","1","true","Oyster-Closed","0.9105","Oyster-Closed","1.0000","7","205.6","171.0","369.6","359.4"
"blob:http://localhost:8080/49552a7c-9b3b-4b03-982b-d0b580e90cab","68","9.625","10","6","true","Oyster-Closed","0.8710","Oyster-Closed","1.0000","7","55.8","408.1","149.5","555.0"
"blob:http://localhost:8080/49552a7c-9b3b-4b03-982b-d0b580e90cab","68","9.625","10","2","true","Oyster-Closed","0.8593","Oyster-Closed","1.0000","7","45.2","271.1","256.9","417.9"
"blob:http://localhost:8080/49552a7c-9b3b-4b03-982b-d0b580e90cab","68","9.625","10","4","true","Oyster-Closed","0.8336","Oyster-Closed","1.0000","7","0.3","-0.0","192.7","183.4"
"blob:http://localhost:8080/49552a7c-9b3b-4b03-982b-d0b580e90cab","68","9.625","10","5","true","Oyster-Closed","0.7266","Oyster-Closed","1.0000","7","121.7","153.5","217.8","273.0"
"blob:http://localhost:8080/49552a7c-9b3b-4b03-982b-d0b580e90cab","68","9.625","10","19","true","Oyster-Closed","0.5874","Oyster-Closed","1.0000","7","0.0","200.4","49.8","319.1"
"blob:http://localhost:8080/49552a7c-9b3b-4b03-982b-d0b580e90cab","68","9.625","10","8","true","Oyster-Closed","0.5628","Oyster-Closed","1.0000","7","191.9","403.8","290.4","604.0"
"blob:http://localhost:8080/49552a7c-9b3b-4b03-982b-d0b580e90cab","68","9.625","10","23","true","Oyster-Closed","0.5053","Oyster-Closed","1.0000","5","178.6","35.4","312.4","182.9"
"blob:http://localhost:8080/49552a7c-9b3b-4b03-982b-d0b580e90cab","68","9.625","10","17","true","Oyster-Closed","0.5049","Oyster-Closed","1.0000","7","275.8","0.1","428.8","191.2"
"blob:http://localhost:8080/49552a7c-9b3b-4b03-982b-d0b580e90cab","68","9.625","10","20","true","Oyster-Open","0.4876","Oyster-Open","1.0000","7","336.3","200.5","429.0","381.1"
"blob:http://localhost:8080/49552a7c-9b3b-4b03-982b-d0b580e90cab","69","9.766","10","1","true","Oyster-Closed","0.9096","Oyster-Closed","1.0000","7","205.9","172.0","369.8","360.6"
"blob:http://localhost:8080/49552a7c-9b3b-4b03-982b-d0b580e90cab","69","9.766","10","6","true","Oyster-Closed","0.8721","Oyster-Closed","1.0000","7","55.5","407.7","149.6","554.7"
"blob:http://localhost:8080/49552a7c-9b3b-4b03-982b-d0b580e90cab","69","9.766","10","2","true","Oyster-Closed","0.8679","Oyster-Closed","1.0000","7","46.0","271.3","256.7","419.2"
"blob:http://localhost:8080/49552a7c-9b3b-4b03-982b-d0b580e90cab","69","9.766","10","4","true","Oyster-Closed","0.8549","Oyster-Closed","1.0000","7","0.2","-0.0","194.8","181.8"
"blob:http://localhost:8080/49552a7c-9b3b-4b03-982b-d0b580e90cab","69","9.766","10","5","true","Oyster-Closed","0.7178","Oyster-Closed","1.0000","7","121.8","153.3","217.6","273.3"
"blob:http://localhost:8080/49552a7c-9b3b-4b03-982b-d0b580e90cab","69","9.766","10","19","true","Oyster-Closed","0.6185","Oyster-Closed","1.0000","7","0.0","199.7","49.7","318.1"
"blob:http://localhost:8080/49552a7c-9b3b-4b03-982b-d0b580e90cab","69","9.766","10","8","true","Oyster-Closed","0.5611","Oyster-Closed","1.0000","7","185.3","403.6","286.0","603.1"
"blob:http://localhost:8080/49552a7c-9b3b-4b03-982b-d0b580e90cab","69","9.766","10","23","true","Oyster-Closed","0.5553","Oyster-Closed","1.0000","6","179.1","36.1","315.7","182.4"
"blob:http://localhost:8080/49552a7c-9b3b-4b03-982b-d0b580e90cab","69","9.766","10","17","true","Oyster-Closed","0.4770","Oyster-Closed","1.0000","7","275.6","0.2","428.8","191.7"
"blob:http://localhost:8080/49552a7c-9b3b-4b03-982b-d0b580e90cab","69","9.766","10","20","true","Oyster-Open","0.4102","Oyster-Open","1.0000","7","335.3","202.7","428.7","382.2"
"blob:http://localhost:8080/49552a7c-9b3b-4b03-982b-d0b580e90cab","70","9.875","9","1","true","Oyster-Closed","0.9065","Oyster-Closed","1.0000","7","205.4","172.7","369.7","361.1"
"blob:http://localhost:8080/49552a7c-9b3b-4b03-982b-d0b580e90cab","70","9.875","9","2","true","Oyster-Closed","0.8709","Oyster-Closed","1.0000","7","44.9","271.3","256.6","420.2"
"blob:http://localhost:8080/49552a7c-9b3b-4b03-982b-d0b580e90cab","70","9.875","9","6","true","Oyster-Closed","0.8677","Oyster-Closed","1.0000","7","55.1","407.5","147.9","553.2"
"blob:http://localhost:8080/49552a7c-9b3b-4b03-982b-d0b580e90cab","70","9.875","9","4","true","Oyster-Closed","0.8051","Oyster-Closed","1.0000","7","0.3","0.1","194.9","180.5"
"blob:http://localhost:8080/49552a7c-9b3b-4b03-982b-d0b580e90cab","70","9.875","9","5","true","Oyster-Closed","0.7090","Oyster-Closed","1.0000","7","122.0","153.6","218.3","273.5"
"blob:http://localhost:8080/49552a7c-9b3b-4b03-982b-d0b580e90cab","70","9.875","9","19","true","Oyster-Closed","0.5525","Oyster-Closed","1.0000","7","0.0","200.5","49.2","316.8"
"blob:http://localhost:8080/49552a7c-9b3b-4b03-982b-d0b580e90cab","70","9.875","9","18","true","Oyster-Open","0.4890","Oyster-Open","1.0000","7","287.4","476.8","382.5","604.1"
"blob:http://localhost:8080/49552a7c-9b3b-4b03-982b-d0b580e90cab","70","9.875","9","8","true","Oyster-Open","0.4772","Oyster-Closed","0.8715","7","186.0","403.0","284.8","600.3"
"blob:http://localhost:8080/49552a7c-9b3b-4b03-982b-d0b580e90cab","70","9.875","9","23","true","Oyster-Closed","0.4059","Oyster-Closed","1.0000","7","179.3","36.7","315.6","181.8"