clip,frame,timestamp,count,trackedId,confirmed,rawLabel,rawConfidence,smoothedLabel,smoothedSupport,stateHistoryLength,y1,x1,y2,x2
"blob:http://localhost:8080/361399df-b12e-475b-8c21-6363910f5350","1","0.168","20","1","false","Oyster-Closed","0.8674","Oyster-Closed","1.0000","1","219.2","442.2","326.2","592.5"
"blob:http://localhost:8080/361399df-b12e-475b-8c21-6363910f5350","1","0.168","20","2","false","Oyster-Closed","0.8191","Oyster-Closed","1.0000","1","154.3","94.5","273.4","261.0"
"blob:http://localhost:8080/361399df-b12e-475b-8c21-6363910f5350","1","0.168","20","3","false","Oyster-Closed","0.7523","Oyster-Closed","1.0000","1","104.2","1.4","216.5","65.3"
"blob:http://localhost:8080/361399df-b12e-475b-8c21-6363910f5350","1","0.168","20","4","false","Oyster-Closed","0.7326","Oyster-Closed","1.0000","1","237.1","-0.1","374.2","48.7"
"blob:http://localhost:8080/361399df-b12e-475b-8c21-6363910f5350","1","0.168","20","5","false","Oyster-Closed","0.7025","Oyster-Closed","1.0000","1","380.0","0.2","428.5","112.8"
"blob:http://localhost:8080/361399df-b12e-475b-8c21-6363910f5350","1","0.168","20","6","false","Oyster-Closed","0.6963","Oyster-Closed","1.0000","1","192.1","524.6","223.2","583.5"
"blob:http://localhost:8080/361399df-b12e-475b-8c21-6363910f5350","1","0.168","20","7","false","Oyster-Open","0.6710","Oyster-Open","1.0000","1","197.8","231.7","241.2","282.5"
"blob:http://localhost:8080/361399df-b12e-475b-8c21-6363910f5350","1","0.168","20","8","false","Oyster-Closed","0.6567","Oyster-Closed","1.0000","1","296.4","471.9","354.4","523.0"
"blob:http://localhost:8080/361399df-b12e-475b-8c21-6363910f5350","1","0.168","20","9","false","Oyster-Closed","0.6462","Oyster-Closed","1.0000","1","214.2","332.1","251.9","380.7"
"blob:http://localhost:8080/361399df-b12e-475b-8c21-6363910f5350","1","0.168","20","10","false","Oyster-Closed","0.6348","Oyster-Closed","1.0000","1","248.6","290.0","305.3","347.4"
"blob:http://localhost:8080/361399df-b12e-475b-8c21-6363910f5350","1","0.168","20","11","false","Oyster-Closed","0.6002","Oyster-Closed","1.0000","1","243.5","378.2","272.9","435.9"
"blob:http://localhost:8080/361399df-b12e-475b-8c21-6363910f5350","1","0.168","20","12","false","Oyster-Closed","0.5707","Oyster-Closed","1.0000","1","266.3","10.0","384.5","121.2"
"blob:http://localhost:8080/361399df-b12e-475b-8c21-6363910f5350","1","0.168","20","13","false","Oyster-Closed","0.5679","Oyster-Closed","1.0000","1","282.3","435.0","328.1","490.5"
"blob:http://localhost:8080/361399df-b12e-475b-8c21-6363910f5350","1","0.168","20","14","false","Oyster-Closed","0.4964","Oyster-Closed","1.0000","1","317.4","166.7","347.0","236.4"
"blob:http://localhost:8080/361399df-b12e-475b-8c21-6363910f5350","1","0.168","20","15","false","Oyster-Closed","0.4889","Oyster-Closed","1.0000","1","208.7","545.0","262.1","632.0"
"blob:http://localhost:8080/361399df-b12e-475b-8c21-6363910f5350","1","0.168","20","16","false","Oyster-Closed","0.4751","Oyster-Closed","1.0000","1","214.4","431.8","252.8","481.5"
"blob:http://localhost:8080/361399df-b12e-475b-8c21-6363910f5350","1","0.168","20","17","false","Oyster-Closed","0.4462","Oyster-Closed","1.0000","1","325.7","122.6","373.9","210.8"
"blob:http://localhost:8080/361399df-b12e-475b-8c21-6363910f5350","1","0.168","20","18","false","Oyster-Closed","0.4451","Oyster-Closed","1.0000","1","141.0","383.3","245.5","507.0"
"blob:http://localhost:8080/361399df-b12e-475b-8c21-6363910f5350","1","0.168","20","19","false","Oyster-Closed","0.4250","Oyster-Closed","1.0000","1","261.9","103.7","304.2","215.2"
"blob:http://localhost:8080/361399df-b12e-475b-8c21-6363910f5350","1","0.168","20","20","false","Oyster-Closed","0.4030","Oyster-Closed","1.0000","1","304.8","235.8","384.9","300.7"
"blob:http://localhost:8080/361399df-b12e-475b-8c21-6363910f5350","2","0.305","20","1","false","Oyster-Closed","0.8538","Oyster-Closed","1.0000","2","219.4","442.3","325.5","591.9"
"blob:http://localhost:8080/361399df-b12e-475b-8c21-6363910f5350","2","0.305","20","2","false","Oyster-Closed","0.8120","Oyster-Closed","1.0000","2","154.1","97.8","272.4","261.2"
"blob:http://localhost:8080/361399df-b12e-475b-8c21-6363910f5350","2","0.305","20","3","false","Oyster-Closed","0.7359","Oyster-Closed","1.0000","2","104.1","0.5","229.7","65.3"
"blob:http://localhost:8080/361399df-b12e-475b-8c21-6363910f5350","2","0.305","20","4","false","Oyster-Closed","0.7325","Oyster-Closed","1.0000","2","238.9","-0.1","373.7","49.0"
"blob:http://localhost:8080/361399df-b12e-475b-8c21-6363910f5350","2","0.305","20","5","false","Oyster-Closed","0.6938","Oyster-Closed","1.0000","2","380.1","0.2","428.6","112.9"
"blob:http://localhost:8080/361399df-b12e-475b-8c21-6363910f5350","2","0.305","20","9","false","Oyster-Closed","0.6692","Oyster-Closed","1.0000","2","214.7","332.2","253.3","381.0"
"blob:http://localhost:8080/361399df-b12e-475b-8c21-6363910f5350","2","0.305","20","6","false","Oyster-Closed","0.6629","Oyster-Closed","1.0000","2","191.9","524.6","223.0","583.6"
"blob:http://localhost:8080/361399df-b12e-475b-8c21-6363910f5350","2","0.305","20","8","false","Oyster-Closed","0.6615","Oyster-Closed","1.0000","2","296.4","471.2","354.2","523.0"
"blob:http://localhost:8080/361399df-b12e-475b-8c21-6363910f5350","2","0.305","20","7","false","Oyster-Open","0.6550","Oyster-Open","1.0000","2","197.7","231.5","241.0","282.5"
"blob:http://localhost:8080/361399df-b12e-475b-8c21-6363910f5350","2","0.305","20","10","false","Oyster-Closed","0.5850","Oyster-Closed","1.0000","2","248.8","289.9","305.0","349.0"
"blob:http://localhost:8080/361399df-b12e-475b-8c21-6363910f5350","2","0.305","20","12","false","Oyster-Closed","0.5511","Oyster-Closed","1.0000","2","265.9","12.8","384.4","120.9"
"blob:http://localhost:8080/361399df-b12e-475b-8c21-6363910f5350","2","0.305","20","13","false","Oyster-Closed","0.5408","Oyster-Closed","1.0000","2","282.3","434.9","328.1","490.5"
"blob:http://localhost:8080/361399df-b12e-475b-8c21-6363910f5350","2","0.305","20","18","false","Oyster-Closed","0.5401","Oyster-Closed","1.0000","2","141.3","379.8","244.3","506.1"
"blob:http://localhost:8080/361399df-b12e-475b-8c21-6363910f5350","2","0.305","20","11","false","Oyster-Closed","0.5335","Oyster-Closed","1.0000","2","243.6","378.4","272.7","436.1"
"blob:http://localhost:8080/361399df-b12e-475b-8c21-6363910f5350","2","0.305","20","14","false","Oyster-Closed","0.4945","Oyster-Closed","1.0000","2","317.3","166.6","347.0","236.4"
"blob:http://localhost:8080/361399df-b12e-475b-8c21-6363910f5350","2","0.305","20","16","false","Oyster-Closed","0.4931","Oyster-Closed","1.0000","2","214.4","431.9","252.7","481.4"
"blob:http://localhost:8080/361399df-b12e-475b-8c21-6363910f5350","2","0.305","20","15","false","Oyster-Closed","0.4845","Oyster-Closed","1.0000","2","208.8","545.2","263.1","631.6"
"blob:http://localhost:8080/361399df-b12e-475b-8c21-6363910f5350","2","0.305","20","19","false","Oyster-Closed","0.4632","Oyster-Closed","1.0000","2","262.1","104.3","304.4","215.1"
"blob:http://localhost:8080/361399df-b12e-475b-8c21-6363910f5350","2","0.305","20","17","false","Oyster-Closed","0.4414","Oyster-Closed","1.0000","2","325.8","123.0","373.9","210.9"
"blob:http://localhost:8080/361399df-b12e-475b-8c21-6363910f5350","2","0.305","20","20","false","Oyster-Closed","0.4016","Oyster-Closed","1.0000","2","304.8","235.8","384.5","301.4"
"blob:http://localhost:8080/361399df-b12e-475b-8c21-6363910f5350","3","0.447","20","1","false","Oyster-Closed","0.8514","Oyster-Closed","1.0000","3","219.8","441.5","325.9","592.0"
"blob:http://localhost:8080/361399df-b12e-475b-8c21-6363910f5350","3","0.447","20","2","false","Oyster-Closed","0.8351","Oyster-Closed","1.0000","3","154.3","95.6","272.5","261.5"
"blob:http://localhost:8080/361399df-b12e-475b-8c21-6363910f5350","3","0.447","20","3","false","Oyster-Closed","0.7565","Oyster-Closed","1.0000","3","104.0","1.1","228.2","65.3"
"blob:http://localhost:8080/361399df-b12e-475b-8c21-6363910f5350","3","0.447","20","5","false","Oyster-Closed","0.7197","Oyster-Closed","1.0000","3","380.1","0.3","428.5","113.3"
"blob:http://localhost:8080/361399df-b12e-475b-8c21-6363910f5350","3","0.447","20","4","false","Oyster-Closed","0.7167","Oyster-Closed","1.0000","3","235.2","-0.1","375.0","48.8"
"blob:http://localhost:8080/361399df-b12e-475b-8c21-6363910f5350","3","0.447","20","12","false","Oyster-Closed","0.7134","Oyster-Closed","1.0000","3","267.1","11.3","384.0","121.2"
"blob:http://localhost:8080/361399df-b12e-475b-8c21-6363910f5350","3","0.447","20","8","false","Oyster-Closed","0.6876","Oyster-Closed","1.0000","3","296.6","471.9","354.1","522.8"
"blob:http://localhost:8080/361399df-b12e-475b-8c21-6363910f5350","3","0.447","20","9","false","Oyster-Closed","0.6742","Oyster-Closed","1.0000","3","214.4","332.2","252.8","380.9"
"blob:http://localhost:8080/361399df-b12e-475b-8c21-6363910f5350","3","0.447","20","7","false","Oyster-Open","0.6666","Oyster-Open","1.0000","3","197.6","231.9","241.0","282.5"
"blob:http://localhost:8080/361399df-b12e-475b-8c21-6363910f5350","3","0.447","20","6","false","Oyster-Closed","0.6522","Oyster-Closed","1.0000","3","191.6","523.9","222.5","583.6"
"blob:http://localhost:8080/361399df-b12e-475b-8c21-6363910f5350","3","0.447","20","10","false","Oyster-Closed","0.5910","Oyster-Closed","1.0000","3","248.7","289.8","305.1","348.8"
"blob:http://localhost:8080/361399df-b12e-475b-8c21-6363910f5350","3","0.447","20","13","false","Oyster-Closed","0.5674","Oyster-Closed","1.0000","3","282.3","434.2","327.7","490.4"
"blob:http://localhost:8080/361399df-b12e-475b-8c21-6363910f5350","3","0.447","20","16","false","Oyster-Closed","0.5366","Oyster-Closed","1.0000","3","214.4","432.2","253.0","481.3"
"blob:http://localhost:8080/361399df-b12e-475b-8c21-6363910f5350","3","0.447","20","14","false","Oyster-Closed","0.5349","Oyster-Closed","1.0000","3","317.3","166.4","347.0","236.6"
"blob:http://localhost:8080/361399df-b12e-475b-8c21-6363910f5350","3","0.447","20","11","false","Oyster-Closed","0.5191","Oyster-Closed","1.0000","3","243.6","378.6","272.2","438.9"
"blob:http://localhost:8080/361399df-b12e-475b-8c21-6363910f5350","3","0.447","20","18","false","Oyster-Closed","0.4836","Oyster-Closed","1.0000","3","141.3","378.3","244.6","506.5"
"blob:http://localhost:8080/361399df-b12e-475b-8c21-6363910f5350","3","0.447","20","17","false","Oyster-Closed","0.4739","Oyster-Closed","1.0000","3","325.6","122.8","373.9","210.7"
"blob:http://localhost:8080/361399df-b12e-475b-8c21-6363910f5350","3","0.447","20","19","false","Oyster-Closed","0.4713","Oyster-Closed","1.0000","3","262.1","104.0","304.4","215.5"
"blob:http://localhost:8080/361399df-b12e-475b-8c21-6363910f5350","3","0.447","20","15","false","Oyster-Closed","0.4542","Oyster-Closed","1.0000","3","208.8","545.5","262.6","632.3"
"blob:http://localhost:8080/361399df-b12e-475b-8c21-6363910f5350","3","0.447","20","20","false","Oyster-Closed","0.4109","Oyster-Closed","1.0000","3","304.7","235.8","384.8","301.8"
"blob:http://localhost:8080/361399df-b12e-475b-8c21-6363910f5350","4","0.587","17","1","false","Oyster-Closed","0.8567","Oyster-Closed","1.0000","4","220.1","444.1","326.7","591.7"
"blob:http://localhost:8080/361399df-b12e-475b-8c21-6363910f5350","4","0.587","17","2","false","Oyster-Closed","0.8433","Oyster-Closed","1.0000","4","154.4","95.6","271.3","261.2"
"blob:http://localhost:8080/361399df-b12e-475b-8c21-6363910f5350","4","0.587","17","3","false","Oyster-Closed","0.7496","Oyster-Closed","1.0000","4","104.0","1.3","227.4","65.3"
"blob:http://localhost:8080/361399df-b12e-475b-8c21-6363910f5350","4","0.587","17","4","false","Oyster-Closed","0.7268","Oyster-Closed","1.0000","4","236.2","-0.1","374.9","48.9"
"blob:http://localhost:8080/361399df-b12e-475b-8c21-6363910f5350","4","0.587","17","5","false","Oyster-Closed","0.7079","Oyster-Closed","1.0000","4","380.1","0.2","428.6","113.2"
"blob:http://localhost:8080/361399df-b12e-475b-8c21-6363910f5350","4","0.587","17","7","false","Oyster-Open","0.6777","Oyster-Open","1.0000","4","197.7","231.7","241.1","282.5"
"blob:http://localhost:8080/361399df-b12e-475b-8c21-6363910f5350","4","0.587","17","9","false","Oyster-Closed","0.6704","Oyster-Closed","1.0000","4","214.9","332.2","253.5","380.8"
"blob:http://localhost:8080/361399df-b12e-475b-8c21-6363910f5350","4","0.587","17","18","false","Oyster-Closed","0.6573","Oyster-Closed","1.0000","4","141.3","377.5","244.6","508.3"
"blob:http://localhost:8080/361399df-b12e-475b-8c21-6363910f5350","4","0.587","17","8","false","Oyster-Closed","0.6404","Oyster-Closed","1.0000","4","296.5","471.9","354.0","522.8"
"blob:http://localhost:8080/361399df-b12e-475b-8c21-6363910f5350","4","0.587","17","12","false","Oyster-Closed","0.6313","Oyster-Closed","1.0000","4","267.2","11.9","384.2","122.2"
"blob:http://localhost:8080/361399df-b12e-475b-8c21-6363910f5350","4","0.587","17","10","false","Oyster-Closed","0.5977","Oyster-Closed","1.0000","4","248.7","289.8","305.2","349.0"
"blob:http://localhost:8080/361399df-b12e-475b-8c21-6363910f5350","4","0.587","17","13","false","Oyster-Closed","0.5137","Oyster-Closed","1.0000","4","282.3","435.6","328.0","490.5"
"blob:http://localhost:8080/361399df-b12e-475b-8c21-6363910f5350","4","0.587","17","11","false","Oyster-Closed","0.4833","Oyster-Closed","1.0000","4","243.5","378.4","271.8","436.7"
"blob:http://localhost:8080/361399df-b12e-475b-8c21-6363910f5350","4","0.587","17","19","false","Oyster-Closed","0.4673","Oyster-Closed","1.0000","4","262.0","105.3","307.7","216.1"
"blob:http://localhost:8080/361399df-b12e-475b-8c21-6363910f5350","4","0.587","17","17","false","Oyster-Closed","0.4572","Oyster-Closed","1.0000","4","325.7","122.9","373.9","211.1"
"blob:http://localhost:8080/361399df-b12e-475b-8c21-6363910f5350","4","0.587","17","16","false","Oyster-Closed","0.4455","Oyster-Closed","1.0000","4","214.6","432.0","252.6","480.6"
"blob:http://localhost:8080/361399df-b12e-475b-8c21-6363910f5350","4","0.587","17","6","false","Oyster-Closed","0.4407","Oyster-Closed","1.0000","4","192.0","527.3","221.2","583.3"
"blob:http://localhost:8080/361399df-b12e-475b-8c21-6363910f5350","5","0.728","17","1","true","Oyster-Closed","0.8496","Oyster-Closed","1.0000","5","219.2","444.0","326.8","590.8"
"blob:http://localhost:8080/361399df-b12e-475b-8c21-6363910f5350","5","0.728","17","2","true","Oyster-Closed","0.8431","Oyster-Closed","1.0000","5","154.5","96.0","271.8","260.8"
"blob:http://localhost:8080/361399df-b12e-475b-8c21-6363910f5350","5","0.728","17","3","true","Oyster-Closed","0.7689","Oyster-Closed","1.0000","5","104.0","0.5","231.3","65.2"
"blob:http://localhost:8080/361399df-b12e-475b-8c21-6363910f5350","5","0.728","17","4","true","Oyster-Closed","0.7385","Oyster-Closed","1.0000","5","233.5","-0.1","374.4","48.8"
"blob:http://localhost:8080/361399df-b12e-475b-8c21-6363910f5350","5","0.728","17","5","true","Oyster-Closed","0.7198","Oyster-Closed","1.0000","5","380.0","0.2","428.6","113.1"
"blob:http://localhost:8080/361399df-b12e-475b-8c21-6363910f5350","5","0.728","17","7","true","Oyster-Open","0.6754","Oyster-Open","1.0000","5","197.3","231.9","241.1","282.5"
"blob:http://localhost:8080/361399df-b12e-475b-8c21-6363910f5350","5","0.728","17","18","true","Oyster-Closed","0.6661","Oyster-Closed","1.0000","5","141.4","377.7","244.6","508.5"
"blob:http://localhost:8080/361399df-b12e-475b-8c21-6363910f5350","5","0.728","17","9","true","Oyster-Closed","0.6577","Oyster-Closed","1.0000","5","214.9","332.2","253.3","380.8"
"blob:http://localhost:8080/361399df-b12e-475b-8c21-6363910f5350","5","0.728","17","8","true","Oyster-Closed","0.6477","Oyster-Closed","1.0000","5","296.6","471.8","354.0","522.8"
"blob:http://localhost:8080/361399df-b12e-475b-8c21-6363910f5350","5","0.728","17","10","true","Oyster-Closed","0.5977","Oyster-Closed","1.0000","5","248.7","289.8","305.3","349.1"
"blob:http://localhost:8080/361399df-b12e-475b-8c21-6363910f5350","5","0.728","17","12","true","Oyster-Closed","0.5886","Oyster-Closed","1.0000","5","266.8","10.3","384.3","121.0"
"blob:http://localhost:8080/361399df-b12e-475b-8c21-6363910f5350","5","0.728","17","13","true","Oyster-Closed","0.5255","Oyster-Closed","1.0000","5","282.3","435.1","327.9","490.5"
"blob:http://localhost:8080/361399df-b12e-475b-8c21-6363910f5350","5","0.728","17","11","true","Oyster-Closed","0.5027","Oyster-Closed","1.0000","5","243.5","378.3","272.0","437.0"
"blob:http://localhost:8080/361399df-b12e-475b-8c21-6363910f5350","5","0.728","17","19","true","Oyster-Closed","0.4507","Oyster-Closed","1.0000","5","262.0","105.3","303.9","216.0"
"blob:http://localhost:8080/361399df-b12e-475b-8c21-6363910f5350","5","0.728","17","16","true","Oyster-Closed","0.4234","Oyster-Closed","1.0000","5","214.6","432.0","252.0","480.2"
"blob:http://localhost:8080/361399df-b12e-475b-8c21-6363910f5350","5","0.728","17","14","false","Oyster-Closed","0.4208","Oyster-Closed","1.0000","4","317.7","166.4","347.1","236.6"
"blob:http://localhost:8080/361399df-b12e-475b-8c21-6363910f5350","5","0.728","17","17","true","Oyster-Closed","0.4170","Oyster-Closed","1.0000","5","325.8","123.4","373.8","211.2"
"blob:http://localhost:8080/361399df-b12e-475b-8c21-6363910f5350","6","0.871","20","1","true","Oyster-Closed","0.8479","Oyster-Closed","1.0000","6","218.8","443.5","326.2","589.9"
"blob:http://localhost:8080/361399df-b12e-475b-8c21-6363910f5350","6","0.871","20","2","true","Oyster-Closed","0.8350","Oyster-Closed","1.0000","6","154.4","91.9","274.4","260.1"
"blob:http://localhost:8080/361399df-b12e-475b-8c21-6363910f5350","6","0.871","20","3","true","Oyster-Closed","0.7594","Oyster-Closed","1.0000","6","103.9","1.2","229.4","65.4"
"blob:http://localhost:8080/361399df-b12e-475b-8c21-6363910f5350","6","0.871","20","4","true","Oyster-Closed","0.7469","Oyster-Closed","1.0000","6","230.7","-0.1","374.8","49.2"
"blob:http://localhost:8080/361399df-b12e-475b-8c21-6363910f5350","6","0.871","20","9","true","Oyster-Closed","0.6961","Oyster-Closed","1.0000","6","215.0","332.1","254.8","381.0"
"blob:http://localhost:8080/361399df-b12e-475b-8c21-6363910f5350","6","0.871","20","5","true","Oyster-Closed","0.6877","Oyster-Closed","1.0000","6","380.1","0.3","428.6","113.2"
"blob:http://localhost:8080/361399df-b12e-475b-8c21-6363910f5350","6","0.871","20","10","true","Oyster-Closed","0.6686","Oyster-Closed","1.0000","6","248.9","290.1","305.6","348.9"
"blob:http://localhost:8080/361399df-b12e-475b-8c21-6363910f5350","6","0.871","20","7","true","Oyster-Open","0.6533","Oyster-Open","1.0000","6","197.0","231.6","241.3","282.6"
"blob:http://localhost:8080/361399df-b12e-475b-8c21-6363910f5350","6","0.871","20","12","true","Oyster-Closed","0.6397","Oyster-Closed","1.0000","6","266.2","8.4","384.5","120.7"
"blob:http://localhost:8080/361399df-b12e-475b-8c21-6363910f5350","6","0.871","20","8","true","Oyster-Closed","0.6286","Oyster-Closed","1.0000","6","296.5","473.6","353.8","522.9"
"blob:http://localhost:8080/361399df-b12e-475b-8c21-6363910f5350","6","0.871","20","11","true","Oyster-Closed","0.5588","Oyster-Closed","1.0000","6","243.3","378.6","271.2","435.1"
"blob:http://localhost:8080/361399df-b12e-475b-8c21-6363910f5350","6","0.871","20","13","true","Oyster-Closed","0.5319","Oyster-Closed","1.0000","6","282.3","435.8","328.5","490.5"
"blob:http://localhost:8080/361399df-b12e-475b-8c21-6363910f5350","6","0.871","20","20","false","Oyster-Closed","0.5236","Oyster-Closed","1.0000","4","277.8","288.6","367.5","352.0"
"blob:http://localhost:8080/361399df-b12e-475b-8c21-6363910f5350","6","0.871","20","18","true","Oyster-Closed","0.5030","Oyster-Closed","1.0000","6","141.2","379.9","246.0","507.4"
"blob:http://localhost:8080/361399df-b12e-475b-8c21-6363910f5350","6","0.871","20","19","true","Oyster-Closed","0.5007","Oyster-Closed","1.0000","6","262.3","105.3","304.7","215.7"
"blob:http://localhost:8080/361399df-b12e-475b-8c21-6363910f5350","6","0.871","20","14","true","Oyster-Closed","0.4692","Oyster-Closed","1.0000","5","317.2","166.2","347.1","236.5"
"blob:http://localhost:8080/361399df-b12e-475b-8c21-6363910f5350","6","0.871","20","17","true","Oyster-Closed","0.4188","Oyster-Closed","1.0000","6","325.8","122.8","373.7","210.5"
"blob:http://localhost:8080/361399df-b12e-475b-8c21-6363910f5350","6","0.871","20","21","false","Oyster-Closed","0.4174","Oyster-Closed","1.0000","1","376.1","100.2","428.5","160.4"
"blob:http://localhost:8080/361399df-b12e-475b-8c21-6363910f5350","6","0.871","20","16","true","Oyster-Closed","0.4115","Oyster-Closed","1.0000","6","214.5","431.7","252.0","480.1"
"blob:http://localhost:8080/361399df-b12e-475b-8c21-6363910f5350","6","0.871","20","6","true","Oyster-Closed","0.4113","Oyster-Closed","1.0000","5","186.2","527.0","221.7","582.4"
"blob:http://localhost:8080/361399df-b12e-475b-8c21-6363910f5350","7","1.015","20","2","true","Oyster-Closed","0.8515","Oyster-Closed","1.0000","7","154.9","90.6","273.2","259.9"
"blob:http://localhost:8080/361399df-b12e-475b-8c21-6363910f5350","7","1.015","20","1","true","Oyster-Closed","0.8413","Oyster-Closed","1.0000","7","219.4","443.4","326.4","587.3"
"blob:http://localhost:8080/361399df-b12e-475b-8c21-6363910f5350","7","1.015","20","3","true","Oyster-Closed","0.7649","Oyster-Closed","1.0000","7","104.0","1.1","230.7","65.4"
"blob:http://localhost:8080/361399df-b12e-475b-8c21-6363910f5350","7","1.015","20","4","true","Oyster-Closed","0.7474","Oyster-Closed","1.0000","7","229.6","-0.1","375.1","49.3"
"blob:http://localhost:8080/361399df-b12e-475b-8c21-6363910f5350","7","1.015","20","5","true","Oyster-Closed","0.7032","Oyster-Closed","1.0000","7","380.1","0.3","428.6","113.2"
"blob:http://localhost:8080/361399df-b12e-475b-8c21-6363910f5350","7","1.015","20","9","true","Oyster-Closed","0.6994","Oyster-Closed","1.0000","7","214.9","332.1","254.8","381.0"
"blob:http://localhost:8080/361399df-b12e-475b-8c21-6363910f5350","7","1.015","20","10","true","Oyster-Closed","0.6807","Oyster-Closed","1.0000","7","248.8","290.0","306.0","348.9"
"blob:http://localhost:8080/361399df-b12e-475b-8c21-6363910f5350","7","1.015","20","8","true","Oyster-Closed","0.6533","Oyster-Closed","1.0000","7","296.6","472.9","354.1","523.0"
"blob:http://localhost:8080/361399df-b12e-475b-8c21-6363910f5350","7","1.015","20","7","true","Oyster-Open","0.6532","Oyster-Open","1.0000","7","196.6","231.8","241.2","282.6"
"blob:http://localhost:8080/361399df-b12e-475b-8c21-6363910f5350","7","1.015","20","12","true","Oyster-Closed","0.5561","Oyster-Closed","1.0000","7","266.5","8.0","384.8","121.2"
"blob:http://localhost:8080/361399df-b12e-475b-8c21-6363910f5350","7","1.015","20","19","true","Oyster-Closed","0.5502","Oyster-Closed","1.0000","7","261.9","106.0","306.2","216.1"
"blob:http://localhost:8080/361399df-b12e-475b-8c21-6363910f5350","7","1.015","20","11","true","Oyster-Closed","0.5172","Oyster-Closed","1.0000","7","243.4","378.5","272.2","436.1"
"blob:http://localhost:8080/361399df-b12e-475b-8c21-6363910f5350","7","1.015","20","13","true","Oyster-Closed","0.5161","Oyster-Closed","1.0000","7","282.4","435.7","328.7","490.5"
"blob:http://localhost:8080/361399df-b12e-475b-8c21-6363910f5350","7","1.015","20","18","true","Oyster-Closed","0.5041","Oyster-Closed","1.0000","7","141.3","378.2","246.7","507.3"
"blob:http://localhost:8080/361399df-b12e-475b-8c21-6363910f5350","7","1.015","20","14","true","Oyster-Closed","0.4962","Oyster-Closed","1.0000","6","317.0","167.0","347.0","236.7"
"blob:http://localhost:8080/361399df-b12e-475b-8c21-6363910f5350","7","1.015","20","6","true","Oyster-Closed","0.4645","Oyster-Closed","1.0000","6","190.5","533.7","221.2","583.3"
"blob:http://localhost:8080/361399df-b12e-475b-8c21-6363910f5350","7","1.015","20","20","true","Oyster-Closed","0.4397","Oyster-Closed","1.0000","5","277.7","288.1","369.1","352.1"
"blob:http://localhost:8080/361399df-b12e-475b-8c21-6363910f5350","7","1.015","20","21","false","Oyster-Closed","0.4389","Oyster-Closed","1.0000","2","376.1","100.1","428.5","160.4"
"blob:http://localhost:8080/361399df-b12e-475b-8c21-6363910f5350","7","1.015","20","17","true","Oyster-Closed","0.4215","Oyster-Closed","1.0000","7","325.5","122.6","373.8","210.3"
"blob:http://localhost:8080/361399df-b12e-475b-8c21-6363910f5350","7","1.015","20","16","true","Oyster-Closed","0.4113","Oyster-Closed","1.0000","7","214.4","431.6","252.0","480.2"
"blob:http://localhost:8080/361399df-b12e-475b-8c21-6363910f5350","8","1.152","20","1","true","Oyster-Closed","0.8469","Oyster-Closed","1.0000","7","219.1","443.7","326.6","590.3"
"blob:http://localhost:8080/361399df-b12e-475b-8c21-6363910f5350","8","1.152","20","2","true","Oyster-Closed","0.8447","Oyster-Closed","1.0000","7","154.9","92.8","273.4","260.3"
"blob:http://localhost:8080/361399df-b12e-475b-8c21-6363910f5350","8","1.152","20","3","true","Oyster-Closed","0.7645","Oyster-Closed","1.0000","7","103.8","1.1","230.6","65.5"
"blob:http://localhost:8080/361399df-b12e-475b-8c21-6363910f5350","8","1.152","20","4","true","Oyster-Closed","0.7389","Oyster-Closed","1.0000","7","232.2","-0.1","375.3","49.2"
"blob:http://localhost:8080/361399df-b12e-475b-8c21-6363910f5350","8","1.152","20","5","true","Oyster-Closed","0.7141","Oyster-Closed","1.0000","7","380.2","0.3","428.6","113.3"
"blob:http://localhost:8080/361399df-b12e-475b-8c21-6363910f5350","8","1.152","20","9","true","Oyster-Closed","0.7094","Oyster-Closed","1.0000","7","214.9","332.1","254.7","381.0"
"blob:http://localhost:8080/361399df-b12e-475b-8c21-6363910f5350","8","1.152","20","10","true","Oyster-Closed","0.6997","Oyster-Closed","1.0000","7","248.8","290.0","305.7","348.9"
"blob:http://localhost:8080/361399df-b12e-475b-8c21-6363910f5350","8","1.152","20","7","true","Oyster-Open","0.6604","Oyster-Open","1.0000","7","196.7","232.0","241.2","282.7"
"blob:http://localhost:8080/361399df-b12e-475b-8c21-6363910f5350","8","1.152","20","8","true","Oyster-Closed","0.6443","Oyster-Closed","1.0000","7","296.6","473.0","353.7","522.9"
"blob:http://localhost:8080/361399df-b12e-475b-8c21-6363910f5350","8","1.152","20","18","true","Oyster-Closed","0.6410","Oyster-Closed","1.0000","7","141.6","377.8","244.7","508.4"
"blob:http://localhost:8080/361399df-b12e-475b-8c21-6363910f5350","8","1.152","20","12","true","Oyster-Closed","0.5838","Oyster-Closed","1.0000","7","266.2","7.7","385.1","120.9"
"blob:http://localhost:8080/361399df-b12e-475b-8c21-6363910f5350","8","1.152","20","11","true","Oyster-Closed","0.5324","Oyster-Closed","1.0000","7","243.1","378.4","272.3","435.8"
"blob:http://localhost:8080/361399df-b12e-475b-8c21-6363910f5350","8","1.152","20","19","true","Oyster-Closed","0.5151","Oyster-Closed","1.0000","7","262.2","105.7","306.0","215.9"
"blob:http://localhost:8080/361399df-b12e-475b-8c21-6363910f5350","8","1.152","20","13","true","Oyster-Closed","0.4980","Oyster-Closed","1.0000","7","282.4","435.7","328.8","490.5"
"blob:http://localhost:8080/361399df-b12e-475b-8c21-6363910f5350","8","1.152","20","16","true","Oyster-Closed","0.4915","Oyster-Closed","1.0000","7","214.5","431.7","252.9","479.8"
"blob:http://localhost:8080/361399df-b12e-475b-8c21-6363910f5350","8","1.152","20","14","true","Oyster-Closed","0.4653","Oyster-Closed","1.0000","7","317.1","166.8","347.1","236.7"
"blob:http://localhost:8080/361399df-b12e-475b-8c21-6363910f5350","8","1.152","20","17","true","Oyster-Closed","0.4338","Oyster-Closed","1.0000","7","325.4","122.5","373.9","210.5"
"blob:http://localhost:8080/361399df-b12e-475b-8c21-6363910f5350","8","1.152","20","20","true","Oyster-Closed","0.4320","Oyster-Closed","1.0000","6","278.1","288.2","369.5","352.9"
"blob:http://localhost:8080/361399df-b12e-475b-8c21-6363910f5350","8","1.152","20","21","false","Oyster-Closed","0.4267","Oyster-Closed","1.0000","3","376.2","100.2","428.5","160.4"
"blob:http://localhost:8080/361399df-b12e-475b-8c21-6363910f5350","8","1.152","20","6","true","Oyster-Closed","0.4037","Oyster-Closed","1.0000","7","192.3","520.9","221.3","583.7"
"blob:http://localhost:8080/361399df-b12e-475b-8c21-6363910f5350","9","1.307","18","1","true","Oyster-Closed","0.8542","Oyster-Closed","1.0000","7","219.1","443.5","326.6","591.2"
"blob:http://localhost:8080/361399df-b12e-475b-8c21-6363910f5350","9","1.307","18","2","true","Oyster-Closed","0.8420","Oyster-Closed","1.0000","7","154.9","92.6","273.6","260.3"
"blob:http://localhost:8080/361399df-b12e-475b-8c21-6363910f5350","9","1.307","18","3","true","Oyster-Closed","0.7740","Oyster-Closed","1.0000","7","103.9","1.3","230.1","65.4"
"blob:http://localhost:8080/361399df-b12e-475b-8c21-6363910f5350","9","1.307","18","4","true","Oyster-Closed","0.7548","Oyster-Closed","1.0000","7","229.8","-0.1","375.9","49.2"
"blob:http://localhost:8080/361399df-b12e-475b-8c21-6363910f5350","9","1.307","18","5","true","Oyster-Closed","0.7167","Oyster-Closed","1.0000","7","380.2","0.3","428.6","113.4"
"blob:http://localhost:8080/361399df-b12e-475b-8c21-6363910f5350","9","1.307","18","9","true","Oyster-Closed","0.7085","Oyster-Closed","1.0000","7","214.9","332.0","254.8","381.0"
"blob:http://localhost:8080/361399df-b12e-475b-8c21-6363910f5350","9","1.307","18","10","true","Oyster-Closed","0.6856","Oyster-Closed","1.0000","7","248.7","290.1","305.8","348.9"
"blob:http://localhost:8080/361399df-b12e-475b-8c21-6363910f5350","9","1.307","18","7","true","Oyster-Open","0.6603","Oyster-Open","1.0000","7","196.8","232.0","241.2","282.6"
"blob:http://localhost:8080/361399df-b12e-475b-8c21-6363910f5350","9","1.307","18","8","true","Oyster-Closed","0.6395","Oyster-Closed","1.0000","7","296.6","472.6","353.6","522.8"
"blob:http://localhost:8080/361399df-b12e-475b-8c21-6363910f5350","9","1.307","18","18","true","Oyster-Closed","0.5890","Oyster-Closed","1.0000","7","141.5","377.3","245.4","503.2"
"blob:http://localhost:8080/361399df-b12e-475b-8c21-6363910f5350","9","1.307","18","12","true","Oyster-Closed","0.5689","Oyster-Closed","1.0000","7","266.3","7.6","385.0","120.9"
"blob:http://localhost:8080/361399df-b12e-475b-8c21-6363910f5350","9","1.307","18","11","true","Oyster-Closed","0.4972","Oyster-Closed","1.0000","7","243.1","378.6","271.5","435.5"
"blob:http://localhost:8080/361399df-b12e-475b-8c21-6363910f5350","9","1.307","18","13","true","Oyster-Closed","0.4812","Oyster-Closed","1.0000","7","282.4","435.7","329.0","490.5"
"blob:http://localhost:8080/361399df-b12e-475b-8c21-6363910f5350","9","1.307","18","21","false","Oyster-Closed","0.4802","Oyster-Closed","1.0000","4","375.7","99.8","428.5","160.3"
"blob:http://localhost:8080/361399df-b12e-475b-8c21-6363910f5350","9","1.307","18","19","true","Oyster-Closed","0.4734","Oyster-Closed","1.0000","7","262.1","105.7","305.5","215.6"
"blob:http://localhost:8080/361399df-b12e-475b-8c21-6363910f5350","9","1.307","18","14","true","Oyster-Closed","0.4515","Oyster-Closed","1.0000","7","317.3","166.8","347.1","236.7"
"blob:http://localhost:8080/361399df-b12e-475b-8c21-6363910f5350","9","1.307","18","16","true","Oyster-Closed","0.4429","Oyster-Closed","1.0000","7","214.4","431.8","252.8","481.0"
"blob:http://localhost:8080/361399df-b12e-475b-8c21-6363910f5350","9","1.307","18","20","true","Oyster-Closed","0.4323","Oyster-Closed","1.0000","7","277.5","288.2","369.0","352.0"
"blob:http://localhost:8080/361399df-b12e-475b-8c21-6363910f5350","10","1.444","18","1","true","Oyster-Closed","0.8666","Oyster-Closed","1.0000","7","218.6","442.7","326.0","592.2"
"blob:http://localhost:8080/361399df-b12e-475b-8c21-6363910f5350","10","1.444","18","2","true","Oyster-Closed","0.8403","Oyster-Closed","1.0000","7","154.6","93.6","273.3","260.9"
"blob:http://localhost:8080/361399df-b12e-475b-8c21-6363910f5350","10","1.444","18","4","true","Oyster-Closed","0.7508","Oyster-Closed","1.0000","7","232.3","-0.1","374.7","49.0"
"blob:http://localhost:8080/361399df-b12e-475b-8c21-6363910f5350","10","1.444","18","3","true","Oyster-Closed","0.7460","Oyster-Closed","1.0000","7","103.8","0.7","233.0","65.4"
"blob:http://localhost:8080/361399df-b12e-475b-8c21-6363910f5350","10","1.444","18","12","true","Oyster-Closed","0.7027","Oyster-Closed","1.0000","7","266.8","9.0","380.9","120.6"
"blob:http://localhost:8080/361399df-b12e-475b-8c21-6363910f5350","10","1.444","18","9","true","Oyster-Closed","0.6985","Oyster-Closed","1.0000","7","214.9","332.2","254.8","381.2"
"blob:http://localhost:8080/361399df-b12e-475b-8c21-6363910f5350","10","1.444","18","8","true","Oyster-Closed","0.6783","Oyster-Closed","1.0000","7","296.7","471.5","353.5","522.7"
"blob:http://localhost:8080/361399df-b12e-475b-8c21-6363910f5350","10","1.444","18","7","true","Oyster-Open","0.6731","Oyster-Open","1.0000","7","197.3","231.6","241.7","282.6"
"blob:http://localhost:8080/361399df-b12e-475b-8c21-6363910f5350","10","1.444","18","10","true","Oyster-Closed","0.6687","Oyster-Closed","1.0000","7","248.9","290.2","305.9","348.6"
"blob:http://localhost:8080/361399df-b12e-475b-8c21-6363910f5350","10","1.444","18","5","true","Oyster-Closed","0.6598","Oyster-Closed","1.0000","7","372.2","0.1","428.6","113.2"
"blob:http://localhost:8080/361399df-b12e-475b-8c21-6363910f5350","10","1.444","18","18","true","Oyster-Closed","0.6380","Oyster-Closed","1.0000","7","141.5","377.7","246.0","502.0"
"blob:http://localhost:8080/361399df-b12e-475b-8c21-6363910f5350","10","1.444","18","6","true","Oyster-Closed","0.5457","Oyster-Closed","1.0000","7","158.4","490.7","217.2","580.8"
"blob:http://localhost:8080/361399df-b12e-475b-8c21-6363910f5350","10","1.444","18","19","true","Oyster-Closed","0.5261","Oyster-Closed","1.0000","7","262.3","106.8","305.0","215.5"
"blob:http://localhost:8080/361399df-b12e-475b-8c21-6363910f5350","10","1.444","18","11","true","Oyster-Closed","0.4794","Oyster-Closed","1.0000","7","243.3","378.7","271.7","435.3"
"blob:http://localhost:8080/361399df-b12e-475b-8c21-6363910f5350","10","1.444","18","20","true","Oyster-Closed","0.4655","Oyster-Closed","1.0000","7","274.6","350.9","359.0","422.0"
"blob:http://localhost:8080/361399df-b12e-475b-8c21-6363910f5350","10","1.444","18","13","true","Oyster-Closed","0.4589","Oyster-Closed","1.0000","7","282.4","434.8","329.0","490.4"
"blob:http://localhost:8080/361399df-b12e-475b-8c21-6363910f5350","10","1.444","18","22","false","Oyster-Closed","0.4187","Oyster-Closed","1.0000","1","177.8","284.8","208.3","348.7"
"blob:http://localhost:8080/361399df-b12e-475b-8c21-6363910f5350","10","1.444","18","14","true","Oyster-Closed","0.4041","Oyster-Closed","1.0000","7","317.3","166.4","347.0","236.7"
"blob:http://localhost:8080/361399df-b12e-475b-8c21-6363910f5350","11","1.576","18","1","true","Oyster-Closed","0.8675","Oyster-Closed","1.0000","7","218.3","442.7","326.0","592.1"
"blob:http://localhost:8080/361399df-b12e-475b-8c21-6363910f5350","11","1.576","18","2","true","Oyster-Closed","0.8415","Oyster-Closed","1.0000","7","154.5","92.9","273.4","260.6"
"blob:http://localhost:8080/361399df-b12e-475b-8c21-6363910f5350","11","1.576","18","4","true","Oyster-Closed","0.7442","Oyster-Closed","1.0000","7","232.3","-0.1","374.8","49.1"
"blob:http://localhost:8080/361399df-b12e-475b-8c21-6363910f5350","11","1.576","18","3","true","Oyster-Closed","0.7358","Oyster-Closed","1.0000","7","103.8","0.5","233.1","65.3"
"blob:http://localhost:8080/361399df-b12e-475b-8c21-6363910f5350","11","1.576","18","5","true","Oyster-Closed","0.7115","Oyster-Closed","1.0000","7","369.4","-0.0","428.3","113.7"
"blob:http://localhost:8080/361399df-b12e-475b-8c21-6363910f5350","11","1.576","18","7","true","Oyster-Open","0.6715","Oyster-Open","1.0000","7","197.3","231.5","241.7","282.6"
"blob:http://localhost:8080/361399df-b12e-475b-8c21-6363910f5350","11","1.576","18","9","true","Oyster-Closed","0.6711","Oyster-Closed","1.0000","7","214.9","332.5","254.9","381.2"
"blob:http://localhost:8080/361399df-b12e-475b-8c21-6363910f5350","11","1.576","18","8","true","Oyster-Closed","0.6710","Oyster-Closed","1.0000","7","296.6","471.9","353.5","522.7"
"blob:http://localhost:8080/361399df-b12e-475b-8c21-6363910f5350","11","1.576","18","10","true","Oyster-Closed","0.6468","Oyster-Closed","1.0000","7","248.9","290.1","306.1","348.6"
"blob:http://localhost:8080/361399df-b12e-475b-8c21-6363910f5350","11","1.576","18","12","true","Oyster-Closed","0.5334","Oyster-Closed","1.0000","7","266.4","9.0","381.3","126.7"
"blob:http://localhost:8080/361399df-b12e-475b-8c21-6363910f5350","11","1.576","18","18","true","Oyster-Closed","0.5261","Oyster-Closed","1.0000","7","141.5","379.3","244.9","505.0"
"blob:http://localhost:8080/361399df-b12e-475b-8c21-6363910f5350","11","1.576","18","19","true","Oyster-Closed","0.5021","Oyster-Closed","1.0000","7","262.2","106.9","305.3","215.6"
"blob:http://localhost:8080/361399df-b12e-475b-8c21-6363910f5350","11","1.576","18","11","true","Oyster-Closed","0.4998","Oyster-Closed","1.0000","7","243.3","378.7","272.5","436.2"
"blob:http://localhost:8080/361399df-b12e-475b-8c21-6363910f5350","11","1.576","18","13","true","Oyster-Closed","0.4408","Oyster-Closed","1.0000","7","282.3","435.1","329.0","490.4"
"blob:http://localhost:8080/361399df-b12e-475b-8c21-6363910f5350","11","1.576","18","20","true","Oyster-Closed","0.4263","Oyster-Closed","1.0000","7","278.5","288.6","366.8","351.7"
"blob:http://localhost:8080/361399df-b12e-475b-8c21-6363910f5350","11","1.576","18","22","false","Oyster-Closed","0.4263","Oyster-Closed","1.0000","2","177.7","285.1","208.3","348.8"
"blob:http://localhost:8080/361399df-b12e-475b-8c21-6363910f5350","11","1.576","18","23","false","Oyster-Closed","0.4042","Oyster-Closed","1.0000","1","274.6","350.3","358.9","421.9"
"blob:http://localhost:8080/361399df-b12e-475b-8c21-6363910f5350","11","1.576","18","16","true","Oyster-Closed","0.4026","Oyster-Closed","1.0000","7","214.5","430.4","253.6","481.9"
"blob:http://localhost:8080/361399df-b12e-475b-8c21-6363910f5350","12","1.722","17","1","true","Oyster-Closed","0.8699","Oyster-Closed","1.0000","7","217.7","442.6","325.8","592.0"
"blob:http://localhost:8080/361399df-b12e-475b-8c21-6363910f5350","12","1.722","17","2","true","Oyster-Closed","0.8308","Oyster-Closed","1.0000","7","154.5","92.7","272.9","260.6"
"blob:http://localhost:8080/361399df-b12e-475b-8c21-6363910f5350","12","1.722","17","3","true","Oyster-Closed","0.7638","Oyster-Closed","1.0000","7","103.9","0.6","231.9","65.3"
"blob:http://localhost:8080/361399df-b12e-475b-8c21-6363910f5350","12","1.722","17","4","true","Oyster-Closed","0.7448","Oyster-Closed","1.0000","7","236.3","-0.1","378.3","49.0"
"blob:http://localhost:8080/361399df-b12e-475b-8c21-6363910f5350","12","1.722","17","9","true","Oyster-Closed","0.6961","Oyster-Closed","1.0000","7","215.1","332.6","255.4","381.5"
"blob:http://localhost:8080/361399df-b12e-475b-8c21-6363910f5350","12","1.722","17","7","true","Oyster-Open","0.6858","Oyster-Open","1.0000","7","197.5","231.6","241.9","282.7"
"blob:http://localhost:8080/361399df-b12e-475b-8c21-6363910f5350","12","1.722","17","10","true","Oyster-Closed","0.6634","Oyster-Closed","1.0000","7","248.9","290.1","306.1","348.5"
"blob:http://localhost:8080/361399df-b12e-475b-8c21-6363910f5350","12","1.722","17","8","true","Oyster-Closed","0.6411","Oyster-Closed","1.0000","7","296.7","472.8","353.5","522.6"
"blob:http://localhost:8080/361399df-b12e-475b-8c21-6363910f5350","12","1.722","17","19","true","Oyster-Closed","0.5498","Oyster-Closed","1.0000","7","262.2","107.4","305.0","215.7"
"blob:http://localhost:8080/361399df-b12e-475b-8c21-6363910f5350","12","1.722","17","18","true","Oyster-Closed","0.5215","Oyster-Closed","1.0000","7","141.4","378.5","245.2","505.7"
"blob:http://localhost:8080/361399df-b12e-475b-8c21-6363910f5350","12","1.722","17","12","true","Oyster-Closed","0.5131","Oyster-Closed","1.0000","7","266.7","3.3","383.1","119.7"
"blob:http://localhost:8080/361399df-b12e-475b-8c21-6363910f5350","12","1.722","17","5","true","Oyster-Closed","0.4907","Oyster-Closed","1.0000","7","375.6","0.3","428.6","111.1"
"blob:http://localhost:8080/361399df-b12e-475b-8c21-6363910f5350","12","1.722","17","11","true","Oyster-Closed","0.4776","Oyster-Closed","1.0000","7","243.5","378.5","272.4","436.0"
"blob:http://localhost:8080/361399df-b12e-475b-8c21-6363910f5350","12","1.722","17","13","true","Oyster-Closed","0.4701","Oyster-Closed","1.0000","7","282.3","434.5","329.0","490.4"
"blob:http://localhost:8080/361399df-b12e-475b-8c21-6363910f5350","12","1.722","17","22","false","Oyster-Closed","0.4496","Oyster-Closed","1.0000","3","177.7","284.7","208.4","348.3"
"blob:http://localhost:8080/361399df-b12e-475b-8c21-6363910f5350","12","1.722","17","23","false","Oyster-Closed","0.4397","Oyster-Closed","1.0000","2","274.6","350.9","358.5","421.9"
"blob:http://localhost:8080/361399df-b12e-475b-8c21-6363910f5350","12","1.722","17","16","true","Oyster-Closed","0.4240","Oyster-Closed","1.0000","7","214.7","431.7","253.0","481.3"
"blob:http://localhost:8080/361399df-b12e-475b-8c21-6363910f5350","13","1.860","17","1","true","Oyster-Closed","0.8727","Oyster-Closed","1.0000","7","217.6","443.1","325.5","592.2"
"blob:http://localhost:8080/361399df-b12e-475b-8c21-6363910f5350","13","1.860","17","2","true","Oyster-Closed","0.8421","Oyster-Closed","1.0000","7","154.6","92.4","273.1","260.2"
"blob:http://localhost:8080/361399df-b12e-475b-8c21-6363910f5350","13","1.860","17","3","true","Oyster-Closed","0.7490","Oyster-Closed","1.0000","7","104.0","0.6","231.5","65.3"
"blob:http://localhost:8080/361399df-b12e-475b-8c21-6363910f5350","13","1.860","17","4","true","Oyster-Closed","0.7360","Oyster-Closed","1.0000","7","234.7","-0.1","378.1","49.2"
"blob:http://localhost:8080/361399df-b12e-475b-8c21-6363910f5350","13","1.860","17","10","true","Oyster-Closed","0.7285","Oyster-Closed","1.0000","7","248.8","290.2","306.0","348.6"
"blob:http://localhost:8080/361399df-b12e-475b-8c21-6363910f5350","13","1.860","17","7","true","Oyster-Open","0.7166","Oyster-Open","1.0000","7","197.8","231.2","242.2","282.7"
"blob:http://localhost:8080/361399df-b12e-475b-8c21-6363910f5350","13","1.860","17","8","true","Oyster-Closed","0.6976","Oyster-Closed","1.0000","7","296.8","473.1","353.7","522.8"
"blob:http://localhost:8080/361399df-b12e-475b-8c21-6363910f5350","13","1.860","17","9","true","Oyster-Closed","0.6875","Oyster-Closed","1.0000","7","215.2","332.4","255.3","381.2"
"blob:http://localhost:8080/361399df-b12e-475b-8c21-6363910f5350","13","1.860","17","20","true","Oyster-Closed","0.5551","Oyster-Closed","1.0000","7","279.2","289.0","365.6","364.2"
"blob:http://localhost:8080/361399df-b12e-475b-8c21-6363910f5350","13","1.860","17","19","true","Oyster-Closed","0.5518","Oyster-Closed","1.0000","7","262.1","107.3","304.9","215.6"
"blob:http://localhost:8080/361399df-b12e-475b-8c21-6363910f5350","13","1.860","17","18","true","Oyster-Closed","0.4966","Oyster-Closed","1.0000","7","141.2","377.5","244.8","503.1"
"blob:http://localhost:8080/361399df-b12e-475b-8c21-6363910f5350","13","1.860","17","13","true","Oyster-Closed","0.4691","Oyster-Closed","1.0000","7","282.3","434.2","329.1","490.5"
"blob:http://localhost:8080/361399df-b12e-475b-8c21-6363910f5350","13","1.860","17","11","true","Oyster-Closed","0.4554","Oyster-Closed","1.0000","7","243.5","378.4","272.4","435.9"
"blob:http://localhost:8080/361399df-b12e-475b-8c21-6363910f5350","13","1.860","17","14","true","Oyster-Closed","0.4304","Oyster-Closed","1.0000","7","304.7","236.0","384.0","302.0"
"blob:http://localhost:8080/361399df-b12e-475b-8c21-6363910f5350","13","1.860","17","22","false","Oyster-Closed","0.4304","Oyster-Closed","1.0000","4","177.6","284.8","208.6","348.5"
"blob:http://localhost:8080/361399df-b12e-475b-8c21-6363910f5350","13","1.860","17","23","false","Oyster-Closed","0.4143","Oyster-Closed","1.0000","3","275.0","352.2","351.5","421.9"
"blob:http://localhost:8080/361399df-b12e-475b-8c21-6363910f5350","13","1.860","17","17","true","Oyster-Closed","0.4124","Oyster-Closed","1.0000","7","317.2","167.3","347.0","236.6"
"blob:http://localhost:8080/361399df-b12e-475b-8c21-6363910f5350","14","2.003","15","1","true","Oyster-Closed","0.8729","Oyster-Closed","1.0000","7","217.9","443.3","325.9","591.9"
"blob:http://localhost:8080/361399df-b12e-475b-8c21-6363910f5350","14","2.003","15","2","true","Oyster-Closed","0.8382","Oyster-Closed","1.0000","7","154.8","94.5","272.1","260.3"
"blob:http://localhost:8080/361399df-b12e-475b-8c21-6363910f5350","14","2.003","15","3","true","Oyster-Closed","0.7606","Oyster-Closed","1.0000","7","103.8","0.6","230.9","65.3"
"blob:http://localhost:8080/361399df-b12e-475b-8c21-6363910f5350","14","2.003","15","4","true","Oyster-Closed","0.7365","Oyster-Closed","1.0000","7","236.1","-0.1","378.2","49.3"
"blob:http://localhost:8080/361399df-b12e-475b-8c21-6363910f5350","14","2.003","15","7","true","Oyster-Open","0.6963","Oyster-Open","1.0000","7","197.1","231.3","242.1","282.7"
"blob:http://localhost:8080/361399df-b12e-475b-8c21-6363910f5350","14","2.003","15","10","true","Oyster-Closed","0.6889","Oyster-Closed","1.0000","7","248.8","290.1","306.1","348.4"
"blob:http://localhost:8080/361399df-b12e-475b-8c21-6363910f5350","14","2.003","15","9","true","Oyster-Closed","0.6775","Oyster-Closed","1.0000","7","215.3","332.5","255.0","381.0"
"blob:http://localhost:8080/361399df-b12e-475b-8c21-6363910f5350","14","2.003","15","8","true","Oyster-Closed","0.6450","Oyster-Closed","1.0000","7","296.6","472.6","353.7","522.8"
"blob:http://localhost:8080/361399df-b12e-475b-8c21-6363910f5350","14","2.003","15","19","true","Oyster-Closed","0.5668","Oyster-Closed","1.0000","7","262.0","107.1","305.2","215.7"
"blob:http://localhost:8080/361399df-b12e-475b-8c21-6363910f5350","14","2.003","15","18","true","Oyster-Closed","0.5508","Oyster-Closed","1.0000","7","141.4","377.8","243.7","500.9"
"blob:http://localhost:8080/361399df-b12e-475b-8c21-6363910f5350","14","2.003","15","13","true","Oyster-Closed","0.5093","Oyster-Closed","1.0000","7","281.9","426.3","328.7","491.0"
"blob:http://localhost:8080/361399df-b12e-475b-8c21-6363910f5350","14","2.003","15","16","true","Oyster-Closed","0.5015","Oyster-Closed","1.0000","7","214.6","431.5","252.8","480.5"
"blob:http://localhost:8080/361399df-b12e-475b-8c21-6363910f5350","14","2.003","15","23","false","Oyster-Closed","0.4419","Oyster-Closed","1.0000","4","275.0","351.5","351.2","422.0"
"blob:http://localhost:8080/361399df-b12e-475b-8c21-6363910f5350","14","2.003","15","22","true","Oyster-Closed","0.4148","Oyster-Closed","1.0000","5","177.4","284.4","208.7","348.9"
"blob:http://localhost:8080/361399df-b12e-475b-8c21-6363910f5350","14","2.003","15","11","true","Oyster-Closed","0.4095","Oyster-Closed","1.0000","7","242.9","378.4","272.6","434.8"
"blob:http://localhost:8080/361399df-b12e-475b-8c21-6363910f5350","15","2.144","14","1","true","Oyster-Closed","0.8728","Oyster-Closed","1.0000","7","218.0","442.8","326.7","592.3"
"blob:http://localhost:8080/361399df-b12e-475b-8c21-6363910f5350","15","2.144","14","2","true","Oyster-Closed","0.8172","Oyster-Closed","1.0000","7","155.1","98.1","273.2","260.4"
"blob:http://localhost:8080/361399df-b12e-475b-8c21-6363910f5350","15","2.144","14","4","true","Oyster-Closed","0.7371","Oyster-Closed","1.0000","7","235.0","-0.0","375.1","49.6"
"blob:http://localhost:8080/361399df-b12e-475b-8c21-6363910f5350","15","2.144","14","3","true","Oyster-Closed","0.7269","Oyster-Closed","1.0000","7","103.2","0.6","229.7","65.5"
"blob:http://localhost:8080/361399df-b12e-475b-8c21-6363910f5350","15","2.144","14","9","true","Oyster-Closed","0.6887","Oyster-Closed","1.0000","7","215.2","332.5","254.8","381.0"
"blob:http://localhost:8080/361399df-b12e-475b-8c21-6363910f5350","15","2.144","14","8","true","Oyster-Closed","0.6765","Oyster-Closed","1.0000","7","296.7","470.5","353.6","522.8"
"blob:http://localhost:8080/361399df-b12e-475b-8c21-6363910f5350","15","2.144","14","19","true","Oyster-Closed","0.6675","Oyster-Closed","1.0000","7","262.2","107.2","305.3","215.5"
"blob:http://localhost:8080/361399df-b12e-475b-8c21-6363910f5350","15","2.144","14","7","true","Oyster-Open","0.6668","Oyster-Open","1.0000","7","196.8","231.5","241.7","282.7"
"blob:http://localhost:8080/361399df-b12e-475b-8c21-6363910f5350","15","2.144","14","10","true","Oyster-Closed","0.6318","Oyster-Closed","1.0000","7","248.9","289.9","306.1","348.0"
"blob:http://localhost:8080/361399df-b12e-475b-8c21-6363910f5350","15","2.144","14","18","true","Oyster-Closed","0.5301","Oyster-Closed","1.0000","7","141.3","378.4","243.9","494.4"
"blob:http://localhost:8080/361399df-b12e-475b-8c21-6363910f5350","15","2.144","14","16","true","Oyster-Closed","0.4960","Oyster-Closed","1.0000","7","214.7","432.0","253.7","480.0"
"blob:http://localhost:8080/361399df-b12e-475b-8c21-6363910f5350","15","2.144","14","23","true","Oyster-Closed","0.4678","Oyster-Closed","1.0000","5","274.7","351.3","359.5","422.0"
"blob:http://localhost:8080/361399df-b12e-475b-8c21-6363910f5350","15","2.144","14","11","true","Oyster-Closed","0.4567","Oyster-Closed","1.0000","7","243.0","378.8","272.3","435.4"
"blob:http://localhost:8080/361399df-b12e-475b-8c21-6363910f5350","15","2.144","14","22","true","Oyster-Closed","0.4095","Oyster-Closed","1.0000","6","177.8","283.6","208.9","348.3"
"blob:http://localhost:8080/361399df-b12e-475b-8c21-6363910f5350","16","2.285","14","1","true","Oyster-Closed","0.8593","Oyster-Closed","1.0000","7","218.2","443.0","327.5","592.2"
"blob:http://localhost:8080/361399df-b12e-475b-8c21-6363910f5350","16","2.285","14","2","true","Oyster-Closed","0.8236","Oyster-Closed","1.0000","7","155.0","96.4","273.5","259.9"
"blob:http://localhost:8080/361399df-b12e-475b-8c21-6363910f5350","16","2.285","14","3","true","Oyster-Closed","0.7620","Oyster-Closed","1.0000","7","103.7","0.7","230.0","65.4"
"blob:http://localhost:8080/361399df-b12e-475b-8c21-6363910f5350","16","2.285","14","4","true","Oyster-Closed","0.7117","Oyster-Closed","1.0000","7","232.0","-0.0","377.6","49.5"
"blob:http://localhost:8080/361399df-b12e-475b-8c21-6363910f5350","16","2.285","14","9","true","Oyster-Closed","0.6978","Oyster-Closed","1.0000","7","215.2","332.6","254.8","381.0"
"blob:http://localhost:8080/361399df-b12e-475b-8c21-6363910f5350","16","2.285","14","8","true","Oyster-Closed","0.6927","Oyster-Closed","1.0000","7","296.8","470.5","353.6","522.7"
"blob:http://localhost:8080/361399df-b12e-475b-8c21-6363910f5350","16","2.285","14","10","true","Oyster-Closed","0.6727","Oyster-Closed","1.0000","7","248.9","290.0","306.2","348.5"
"blob:http://localhost:8080/361399df-b12e-475b-8c21-6363910f5350","16","2.285","14","19","true","Oyster-Closed","0.6647","Oyster-Closed","1.0000","7","262.1","107.4","305.6","215.4"
"blob:http://localhost:8080/361399df-b12e-475b-8c21-6363910f5350","16","2.285","14","7","true","Oyster-Open","0.6603","Oyster-Open","1.0000","7","196.6","231.7","241.5","282.6"
"blob:http://localhost:8080/361399df-b12e-475b-8c21-6363910f5350","16","2.285","14","16","true","Oyster-Closed","0.5267","Oyster-Closed","1.0000","7","214.5","431.6","253.3","479.4"
"blob:http://localhost:8080/361399df-b12e-475b-8c21-6363910f5350","16","2.285","14","11","true","Oyster-Closed","0.4853","Oyster-Closed","1.0000","7","243.2","378.9","273.1","435.7"
"blob:http://localhost:8080/361399df-b12e-475b-8c21-6363910f5350","16","2.285","14","23","true","Oyster-Closed","0.4340","Oyster-Closed","1.0000","6","274.6","351.0","357.1","421.9"
"blob:http://localhost:8080/361399df-b12e-475b-8c21-6363910f5350","16","2.285","14","22","true","Oyster-Closed","0.4236","Oyster-Closed","1.0000","7","208.0","293.5","241.2","334.2"
"blob:http://localhost:8080/361399df-b12e-475b-8c21-6363910f5350","16","2.285","14","24","false","Oyster-Closed","0.4165","Oyster-Closed","1.0000","1","177.8","283.8","208.9","348.3"
"blob:http://localhost:8080/361399df-b12e-475b-8c21-6363910f5350","17","2.432","14","1","true","Oyster-Closed","0.8529","Oyster-Closed","1.0000","7","218.5","443.1","327.6","593.5"
"blob:http://localhost:8080/361399df-b12e-475b-8c21-6363910f5350","17","2.432","14","2","true","Oyster-Closed","0.8511","Oyster-Closed","1.0000","7","155.3","92.4","273.3","259.6"
"blob:http://localhost:8080/361399df-b12e-475b-8c21-6363910f5350","17","2.432","14","3","true","Oyster-Closed","0.7522","Oyster-Closed","1.0000","7","103.8","0.5","230.0","65.4"
"blob:http://localhost:8080/361399df-b12e-475b-8c21-6363910f5350","17","2.432","14","4","true","Oyster-Closed","0.7093","Oyster-Closed","1.0000","7","231.8","-0.0","378.1","49.5"
"blob:http://localhost:8080/361399df-b12e-475b-8c21-6363910f5350","17","2.432","14","9","true","Oyster-Closed","0.6959","Oyster-Closed","1.0000","7","215.2","332.8","254.9","381.0"
"blob:http://localhost:8080/361399df-b12e-475b-8c21-6363910f5350","17","2.432","14","8","true","Oyster-Closed","0.6849","Oyster-Closed","1.0000","7","296.7","471.0","353.7","522.7"
"blob:http://localhost:8080/361399df-b12e-475b-8c21-6363910f5350","17","2.432","14","10","true","Oyster-Closed","0.6755","Oyster-Closed","1.0000","7","248.9","290.0","306.2","348.2"
"blob:http://localhost:8080/361399df-b12e-475b-8c21-6363910f5350","17","2.432","14","7","true","Oyster-Open","0.6644","Oyster-Open","1.0000","7","197.2","231.9","241.6","282.6"
"blob:http://localhost:8080/361399df-b12e-475b-8c21-6363910f5350","17","2.432","14","19","true","Oyster-Closed","0.6354","Oyster-Closed","1.0000","7","262.1","107.7","306.1","215.6"
"blob:http://localhost:8080/361399df-b12e-475b-8c21-6363910f5350","17","2.432","14","16","true","Oyster-Closed","0.5477","Oyster-Closed","1.0000","7","214.5","431.9","253.4","479.0"
"blob:http://localhost:8080/361399df-b12e-475b-8c21-6363910f5350","17","2.432","14","11","true","Oyster-Closed","0.4697","Oyster-Closed","1.0000","7","243.2","378.8","273.3","435.9"
"blob:http://localhost:8080/361399df-b12e-475b-8c21-6363910f5350","17","2.432","14","18","true","Oyster-Closed","0.4373","Oyster-Closed","1.0000","7","141.3","380.5","243.7","499.3"
"blob:http://localhost:8080/361399df-b12e-475b-8c21-6363910f5350","17","2.432","14","23","true","Oyster-Closed","0.4254","Oyster-Closed","1.0000","7","274.7","351.1","356.1","421.9"
"blob:http://localhost:8080/361399df-b12e-475b-8c21-6363910f5350","17","2.432","14","24","false","Oyster-Closed","0.4029","Oyster-Closed","1.0000","2","177.8","283.8","208.8","348.2"
"blob:http://localhost:8080/361399df-b12e-475b-8c21-6363910f5350","18","2.569","15","1","true","Oyster-Closed","0.8559","Oyster-Closed","1.0000","7","218.1","443.1","328.1","592.7"
"blob:http://localhost:8080/361399df-b12e-475b-8c21-6363910f5350","18","2.569","15","2","true","Oyster-Closed","0.8220","Oyster-Closed","1.0000","7","154.7","94.6","272.9","260.4"
"blob:http://localhost:8080/361399df-b12e-475b-8c21-6363910f5350","18","2.569","15","3","true","Oyster-Closed","0.7986","Oyster-Closed","1.0000","7","103.9","0.5","232.4","65.4"
"blob:http://localhost:8080/361399df-b12e-475b-8c21-6363910f5350","18","2.569","15","9","true","Oyster-Closed","0.7027","Oyster-Closed","1.0000","7","215.1","332.7","254.9","380.9"
"blob:http://localhost:8080/361399df-b12e-475b-8c21-6363910f5350","18","2.569","15","4","true","Oyster-Closed","0.7015","Oyster-Closed","1.0000","7","233.8","-0.0","376.8","49.2"
"blob:http://localhost:8080/361399df-b12e-475b-8c21-6363910f5350","18","2.569","15","10","true","Oyster-Closed","0.6878","Oyster-Closed","1.0000","7","248.9","290.1","306.3","348.3"
"blob:http://localhost:8080/361399df-b12e-475b-8c21-6363910f5350","18","2.569","15","8","true","Oyster-Closed","0.6798","Oyster-Closed","1.0000","7","296.7","471.5","353.7","522.5"
"blob:http://localhost:8080/361399df-b12e-475b-8c21-6363910f5350","18","2.569","15","7","true","Oyster-Open","0.6587","Oyster-Open","1.0000","7","197.1","232.0","241.9","282.6"
"blob:http://localhost:8080/361399df-b12e-475b-8c21-6363910f5350","18","2.569","15","19","true","Oyster-Closed","0.6262","Oyster-Closed","1.0000","7","262.0","107.6","306.4","215.5"
"blob:http://localhost:8080/361399df-b12e-475b-8c21-6363910f5350","18","2.569","15","16","true","Oyster-Closed","0.5454","Oyster-Closed","1.0000","7","214.6","432.2","253.5","479.4"
"blob:http://localhost:8080/361399df-b12e-475b-8c21-6363910f5350","18","2.569","15","18","true","Oyster-Closed","0.5011","Oyster-Closed","1.0000","7","141.5","385.1","242.5","498.6"
"blob:http://localhost:8080/361399df-b12e-475b-8c21-6363910f5350","18","2.569","15","11","true","Oyster-Closed","0.4792","Oyster-Closed","1.0000","7","243.2","378.8","273.0","435.2"
"blob:http://localhost:8080/361399df-b12e-475b-8c21-6363910f5350","18","2.569","15","23","true","Oyster-Closed","0.4728","Oyster-Closed","1.0000","7","274.7","351.0","358.9","421.8"
"blob:http://localhost:8080/361399df-b12e-475b-8c21-6363910f5350","18","2.569","15","24","false","Oyster-Closed","0.4197","Oyster-Closed","1.0000","3","177.7","284.2","208.7","348.1"
"blob:http://localhost:8080/361399df-b12e-475b-8c21-6363910f5350","18","2.569","15","13","true","Oyster-Closed","0.4036","Oyster-Closed","1.0000","7","282.1","426.0","329.6","491.0"
"blob:http://localhost:8080/361399df-b12e-475b-8c21-6363910f5350","19","2.710","14","1","true","Oyster-Closed","0.8649","Oyster-Closed","1.0000","7","218.6","443.1","328.3","592.9"
"blob:http://localhost:8080/361399df-b12e-475b-8c21-6363910f5350","19","2.710","14","2","true","Oyster-Closed","0.8338","Oyster-Closed","1.0000","7","155.1","95.0","274.9","259.5"
"blob:http://localhost:8080/361399df-b12e-475b-8c21-6363910f5350","19","2.710","14","3","true","Oyster-Closed","0.7860","Oyster-Closed","1.0000","7","103.7","0.1","231.9","65.4"
"blob:http://localhost:8080/361399df-b12e-475b-8c21-6363910f5350","19","2.710","14","4","true","Oyster-Closed","0.7064","Oyster-Closed","1.0000","7","232.6","-0.0","377.8","49.6"
"blob:http://localhost:8080/361399df-b12e-475b-8c21-6363910f5350","19","2.710","14","9","true","Oyster-Closed","0.6977","Oyster-Closed","1.0000","7","215.1","332.8","254.9","381.0"
"blob:http://localhost:8080/361399df-b12e-475b-8c21-6363910f5350","19","2.710","14","19","true","Oyster-Closed","0.6902","Oyster-Closed","1.0000","7","262.1","107.8","306.6","215.6"
"blob:http://localhost:8080/361399df-b12e-475b-8c21-6363910f5350","19","2.710","14","10","true","Oyster-Closed","0.6882","Oyster-Closed","1.0000","7","248.9","290.1","306.3","348.4"
"blob:http://localhost:8080/361399df-b12e-475b-8c21-6363910f5350","19","2.710","14","8","true","Oyster-Closed","0.6830","Oyster-Closed","1.0000","7","296.7","471.4","353.7","522.5"
"blob:http://localhost:8080/361399df-b12e-475b-8c21-6363910f5350","19","2.710","14","7","true","Oyster-Open","0.6677","Oyster-Open","1.0000","7","197.0","232.0","242.1","282.7"
"blob:http://localhost:8080/361399df-b12e-475b-8c21-6363910f5350","19","2.710","14","16","true","Oyster-Closed","0.5628","Oyster-Closed","1.0000","7","214.6","432.1","253.5","479.4"
"blob:http://localhost:8080/361399df-b12e-475b-8c21-6363910f5350","19","2.710","14","18","true","Oyster-Closed","0.5459","Oyster-Closed","1.0000","7","141.5","385.2","241.9","501.5"
"blob:http://localhost:8080/361399df-b12e-475b-8c21-6363910f5350","19","2.710","14","23","true","Oyster-Closed","0.4858","Oyster-Closed","1.0000","7","274.7","351.2","358.4","421.9"
"blob:http://localhost:8080/361399df-b12e-475b-8c21-6363910f5350","19","2.710","14","11","true","Oyster-Closed","0.4756","Oyster-Closed","1.0000","7","243.2","378.7","273.1","435.3"
"blob:http://localhost:8080/361399df-b12e-475b-8c21-6363910f5350","19","2.710","14","24","false","Oyster-Closed","0.4047","Oyster-Closed","1.0000","4","178.0","284.0","208.7","348.6"
"blob:http://localhost:8080/361399df-b12e-475b-8c21-6363910f5350","20","2.851","15","1","true","Oyster-Closed","0.8687","Oyster-Closed","1.0000","7","218.0","443.7","328.2","592.3"
"blob:http://localhost:8080/361399df-b12e-475b-8c21-6363910f5350","20","2.851","15","2","true","Oyster-Closed","0.8671","Oyster-Closed","1.0000","7","155.4","92.3","273.0","260.1"
"blob:http://localhost:8080/361399df-b12e-475b-8c21-6363910f5350","20","2.851","15","3","true","Oyster-Closed","0.7787","Oyster-Closed","1.0000","7","103.9","0.5","231.6","65.1"
"blob:http://localhost:8080/361399df-b12e-475b-8c21-6363910f5350","20","2.851","15","8","true","Oyster-Closed","0.7129","Oyster-Closed","1.0000","7","296.9","470.5","354.2","522.7"
"blob:http://localhost:8080/361399df-b12e-475b-8c21-6363910f5350","20","2.851","15","10","true","Oyster-Closed","0.7009","Oyster-Closed","1.0000","7","248.9","290.1","306.6","348.7"
"blob:http://localhost:8080/361399df-b12e-475b-8c21-6363910f5350","20","2.851","15","4","true","Oyster-Closed","0.6982","Oyster-Closed","1.0000","7","233.0","-0.0","377.6","49.7"
"blob:http://localhost:8080/361399df-b12e-475b-8c21-6363910f5350","20","2.851","15","9","true","Oyster-Closed","0.6907","Oyster-Closed","1.0000","7","215.3","332.8","254.9","381.1"
"blob:http://localhost:8080/361399df-b12e-475b-8c21-6363910f5350","20","2.851","15","7","true","Oyster-Open","0.6512","Oyster-Open","1.0000","7","196.7","232.3","241.5","282.6"
"blob:http://localhost:8080/361399df-b12e-475b-8c21-6363910f5350","20","2.851","15","19","true","Oyster-Closed","0.5748","Oyster-Closed","1.0000","7","262.0","107.7","308.6","215.8"
"blob:http://localhost:8080/361399df-b12e-475b-8c21-6363910f5350","20","2.851","15","16","true","Oyster-Closed","0.5419","Oyster-Closed","1.0000","7","214.7","431.5","253.4","480.1"
"blob:http://localhost:8080/361399df-b12e-475b-8c21-6363910f5350","20","2.851","15","18","true","Oyster-Closed","0.5017","Oyster-Closed","1.0000","7","141.3","378.7","243.5","501.5"
"blob:http://localhost:8080/361399df-b12e-475b-8c21-6363910f5350","20","2.851","15","11","true","Oyster-Closed","0.4896","Oyster-Closed","1.0000","7","243.2","378.8","272.9","433.6"
"blob:http://localhost:8080/361399df-b12e-475b-8c21-6363910f5350","20","2.851","15","23","true","Oyster-Closed","0.4542","Oyster-Closed","1.0000","7","274.7","351.6","359.5","421.8"
"blob:http://localhost:8080/361399df-b12e-475b-8c21-6363910f5350","20","2.851","15","24","true","Oyster-Closed","0.4146","Oyster-Closed","1.0000","5","178.2","284.0","208.8","348.1"
"blob:http://localhost:8080/361399df-b12e-475b-8c21-6363910f5350","20","2.851","15","13","true","Oyster-Closed","0.4063","Oyster-Closed","1.0000","7","282.1","426.0","329.1","490.9"
"blob:http://localhost:8080/361399df-b12e-475b-8c21-6363910f5350","21","2.994","14","1","true","Oyster-Closed","0.8672","Oyster-Closed","1.0000","7","218.6","444.8","327.7","591.8"
"blob:http://localhost:8080/361399df-b12e-475b-8c21-6363910f5350","21","2.994","14","2","true","Oyster-Closed","0.8603","Oyster-Closed","1.0000","7","155.2","94.7","272.4","260.7"
"blob:http://localhost:8080/361399df-b12e-475b-8c21-6363910f5350","21","2.994","14","3","true","Oyster-Closed","0.7944","Oyster-Closed","1.0000","7","104.2","0.5","230.8","65.0"
"blob:http://localhost:8080/361399df-b12e-475b-8c21-6363910f5350","21","2.994","14","8","true","Oyster-Closed","0.7314","Oyster-Closed","1.0000","7","297.0","470.7","354.2","522.7"
"blob:http://localhost:8080/361399df-b12e-475b-8c21-6363910f5350","21","2.994","14","4","true","Oyster-Closed","0.7058","Oyster-Closed","1.0000","7","235.2","-0.0","376.2","49.5"
"blob:http://localhost:8080/361399df-b12e-475b-8c21-6363910f5350","21","2.994","14","9","true","Oyster-Closed","0.6722","Oyster-Closed","1.0000","7","215.0","332.4","254.6","381.2"
"blob:http://localhost:8080/361399df-b12e-475b-8c21-6363910f5350","21","2.994","14","10","true","Oyster-Closed","0.6546","Oyster-Closed","1.0000","7","248.8","290.1","306.8","348.4"
"blob:http://localhost:8080/361399df-b12e-475b-8c21-6363910f5350","21","2.994","14","7","true","Oyster-Open","0.6526","Oyster-Open","1.0000","7","196.8","232.1","241.5","282.6"
"blob:http://localhost:8080/361399df-b12e-475b-8c21-6363910f5350","21","2.994","14","19","true","Oyster-Closed","0.5430","Oyster-Closed","1.0000","7","261.9","107.7","306.7","215.8"
"blob:http://localhost:8080/361399df-b12e-475b-8c21-6363910f5350","21","2.994","14","11","true","Oyster-Closed","0.5055","Oyster-Closed","1.0000","7","243.2","378.9","272.1","433.9"
"blob:http://localhost:8080/361399df-b12e-475b-8c21-6363910f5350","21","2.994","14","16","true","Oyster-Closed","0.4939","Oyster-Closed","1.0000","7","214.7","431.6","253.1","479.8"
"blob:http://localhost:8080/361399df-b12e-475b-8c21-6363910f5350","21","2.994","14","23","true","Oyster-Closed","0.4765","Oyster-Closed","1.0000","7","274.6","351.0","358.2","421.9"
"blob:http://localhost:8080/361399df-b12e-475b-8c21-6363910f5350","21","2.994","14","13","true","Oyster-Closed","0.4514","Oyster-Closed","1.0000","7","282.1","425.4","329.0","490.9"
"blob:http://localhost:8080/361399df-b12e-475b-8c21-6363910f5350","21","2.994","14","24","true","Oyster-Closed","0.4324","Oyster-Closed","1.0000","6","177.8","284.1","208.5","348.2"
"blob:http://localhost:8080/361399df-b12e-475b-8c21-6363910f5350","22","3.135","15","2","true","Oyster-Closed","0.8679","Oyster-Closed","1.0000","7","155.3","94.6","272.0","260.8"
"blob:http://localhost:8080/361399df-b12e-475b-8c21-6363910f5350","22","3.135","15","1","true","Oyster-Closed","0.8651","Oyster-Closed","1.0000","7","219.7","444.4","327.4","591.7"
"blob:http://localhost:8080/361399df-b12e-475b-8c21-6363910f5350","22","3.135","15","3","true","Oyster-Closed","0.7747","Oyster-Closed","1.0000","7","104.2","0.5","230.1","65.0"
"blob:http://localhost:8080/361399df-b12e-475b-8c21-6363910f5350","22","3.135","15","8","true","Oyster-Closed","0.7493","Oyster-Closed","1.0000","7","297.0","470.7","354.3","522.8"
"blob:http://localhost:8080/361399df-b12e-475b-8c21-6363910f5350","22","3.135","15","4","true","Oyster-Closed","0.7057","Oyster-Closed","1.0000","7","236.0","-0.0","376.4","49.6"
"blob:http://localhost:8080/361399df-b12e-475b-8c21-6363910f5350","22","3.135","15","9","true","Oyster-Closed","0.6777","Oyster-Closed","1.0000","7","215.1","332.7","254.9","381.2"
"blob:http://localhost:8080/361399df-b12e-475b-8c21-6363910f5350","22","3.135","15","10","true","Oyster-Closed","0.6745","Oyster-Closed","1.0000","7","248.8","290.1","306.8","348.4"
"blob:http://localhost:8080/361399df-b12e-475b-8c21-6363910f5350","22","3.135","15","7","true","Oyster-Open","0.6578","Oyster-Open","1.0000","7","196.8","232.1","241.5","282.6"
"blob:http://localhost:8080/361399df-b12e-475b-8c21-6363910f5350","22","3.135","15","19","true","Oyster-Closed","0.5961","Oyster-Closed","1.0000","7","261.9","107.7","305.3","215.7"
"blob:http://localhost:8080/361399df-b12e-475b-8c21-6363910f5350","22","3.135","15","23","true","Oyster-Closed","0.5020","Oyster-Closed","1.0000","7","274.7","351.5","358.3","421.8"
"blob:http://localhost:8080/361399df-b12e-475b-8c21-6363910f5350","22","3.135","15","16","true","Oyster-Closed","0.5017","Oyster-Closed","1.0000","7","214.7","431.7","252.5","479.6"
"blob:http://localhost:8080/361399df-b12e-475b-8c21-6363910f5350","22","3.135","15","11","true","Oyster-Closed","0.4916","Oyster-Closed","1.0000","7","243.2","378.8","272.0","433.7"
"blob:http://localhost:8080/361399df-b12e-475b-8c21-6363910f5350","22","3.135","15","13","true","Oyster-Closed","0.4699","Oyster-Closed","1.0000","7","282.1","425.6","328.8","490.8"
"blob:http://localhost:8080/361399df-b12e-475b-8c21-6363910f5350","22","3.135","15","24","true","Oyster-Closed","0.4422","Oyster-Closed","1.0000","7","177.9","283.6","208.6","348.1"
"blob:http://localhost:8080/361399df-b12e-475b-8c21-6363910f5350","22","3.135","15","18","true","Oyster-Closed","0.4310","Oyster-Closed","1.0000","7","141.3","388.9","240.2","501.5"
"blob:http://localhost:8080/361399df-b12e-475b-8c21-6363910f5350","23","3.281","15","2","true","Oyster-Closed","0.8701","Oyster-Closed","1.0000","7","155.4","92.6","273.8","260.6"
"blob:http://localhost:8080/361399df-b12e-475b-8c21-6363910f5350","23","3.281","15","1","true","Oyster-Closed","0.8585","Oyster-Closed","1.0000","7","220.2","443.3","326.6","591.8"
"blob:http://localhost:8080/361399df-b12e-475b-8c21-6363910f5350","23","3.281","15","3","true","Oyster-Closed","0.7738","Oyster-Closed","1.0000","7","104.2","0.6","229.9","65.0"
"blob:http://localhost:8080/361399df-b12e-475b-8c21-6363910f5350","23","3.281","15","8","true","Oyster-Closed","0.7377","Oyster-Closed","1.0000","7","296.9","470.7","354.2","522.8"
"blob:http://localhost:8080/361399df-b12e-475b-8c21-6363910f5350","23","3.281","15","7","true","Oyster-Open","0.6937","Oyster-Open","1.0000","7","197.2","230.7","242.5","282.6"
"blob:http://localhost:8080/361399df-b12e-475b-8c21-6363910f5350","23","3.281","15","4","true","Oyster-Closed","0.6871","Oyster-Closed","1.0000","7","236.1","-0.0","376.5","49.5"
"blob:http://localhost:8080/361399df-b12e-475b-8c21-6363910f5350","23","3.281","15","10","true","Oyster-Closed","0.6836","Oyster-Closed","1.0000","7","248.8","290.2","306.1","348.2"
"blob:http://localhost:8080/361399df-b12e-475b-8c21-6363910f5350","23","3.281","15","9","true","Oyster-Closed","0.6735","Oyster-Closed","1.0000","7","215.3","332.6","255.0","381.2"
"blob:http://localhost:8080/361399df-b12e-475b-8c21-6363910f5350","23","3.281","15","16","true","Oyster-Closed","0.5711","Oyster-Closed","1.0000","7","214.7","431.9","252.2","480.8"
"blob:http://localhost:8080/361399df-b12e-475b-8c21-6363910f5350","23","3.281","15","19","true","Oyster-Closed","0.5543","Oyster-Closed","1.0000","7","262.1","107.7","304.9","215.6"
"blob:http://localhost:8080/361399df-b12e-475b-8c21-6363910f5350","23","3.281","15","23","true","Oyster-Closed","0.4972","Oyster-Closed","1.0000","7","274.7","351.6","359.3","421.9"
"blob:http://localhost:8080/361399df-b12e-475b-8c21-6363910f5350","23","3.281","15","11","true","Oyster-Closed","0.4910","Oyster-Closed","1.0000","7","243.2","378.8","272.5","434.5"
"blob:http://localhost:8080/361399df-b12e-475b-8c21-6363910f5350","23","3.281","15","13","true","Oyster-Closed","0.4744","Oyster-Closed","1.0000","7","282.2","427.0","328.6","490.7"
"blob:http://localhost:8080/361399df-b12e-475b-8c21-6363910f5350","23","3.281","15","14","true","Oyster-Closed","0.4695","Oyster-Closed","1.0000","7","305.0","235.6","383.7","301.3"
"blob:http://localhost:8080/361399df-b12e-475b-8c21-6363910f5350","23","3.281","15","24","true","Oyster-Closed","0.4342","Oyster-Closed","1.0000","7","177.4","290.9","207.9","347.6"
"blob:http://localhost:8080/361399df-b12e-475b-8c21-6363910f5350","24","3.418","17","1","true","Oyster-Closed","0.8593","Oyster-Closed","1.0000","7","220.5","443.7","327.0","591.2"
"blob:http://localhost:8080/361399df-b12e-475b-8c21-6363910f5350","24","3.418","17","2","true","Oyster-Closed","0.8537","Oyster-Closed","1.0000","7","154.9","100.8","271.3","261.9"
"blob:http://localhost:8080/361399df-b12e-475b-8c21-6363910f5350","24","3.418","17","3","true","Oyster-Closed","0.7892","Oyster-Closed","1.0000","7","104.0","0.5","231.1","65.4"
"blob:http://localhost:8080/361399df-b12e-475b-8c21-6363910f5350","24","3.418","17","8","true","Oyster-Closed","0.7448","Oyster-Closed","1.0000","7","296.9","470.9","354.0","522.4"
"blob:http://localhost:8080/361399df-b12e-475b-8c21-6363910f5350","24","3.418","17","4","true","Oyster-Closed","0.7349","Oyster-Closed","1.0000","7","231.2","-0.0","377.4","49.4"
"blob:http://localhost:8080/361399df-b12e-475b-8c21-6363910f5350","24","3.418","17","10","true","Oyster-Closed","0.6939","Oyster-Closed","1.0000","7","249.0","290.1","305.5","348.7"
"blob:http://localhost:8080/361399df-b12e-475b-8c21-6363910f5350","24","3.418","17","9","true","Oyster-Closed","0.6704","Oyster-Closed","1.0000","7","215.3","332.5","255.5","381.0"
"blob:http://localhost:8080/361399df-b12e-475b-8c21-6363910f5350","24","3.418","17","7","true","Oyster-Open","0.6022","Oyster-Open","1.0000","7","198.4","231.2","241.6","282.5"
"blob:http://localhost:8080/361399df-b12e-475b-8c21-6363910f5350","24","3.418","17","23","true","Oyster-Closed","0.5443","Oyster-Closed","1.0000","7","274.7","351.6","359.8","422.0"
"blob:http://localhost:8080/361399df-b12e-475b-8c21-6363910f5350","24","3.418","17","16","true","Oyster-Closed","0.5421","Oyster-Closed","1.0000","7","214.5","430.1","252.4","480.7"
"blob:http://localhost:8080/361399df-b12e-475b-8c21-6363910f5350","24","3.418","17","11","true","Oyster-Closed","0.5243","Oyster-Closed","1.0000","7","243.1","378.8","271.9","433.6"
"blob:http://localhost:8080/361399df-b12e-475b-8c21-6363910f5350","24","3.418","17","18","true","Oyster-Closed","0.5238","Oyster-Closed","1.0000","7","140.8","379.6","243.3","496.0"
"blob:http://localhost:8080/361399df-b12e-475b-8c21-6363910f5350","24","3.418","17","13","true","Oyster-Closed","0.4515","Oyster-Closed","1.0000","7","281.9","425.3","329.0","491.1"
"blob:http://localhost:8080/361399df-b12e-475b-8c21-6363910f5350","24","3.418","17","19","true","Oyster-Closed","0.4461","Oyster-Closed","1.0000","7","262.4","107.0","305.2","215.7"
"blob:http://localhost:8080/361399df-b12e-475b-8c21-6363910f5350","24","3.418","17","14","true","Oyster-Closed","0.4353","Oyster-Closed","1.0000","7","304.8","235.7","382.8","300.5"
"blob:http://localhost:8080/361399df-b12e-475b-8c21-6363910f5350","24","3.418","17","24","true","Oyster-Closed","0.4342","Oyster-Closed","1.0000","7","177.7","291.2","208.5","347.7"
"blob:http://localhost:8080/361399df-b12e-475b-8c21-6363910f5350","24","3.418","17","17","true","Oyster-Closed","0.4307","Oyster-Closed","1.0000","7","317.0","167.7","346.8","236.3"
"blob:http://localhost:8080/361399df-b12e-475b-8c21-6363910f5350","25","3.563","17","2","true","Oyster-Closed","0.8709","Oyster-Closed","1.0000","7","155.4","91.4","274.1","261.2"
"blob:http://localhost:8080/361399df-b12e-475b-8c21-6363910f5350","25","3.563","17","1","true","Oyster-Closed","0.8515","Oyster-Closed","1.0000","7","220.5","444.2","326.9","591.3"
"blob:http://localhost:8080/361399df-b12e-475b-8c21-6363910f5350","25","3.563","17","3","true","Oyster-Closed","0.7410","Oyster-Closed","1.0000","7","103.9","0.7","230.8","65.3"
"blob:http://localhost:8080/361399df-b12e-475b-8c21-6363910f5350","25","3.563","17","8","true","Oyster-Closed","0.7309","Oyster-Closed","1.0000","7","296.9","471.0","354.2","522.5"
"blob:http://localhost:8080/361399df-b12e-475b-8c21-6363910f5350","25","3.563","17","4","true","Oyster-Closed","0.7042","Oyster-Closed","1.0000","7","230.8","-0.0","376.0","49.6"
"blob:http://localhost:8080/361399df-b12e-475b-8c21-6363910f5350","25","3.563","17","9","true","Oyster-Closed","0.6768","Oyster-Closed","1.0000","7","215.4","332.6","255.5","381.2"
"blob:http://localhost:8080/361399df-b12e-475b-8c21-6363910f5350","25","3.563","17","18","true","Oyster-Closed","0.6637","Oyster-Closed","1.0000","7","140.6","378.0","243.7","497.1"
"blob:http://localhost:8080/361399df-b12e-475b-8c21-6363910f5350","25","3.563","17","10","true","Oyster-Closed","0.6583","Oyster-Closed","1.0000","7","248.9","290.1","305.4","348.9"
"blob:http://localhost:8080/361399df-b12e-475b-8c21-6363910f5350","25","3.563","17","7","true","Oyster-Open","0.6198","Oyster-Open","1.0000","7","198.2","231.1","240.9","282.3"
"blob:http://localhost:8080/361399df-b12e-475b-8c21-6363910f5350","25","3.563","17","23","true","Oyster-Closed","0.5377","Oyster-Closed","1.0000","7","274.8","351.2","360.0","421.8"
"blob:http://localhost:8080/361399df-b12e-475b-8c21-6363910f5350","25","3.563","17","16","true","Oyster-Closed","0.5244","Oyster-Closed","1.0000","7","214.6","430.7","253.6","480.8"
"blob:http://localhost:8080/361399df-b12e-475b-8c21-6363910f5350","25","3.563","17","17","true","Oyster-Closed","0.4787","Oyster-Closed","1.0000","7","317.0","167.3","346.7","236.1"
"blob:http://localhost:8080/361399df-b12e-475b-8c21-6363910f5350","25","3.563","17","25","false","Oyster-Closed","0.4785","Oyster-Closed","1.0000","1","324.9","125.4","373.8","211.7"
"blob:http://localhost:8080/361399df-b12e-475b-8c21-6363910f5350","25","3.563","17","11","true","Oyster-Closed","0.4605","Oyster-Closed","1.0000","7","242.9","378.8","272.1","432.6"
"blob:http://localhost:8080/361399df-b12e-475b-8c21-6363910f5350","25","3.563","17","13","true","Oyster-Closed","0.4552","Oyster-Closed","1.0000","7","281.9","425.0","328.6","491.0"
"blob:http://localhost:8080/361399df-b12e-475b-8c21-6363910f5350","25","3.563","17","14","true","Oyster-Closed","0.4387","Oyster-Closed","1.0000","7","305.0","235.7","383.5","300.5"
"blob:http://localhost:8080/361399df-b12e-475b-8c21-6363910f5350","25","3.563","17","19","true","Oyster-Closed","0.4351","Oyster-Closed","1.0000","7","262.3","107.2","304.3","215.6"
"blob:http://localhost:8080/361399df-b12e-475b-8c21-6363910f5350","26","3.707","18","2","true","Oyster-Closed","0.8732","Oyster-Closed","1.0000","7","155.4","91.4","273.5","261.5"
"blob:http://localhost:8080/361399df-b12e-475b-8c21-6363910f5350","26","3.707","18","1","true","Oyster-Closed","0.8529","Oyster-Closed","1.0000","7","221.1","444.4","326.8","591.4"
"blob:http://localhost:8080/361399df-b12e-475b-8c21-6363910f5350","26","3.707","18","3","true","Oyster-Closed","0.7441","Oyster-Closed","1.0000","7","104.0","0.8","231.1","65.1"
"blob:http://localhost:8080/361399df-b12e-475b-8c21-6363910f5350","26","3.707","18","4","true","Oyster-Closed","0.7332","Oyster-Closed","1.0000","7","234.8","-0.0","371.0","49.3"
"blob:http://localhost:8080/361399df-b12e-475b-8c21-6363910f5350","26","3.707","18","8","true","Oyster-Closed","0.7141","Oyster-Closed","1.0000","7","296.8","470.9","354.0","522.5"
"blob:http://localhost:8080/361399df-b12e-475b-8c21-6363910f5350","26","3.707","18","9","true","Oyster-Closed","0.6717","Oyster-Closed","1.0000","7","215.4","332.6","255.3","381.2"
"blob:http://localhost:8080/361399df-b12e-475b-8c21-6363910f5350","26","3.707","18","10","true","Oyster-Closed","0.6583","Oyster-Closed","1.0000","7","248.8","290.1","305.0","348.2"
"blob:http://localhost:8080/361399df-b12e-475b-8c21-6363910f5350","26","3.707","18","18","true","Oyster-Closed","0.6201","Oyster-Closed","1.0000","7","140.9","378.0","244.4","499.2"
"blob:http://localhost:8080/361399df-b12e-475b-8c21-6363910f5350","26","3.707","18","7","true","Oyster-Open","0.6082","Oyster-Open","1.0000","7","198.1","230.8","241.2","282.4"
"blob:http://localhost:8080/361399df-b12e-475b-8c21-6363910f5350","26","3.707","18","16","true","Oyster-Closed","0.5441","Oyster-Closed","1.0000","7","214.7","431.0","253.6","480.8"
"blob:http://localhost:8080/361399df-b12e-475b-8c21-6363910f5350","26","3.707","18","19","true","Oyster-Closed","0.5416","Oyster-Closed","1.0000","7","262.3","107.9","304.6","215.7"
"blob:http://localhost:8080/361399df-b12e-475b-8c21-6363910f5350","26","3.707","18","25","false","Oyster-Closed","0.5197","Oyster-Closed","1.0000","2","324.9","125.2","373.8","211.4"
"blob:http://localhost:8080/361399df-b12e-475b-8c21-6363910f5350","26","3.707","18","23","true","Oyster-Closed","0.5154","Oyster-Closed","1.0000","7","274.8","350.9","359.7","421.8"
"blob:http://localhost:8080/361399df-b12e-475b-8c21-6363910f5350","26","3.707","18","20","true","Oyster-Closed","0.4761","Oyster-Closed","1.0000","7","278.9","288.9","365.7","352.6"
"blob:http://localhost:8080/361399df-b12e-475b-8c21-6363910f5350","26","3.707","18","11","true","Oyster-Closed","0.4535","Oyster-Closed","1.0000","7","242.9","378.6","272.1","433.1"
"blob:http://localhost:8080/361399df-b12e-475b-8c21-6363910f5350","26","3.707","18","13","true","Oyster-Closed","0.4446","Oyster-Closed","1.0000","7","281.8","424.8","328.3","491.1"
"blob:http://localhost:8080/361399df-b12e-475b-8c21-6363910f5350","26","3.707","18","14","true","Oyster-Closed","0.4396","Oyster-Closed","1.0000","7","305.0","235.7","383.8","300.4"
"blob:http://localhost:8080/361399df-b12e-475b-8c21-6363910f5350","26","3.707","18","17","true","Oyster-Closed","0.4294","Oyster-Closed","1.0000","7","317.1","167.3","346.7","236.1"
"blob:http://localhost:8080/361399df-b12e-475b-8c21-6363910f5350","27","3.847","17","2","true","Oyster-Closed","0.8646","Oyster-Closed","1.0000","7","155.3","92.3","273.9","261.5"
"blob:http://localhost:8080/361399df-b12e-475b-8c21-6363910f5350","27","3.847","17","1","true","Oyster-Closed","0.8481","Oyster-Closed","1.0000","7","221.5","444.3","327.1","591.4"
"blob:http://localhost:8080/361399df-b12e-475b-8c21-6363910f5350","27","3.847","17","3","true","Oyster-Closed","0.7527","Oyster-Closed","1.0000","7","103.9","0.8","229.6","65.4"
"blob:http://localhost:8080/361399df-b12e-475b-8c21-6363910f5350","27","3.847","17","4","true","Oyster-Closed","0.7399","Oyster-Closed","1.0000","7","236.7","-0.0","373.1","49.4"
"blob:http://localhost:8080/361399df-b12e-475b-8c21-6363910f5350","27","3.847","17","8","true","Oyster-Closed","0.7179","Oyster-Closed","1.0000","7","296.8","471.5","354.1","522.5"
"blob:http://localhost:8080/361399df-b12e-475b-8c21-6363910f5350","27","3.847","17","9","true","Oyster-Closed","0.6729","Oyster-Closed","1.0000","7","215.4","331.1","255.5","381.0"
"blob:http://localhost:8080/361399df-b12e-475b-8c21-6363910f5350","27","3.847","17","10","true","Oyster-Closed","0.6603","Oyster-Closed","1.0000","7","249.0","290.1","304.9","348.3"
"blob:http://localhost:8080/361399df-b12e-475b-8c21-6363910f5350","27","3.847","17","7","true","Oyster-Open","0.6274","Oyster-Open","1.0000","7","197.9","231.2","241.7","282.5"
"blob:http://localhost:8080/361399df-b12e-475b-8c21-6363910f5350","27","3.847","17","18","true","Oyster-Closed","0.5717","Oyster-Closed","1.0000","7","140.8","378.2","244.7","503.2"
"blob:http://localhost:8080/361399df-b12e-475b-8c21-6363910f5350","27","3.847","17","16","true","Oyster-Closed","0.5602","Oyster-Closed","1.0000","7","214.8","429.5","252.8","480.6"
"blob:http://localhost:8080/361399df-b12e-475b-8c21-6363910f5350","27","3.847","17","23","true","Oyster-Closed","0.5378","Oyster-Closed","1.0000","7","274.8","351.2","360.3","421.7"
"blob:http://localhost:8080/361399df-b12e-475b-8c21-6363910f5350","27","3.847","17","19","true","Oyster-Closed","0.5062","Oyster-Closed","1.0000","7","262.1","107.8","309.6","215.6"
"blob:http://localhost:8080/361399df-b12e-475b-8c21-6363910f5350","27","3.847","17","25","false","Oyster-Closed","0.4409","Oyster-Closed","1.0000","3","325.3","125.0","373.8","212.1"
"blob:http://localhost:8080/361399df-b12e-475b-8c21-6363910f5350","27","3.847","17","17","true","Oyster-Closed","0.4398","Oyster-Closed","1.0000","7","316.9","167.4","346.7","236.2"
"blob:http://localhost:8080/361399df-b12e-475b-8c21-6363910f5350","27","3.847","17","11","true","Oyster-Closed","0.4270","Oyster-Closed","1.0000","7","243.1","378.8","271.8","433.9"
"blob:http://localhost:8080/361399df-b12e-475b-8c21-6363910f5350","27","3.847","17","20","true","Oyster-Closed","0.4239","Oyster-Closed","1.0000","7","278.7","288.8","365.9","352.9"
"blob:http://localhost:8080/361399df-b12e-475b-8c21-6363910f5350","27","3.847","17","13","true","Oyster-Closed","0.4116","Oyster-Closed","1.0000","7","281.9","424.8","328.3","491.1"
"blob:http://localhost:8080/361399df-b12e-475b-8c21-6363910f5350","28","3.998","19","2","true","Oyster-Closed","0.8714","Oyster-Closed","1.0000","7","155.0","97.8","273.3","260.8"
"blob:http://localhost:8080/361399df-b12e-475b-8c21-6363910f5350","28","3.998","19","1","true","Oyster-Closed","0.8560","Oyster-Closed","1.0000","7","219.3","444.7","327.2","591.9"
"blob:http://localhost:8080/361399df-b12e-475b-8c21-6363910f5350","28","3.998","19","3","true","Oyster-Closed","0.7665","Oyster-Closed","1.0000","7","103.9","0.6","230.4","65.4"
"blob:http://localhost:8080/361399df-b12e-475b-8c21-6363910f5350","28","3.998","19","4","true","Oyster-Closed","0.7518","Oyster-Closed","1.0000","7","235.6","-0.0","373.5","49.1"
"blob:http://localhost:8080/361399df-b12e-475b-8c21-6363910f5350","28","3.998","19","8","true","Oyster-Closed","0.7194","Oyster-Closed","1.0000","7","296.7","471.3","354.2","522.4"
"blob:http://localhost:8080/361399df-b12e-475b-8c21-6363910f5350","28","3.998","19","18","true","Oyster-Closed","0.7144","Oyster-Closed","1.0000","7","140.8","377.5","245.2","503.1"
"blob:http://localhost:8080/361399df-b12e-475b-8c21-6363910f5350","28","3.998","19","9","true","Oyster-Closed","0.7090","Oyster-Closed","1.0000","7","215.2","332.7","255.3","381.1"
"blob:http://localhost:8080/361399df-b12e-475b-8c21-6363910f5350","28","3.998","19","7","true","Oyster-Open","0.6947","Oyster-Open","1.0000","7","197.9","231.1","242.8","282.7"
"blob:http://localhost:8080/361399df-b12e-475b-8c21-6363910f5350","28","3.998","19","10","true","Oyster-Closed","0.6933","Oyster-Closed","1.0000","7","249.0","290.1","304.7","347.7"
"blob:http://localhost:8080/361399df-b12e-475b-8c21-6363910f5350","28","3.998","19","19","true","Oyster-Closed","0.6052","Oyster-Closed","1.0000","7","262.4","107.9","306.4","215.4"
"blob:http://localhost:8080/361399df-b12e-475b-8c21-6363910f5350","28","3.998","19","16","true","Oyster-Closed","0.5634","Oyster-Closed","1.0000","7","214.7","430.6","253.5","481.0"
"blob:http://localhost:8080/361399df-b12e-475b-8c21-6363910f5350","28","3.998","19","23","true","Oyster-Closed","0.5198","Oyster-Closed","1.0000","7","274.9","350.9","360.7","421.8"
"blob:http://localhost:8080/361399df-b12e-475b-8c21-6363910f5350","28","3.998","19","12","true","Oyster-Closed","0.5104","Oyster-Closed","1.0000","7","266.7","10.8","386.1","121.7"
"blob:http://localhost:8080/361399df-b12e-475b-8c21-6363910f5350","28","3.998","19","20","true","Oyster-Closed","0.5028","Oyster-Closed","1.0000","7","278.5","288.8","366.0","352.7"
"blob:http://localhost:8080/361399df-b12e-475b-8c21-6363910f5350","28","3.998","19","11","true","Oyster-Closed","0.4860","Oyster-Closed","1.0000","7","243.0","378.9","271.5","433.9"
"blob:http://localhost:8080/361399df-b12e-475b-8c21-6363910f5350","28","3.998","19","24","true","Oyster-Closed","0.4581","Oyster-Closed","1.0000","7","177.1","291.5","208.1","347.9"
"blob:http://localhost:8080/361399df-b12e-475b-8c21-6363910f5350","28","3.998","19","17","true","Oyster-Closed","0.4435","Oyster-Closed","1.0000","7","317.1","167.7","346.7","236.3"
"blob:http://localhost:8080/361399df-b12e-475b-8c21-6363910f5350","28","3.998","19","26","false","Oyster-Closed","0.4375","Oyster-Closed","1.0000","1","186.1","509.5","231.9","616.0"
"blob:http://localhost:8080/361399df-b12e-475b-8c21-6363910f5350","28","3.998","19","25","false","Oyster-Closed","0.4370","Oyster-Closed","1.0000","4","325.7","124.9","373.9","211.7"
"blob:http://localhost:8080/361399df-b12e-475b-8c21-6363910f5350","29","4.138","18","2","true","Oyster-Closed","0.8560","Oyster-Closed","1.0000","7","155.3","98.5","273.5","260.8"
"blob:http://localhost:8080/361399df-b12e-475b-8c21-6363910f5350","29","4.138","18","1","true","Oyster-Closed","0.8533","Oyster-Closed","1.0000","7","218.7","444.1","328.0","590.9"
"blob:http://localhost:8080/361399df-b12e-475b-8c21-6363910f5350","29","4.138","18","3","true","Oyster-Closed","0.7591","Oyster-Closed","1.0000","7","103.9","0.7","230.9","65.4"
"blob:http://localhost:8080/361399df-b12e-475b-8c21-6363910f5350","29","4.138","18","4","true","Oyster-Closed","0.7570","Oyster-Closed","1.0000","7","236.9","-0.0","373.6","49.7"
"blob:http://localhost:8080/361399df-b12e-475b-8c21-6363910f5350","29","4.138","18","10","true","Oyster-Closed","0.7101","Oyster-Closed","1.0000","7","249.1","290.2","304.7","348.0"
"blob:http://localhost:8080/361399df-b12e-475b-8c21-6363910f5350","29","4.138","18","8","true","Oyster-Closed","0.6950","Oyster-Closed","1.0000","7","296.6","470.7","354.2","522.7"
"blob:http://localhost:8080/361399df-b12e-475b-8c21-6363910f5350","29","4.138","18","18","true","Oyster-Closed","0.6563","Oyster-Closed","1.0000","7","140.9","377.5","244.3","498.7"
"blob:http://localhost:8080/361399df-b12e-475b-8c21-6363910f5350","29","4.138","18","7","true","Oyster-Open","0.6112","Oyster-Open","1.0000","7","197.5","232.0","241.6","282.5"
"blob:http://localhost:8080/361399df-b12e-475b-8c21-6363910f5350","29","4.138","18","9","true","Oyster-Closed","0.6108","Oyster-Closed","1.0000","7","214.9","332.2","255.1","381.1"
"blob:http://localhost:8080/361399df-b12e-475b-8c21-6363910f5350","29","4.138","18","12","true","Oyster-Closed","0.5610","Oyster-Closed","1.0000","7","265.8","10.3","385.8","122.4"
"blob:http://localhost:8080/361399df-b12e-475b-8c21-6363910f5350","29","4.138","18","19","true","Oyster-Closed","0.5286","Oyster-Closed","1.0000","7","262.3","107.4","305.2","215.2"
"blob:http://localhost:8080/361399df-b12e-475b-8c21-6363910f5350","29","4.138","18","16","true","Oyster-Closed","0.4846","Oyster-Closed","1.0000","7","214.7","431.5","253.7","480.6"
"blob:http://localhost:8080/361399df-b12e-475b-8c21-6363910f5350","29","4.138","18","23","true","Oyster-Closed","0.4670","Oyster-Closed","1.0000","7","274.9","351.2","361.1","422.0"
"blob:http://localhost:8080/361399df-b12e-475b-8c21-6363910f5350","29","4.138","18","14","true","Oyster-Closed","0.4412","Oyster-Closed","1.0000","7","304.6","236.0","384.2","300.2"
"blob:http://localhost:8080/361399df-b12e-475b-8c21-6363910f5350","29","4.138","18","20","true","Oyster-Closed","0.4403","Oyster-Closed","1.0000","7","278.5","289.1","365.5","353.6"
"blob:http://localhost:8080/361399df-b12e-475b-8c21-6363910f5350","29","4.138","18","24","true","Oyster-Closed","0.4383","Oyster-Closed","1.0000","7","177.4","292.6","208.1","347.5"
"blob:http://localhost:8080/361399df-b12e-475b-8c21-6363910f5350","29","4.138","18","17","true","Oyster-Closed","0.4334","Oyster-Closed","1.0000","7","317.1","167.1","346.8","236.6"
"blob:http://localhost:8080/361399df-b12e-475b-8c21-6363910f5350","29","4.138","18","25","true","Oyster-Closed","0.4080","Oyster-Closed","1.0000","5","325.6","125.1","373.8","212.0"
"blob:http://localhost:8080/361399df-b12e-475b-8c21-6363910f5350","30","4.277","16","1","true","Oyster-Closed","0.8664","Oyster-Closed","1.0000","7","216.7","444.2","327.8","591.0"
"blob:http://localhost:8080/361399df-b12e-475b-8c21-6363910f5350","30","4.277","16","2","true","Oyster-Closed","0.8558","Oyster-Closed","1.0000","7","155.2","99.0","273.9","260.8"
"blob:http://localhost:8080/361399df-b12e-475b-8c21-6363910f5350","30","4.277","16","3","true","Oyster-Closed","0.7751","Oyster-Closed","1.0000","7","104.1","0.6","231.4","65.2"
"blob:http://localhost:8080/361399df-b12e-475b-8c21-6363910f5350","30","4.277","16","4","true","Oyster-Closed","0.7555","Oyster-Closed","1.0000","7","235.1","-0.0","374.0","49.7"
"blob:http://localhost:8080/361399df-b12e-475b-8c21-6363910f5350","30","4.277","16","10","true","Oyster-Closed","0.7032","Oyster-Closed","1.0000","7","249.1","290.2","304.6","347.7"
"blob:http://localhost:8080/361399df-b12e-475b-8c21-6363910f5350","30","4.277","16","9","true","Oyster-Closed","0.6970","Oyster-Closed","1.0000","7","215.2","332.5","254.7","380.7"
"blob:http://localhost:8080/361399df-b12e-475b-8c21-6363910f5350","30","4.277","16","8","true","Oyster-Closed","0.6925","Oyster-Closed","1.0000","7","296.7","471.8","354.1","522.7"
"blob:http://localhost:8080/361399df-b12e-475b-8c21-6363910f5350","30","4.277","16","7","true","Oyster-Open","0.5949","Oyster-Open","1.0000","7","197.4","232.0","241.5","282.5"
"blob:http://localhost:8080/361399df-b12e-475b-8c21-6363910f5350","30","4.277","16","18","true","Oyster-Closed","0.5458","Oyster-Closed","1.0000","7","141.0","379.7","242.7","498.5"
"blob:http://localhost:8080/361399df-b12e-475b-8c21-6363910f5350","30","4.277","16","12","true","Oyster-Closed","0.5403","Oyster-Closed","1.0000","7","265.6","10.7","385.8","121.5"
"blob:http://localhost:8080/361399df-b12e-475b-8c21-6363910f5350","30","4.277","16","19","true","Oyster-Closed","0.4877","Oyster-Closed","1.0000","7","262.5","107.2","305.0","215.2"
"blob:http://localhost:8080/361399df-b12e-475b-8c21-6363910f5350","30","4.277","16","16","true","Oyster-Closed","0.4780","Oyster-Closed","1.0000","7","215.1","431.0","254.5","480.6"
"blob:http://localhost:8080/361399df-b12e-475b-8c21-6363910f5350","30","4.277","16","23","true","Oyster-Closed","0.4740","Oyster-Closed","1.0000","7","274.8","351.1","361.2","422.0"
"blob:http://localhost:8080/361399df-b12e-475b-8c21-6363910f5350","30","4.277","16","20","true","Oyster-Closed","0.4277","Oyster-Closed","1.0000","7","278.5","288.9","366.1","353.1"
"blob:http://localhost:8080/361399df-b12e-475b-8c21-6363910f5350","30","4.277","16","17","true","Oyster-Closed","0.4260","Oyster-Closed","1.0000","7","316.9","167.1","346.8","236.5"
"blob:http://localhost:8080/361399df-b12e-475b-8c21-6363910f5350","30","4.277","16","24","true","Oyster-Closed","0.4206","Oyster-Closed","1.0000","7","177.3","292.4","208.2","347.7"
"blob:http://localhost:8080/361399df-b12e-475b-8c21-6363910f5350","31","4.417","16","1","true","Oyster-Closed","0.8680","Oyster-Closed","1.0000","7","217.5","444.0","327.3","590.8"
"blob:http://localhost:8080/361399df-b12e-475b-8c21-6363910f5350","31","4.417","16","2","true","Oyster-Closed","0.8508","Oyster-Closed","1.0000","7","154.9","99.0","274.3","260.5"
"blob:http://localhost:8080/361399df-b12e-475b-8c21-6363910f5350","31","4.417","16","3","true","Oyster-Closed","0.7800","Oyster-Closed","1.0000","7","104.1","0.6","231.2","65.3"
"blob:http://localhost:8080/361399df-b12e-475b-8c21-6363910f5350","31","4.417","16","4","true","Oyster-Closed","0.7536","Oyster-Closed","1.0000","7","236.1","-0.1","373.6","49.7"
"blob:http://localhost:8080/361399df-b12e-475b-8c21-6363910f5350","31","4.417","16","10","true","Oyster-Closed","0.7308","Oyster-Closed","1.0000","7","249.1","290.2","304.7","346.9"
"blob:http://localhost:8080/361399df-b12e-475b-8c21-6363910f5350","31","4.417","16","8","true","Oyster-Closed","0.7161","Oyster-Closed","1.0000","7","296.8","472.1","354.2","522.5"
"blob:http://localhost:8080/361399df-b12e-475b-8c21-6363910f5350","31","4.417","16","18","true","Oyster-Closed","0.6782","Oyster-Closed","1.0000","7","140.9","378.2","244.9","496.6"
"blob:http://localhost:8080/361399df-b12e-475b-8c21-6363910f5350","31","4.417","16","9","true","Oyster-Closed","0.6755","Oyster-Closed","1.0000","7","215.2","332.6","254.8","380.6"
"blob:http://localhost:8080/361399df-b12e-475b-8c21-6363910f5350","31","4.417","16","7","true","Oyster-Open","0.6268","Oyster-Open","1.0000","7","196.9","232.3","241.6","282.6"
"blob:http://localhost:8080/361399df-b12e-475b-8c21-6363910f5350","31","4.417","16","16","true","Oyster-Closed","0.5112","Oyster-Closed","1.0000","7","214.9","431.9","253.7","481.6"
"blob:http://localhost:8080/361399df-b12e-475b-8c21-6363910f5350","31","4.417","16","23","true","Oyster-Closed","0.4815","Oyster-Closed","1.0000","7","274.7","351.1","360.5","422.0"
"blob:http://localhost:8080/361399df-b12e-475b-8c21-6363910f5350","31","4.417","16","11","true","Oyster-Closed","0.4762","Oyster-Closed","1.0000","7","242.4","378.7","271.5","435.5"
"blob:http://localhost:8080/361399df-b12e-475b-8c21-6363910f5350","31","4.417","16","17","true","Oyster-Closed","0.4717","Oyster-Closed","1.0000","7","316.9","167.3","346.7","236.5"
"blob:http://localhost:8080/361399df-b12e-475b-8c21-6363910f5350","31","4.417","16","24","true","Oyster-Closed","0.4023","Oyster-Closed","1.0000","7","177.3","292.4","208.3","348.0"
"blob:http://localhost:8080/361399df-b12e-475b-8c21-6363910f5350","31","4.417","16","20","true","Oyster-Closed","0.4016","Oyster-Closed","1.0000","7","278.2","288.6","366.9","352.5"
"blob:http://localhost:8080/361399df-b12e-475b-8c21-6363910f5350","31","4.417","16","19","true","Oyster-Closed","0.4011","Oyster-Closed","1.0000","7","262.5","107.1","313.6","215.7"
"blob:http://localhost:8080/361399df-b12e-475b-8c21-6363910f5350","32","4.556","16","1","true","Oyster-Closed","0.8714","Oyster-Closed","1.0000","7","217.8","444.0","327.6","590.7"
"blob:http://localhost:8080/361399df-b12e-475b-8c21-6363910f5350","32","4.556","16","2","true","Oyster-Closed","0.8516","Oyster-Closed","1.0000","7","155.0","99.2","274.1","260.7"
"blob:http://localhost:8080/361399df-b12e-475b-8c21-6363910f5350","32","4.556","16","3","true","Oyster-Closed","0.7782","Oyster-Closed","1.0000","7","104.1","0.6","231.0","65.3"
"blob:http://localhost:8080/361399df-b12e-475b-8c21-6363910f5350","32","4.556","16","4","true","Oyster-Closed","0.7460","Oyster-Closed","1.0000","7","235.7","-0.1","374.7","49.7"
"blob:http://localhost:8080/361399df-b12e-475b-8c21-6363910f5350","32","4.556","16","10","true","Oyster-Closed","0.7333","Oyster-Closed","1.0000","7","249.1","290.2","304.8","346.5"
"blob:http://localhost:8080/361399df-b12e-475b-8c21-6363910f5350","32","4.556","16","8","true","Oyster-Closed","0.7281","Oyster-Closed","1.0000","7","296.8","471.6","354.2","522.5"
"blob:http://localhost:8080/361399df-b12e-475b-8c21-6363910f5350","32","4.556","16","9","true","Oyster-Closed","0.6989","Oyster-Closed","1.0000","7","215.3","332.5","255.1","380.4"
"blob:http://localhost:8080/361399df-b12e-475b-8c21-6363910f5350","32","4.556","16","18","true","Oyster-Closed","0.6777","Oyster-Closed","1.0000","7","141.1","378.3","245.0","496.9"
"blob:http://localhost:8080/361399df-b12e-475b-8c21-6363910f5350","32","4.556","16","7","true","Oyster-Open","0.6143","Oyster-Open","1.0000","7","197.0","232.3","241.5","282.5"
"blob:http://localhost:8080/361399df-b12e-475b-8c21-6363910f5350","32","4.556","16","11","true","Oyster-Closed","0.5008","Oyster-Closed","1.0000","7","242.5","378.6","271.6","435.2"
"blob:http://localhost:8080/361399df-b12e-475b-8c21-6363910f5350","32","4.556","16","16","true","Oyster-Closed","0.4848","Oyster-Closed","1.0000","7","215.0","434.4","254.0","473.8"
"blob:http://localhost:8080/361399df-b12e-475b-8c21-6363910f5350","32","4.556","16","23","true","Oyster-Closed","0.4813","Oyster-Closed","1.0000","7","274.8","350.7","360.5","421.9"
"blob:http://localhost:8080/361399df-b12e-475b-8c21-6363910f5350","32","4.556","16","20","true","Oyster-Closed","0.4756","Oyster-Closed","1.0000","7","278.2","288.8","366.6","351.6"
"blob:http://localhost:8080/361399df-b12e-475b-8c21-6363910f5350","32","4.556","16","12","true","Oyster-Closed","0.4459","Oyster-Closed","1.0000","7","265.5","11.4","385.9","121.9"
"blob:http://localhost:8080/361399df-b12e-475b-8c21-6363910f5350","32","4.556","16","13","true","Oyster-Closed","0.4266","Oyster-Closed","1.0000","7","282.5","430.7","327.8","490.8"
"blob:http://localhost:8080/361399df-b12e-475b-8c21-6363910f5350","32","4.556","16","17","true","Oyster-Closed","0.4127","Oyster-Closed","1.0000","7","317.1","166.9","346.7","236.5"
"blob:http://localhost:8080/361399df-b12e-475b-8c21-6363910f5350","33","4.698","16","1","true","Oyster-Closed","0.8676","Oyster-Closed","1.0000","7","218.2","444.5","328.2","590.9"
"blob:http://localhost:8080/361399df-b12e-475b-8c21-6363910f5350","33","4.698","16","2","true","Oyster-Closed","0.8570","Oyster-Closed","1.0000","7","155.0","98.8","274.6","260.5"
"blob:http://localhost:8080/361399df-b12e-475b-8c21-6363910f5350","33","4.698","16","3","true","Oyster-Closed","0.7581","Oyster-Closed","1.0000","7","103.7","0.9","229.0","65.4"
"blob:http://localhost:8080/361399df-b12e-475b-8c21-6363910f5350","33","4.698","16","4","true","Oyster-Closed","0.7564","Oyster-Closed","1.0000","7","238.8","-0.1","374.9","49.6"
"blob:http://localhost:8080/361399df-b12e-475b-8c21-6363910f5350","33","4.698","16","10","true","Oyster-Closed","0.7317","Oyster-Closed","1.0000","7","249.1","290.1","304.7","346.5"
"blob:http://localhost:8080/361399df-b12e-475b-8c21-6363910f5350","33","4.698","16","8","true","Oyster-Closed","0.7129","Oyster-Closed","1.0000","7","296.8","471.3","354.1","522.6"
"blob:http://localhost:8080/361399df-b12e-475b-8c21-6363910f5350","33","4.698","16","18","true","Oyster-Closed","0.7101","Oyster-Closed","1.0000","7","141.0","378.0","245.6","497.3"
"blob:http://localhost:8080/361399df-b12e-475b-8c21-6363910f5350","33","4.698","16","9","true","Oyster-Closed","0.7048","Oyster-Closed","1.0000","7","215.3","332.3","255.4","380.7"
"blob:http://localhost:8080/361399df-b12e-475b-8c21-6363910f5350","33","4.698","16","7","true","Oyster-Open","0.6273","Oyster-Open","1.0000","7","197.1","232.2","241.8","282.6"
"blob:http://localhost:8080/361399df-b12e-475b-8c21-6363910f5350","33","4.698","16","19","true","Oyster-Closed","0.5208","Oyster-Closed","1.0000","7","262.8","107.3","307.5","215.5"
"blob:http://localhost:8080/361399df-b12e-475b-8c21-6363910f5350","33","4.698","16","23","true","Oyster-Closed","0.5089","Oyster-Closed","1.0000","7","274.7","350.7","360.0","421.9"
"blob:http://localhost:8080/361399df-b12e-475b-8c21-6363910f5350","33","4.698","16","12","true","Oyster-Closed","0.4551","Oyster-Closed","1.0000","7","265.6","8.7","386.3","121.5"
"blob:http://localhost:8080/361399df-b12e-475b-8c21-6363910f5350","33","4.698","16","11","true","Oyster-Closed","0.4514","Oyster-Closed","1.0000","7","242.9","378.7","270.6","435.0"
"blob:http://localhost:8080/361399df-b12e-475b-8c21-6363910f5350","33","4.698","16","20","true","Oyster-Closed","0.4363","Oyster-Closed","1.0000","7","278.2","288.7","366.8","351.8"
"blob:http://localhost:8080/361399df-b12e-475b-8c21-6363910f5350","33","4.698","16","16","true","Oyster-Closed","0.4329","Oyster-Closed","1.0000","7","214.5","431.2","254.7","475.6"
"blob:http://localhost:8080/361399df-b12e-475b-8c21-6363910f5350","33","4.698","16","17","true","Oyster-Closed","0.4157","Oyster-Closed","1.0000","7","317.0","166.7","346.7","236.6"
"blob:http://localhost:8080/361399df-b12e-475b-8c21-6363910f5350","34","4.837","15","1","true","Oyster-Closed","0.8598","Oyster-Closed","1.0000","7","219.1","444.9","327.6","590.6"
"blob:http://localhost:8080/361399df-b12e-475b-8c21-6363910f5350","34","4.837","15","2","true","Oyster-Closed","0.8429","Oyster-Closed","1.0000","7","154.8","98.4","274.3","260.0"
"blob:http://localhost:8080/361399df-b12e-475b-8c21-6363910f5350","34","4.837","15","4","true","Oyster-Closed","0.7596","Oyster-Closed","1.0000","7","236.1","-0.1","376.1","49.7"
"blob:http://localhost:8080/361399df-b12e-475b-8c21-6363910f5350","34","4.837","15","3","true","Oyster-Closed","0.7448","Oyster-Closed","1.0000","7","103.5","0.7","230.7","65.2"
"blob:http://localhost:8080/361399df-b12e-475b-8c21-6363910f5350","34","4.837","15","12","true","Oyster-Closed","0.7221","Oyster-Closed","1.0000","7","265.7","8.8","385.9","122.1"
"blob:http://localhost:8080/361399df-b12e-475b-8c21-6363910f5350","34","4.837","15","8","true","Oyster-Closed","0.7080","Oyster-Closed","1.0000","7","296.6","471.4","354.3","522.9"
"blob:http://localhost:8080/361399df-b12e-475b-8c21-6363910f5350","34","4.837","15","18","true","Oyster-Closed","0.6921","Oyster-Closed","1.0000","7","141.1","378.7","246.0","495.8"
"blob:http://localhost:8080/361399df-b12e-475b-8c21-6363910f5350","34","4.837","15","9","true","Oyster-Closed","0.6812","Oyster-Closed","1.0000","7","215.3","332.5","255.8","380.6"
"blob:http://localhost:8080/361399df-b12e-475b-8c21-6363910f5350","34","4.837","15","10","true","Oyster-Closed","0.6755","Oyster-Closed","1.0000","7","249.1","290.1","305.2","347.0"
"blob:http://localhost:8080/361399df-b12e-475b-8c21-6363910f5350","34","4.837","15","7","true","Oyster-Open","0.6385","Oyster-Open","1.0000","7","196.6","232.7","241.8","282.7"
"blob:http://localhost:8080/361399df-b12e-475b-8c21-6363910f5350","34","4.837","15","11","true","Oyster-Closed","0.5060","Oyster-Closed","1.0000","7","242.9","378.5","270.5","434.0"
"blob:http://localhost:8080/361399df-b12e-475b-8c21-6363910f5350","34","4.837","15","23","true","Oyster-Closed","0.4827","Oyster-Closed","1.0000","7","274.8","350.7","358.8","421.6"
"blob:http://localhost:8080/361399df-b12e-475b-8c21-6363910f5350","34","4.837","15","20","true","Oyster-Closed","0.4577","Oyster-Closed","1.0000","7","278.0","289.0","366.3","351.7"
"blob:http://localhost:8080/361399df-b12e-475b-8c21-6363910f5350","34","4.837","15","19","true","Oyster-Closed","0.4189","Oyster-Closed","1.0000","7","262.5","105.7","305.9","215.6"
"blob:http://localhost:8080/361399df-b12e-475b-8c21-6363910f5350","34","4.837","15","24","true","Oyster-Closed","0.4151","Oyster-Closed","1.0000","7","207.9","294.4","239.5","333.8"
"blob:http://localhost:8080/361399df-b12e-475b-8c21-6363910f5350","35","4.982","16","1","true","Oyster-Closed","0.8511","Oyster-Closed","1.0000","7","217.5","444.2","326.1","590.8"
"blob:http://localhost:8080/361399df-b12e-475b-8c21-6363910f5350","35","4.982","16","2","true","Oyster-Closed","0.7763","Oyster-Closed","1.0000","7","153.3","99.4","274.5","261.9"
"blob:http://localhost:8080/361399df-b12e-475b-8c21-6363910f5350","35","4.982","16","3","true","Oyster-Closed","0.7677","Oyster-Closed","1.0000","7","104.3","0.6","229.6","65.0"
"blob:http://localhost:8080/361399df-b12e-475b-8c21-6363910f5350","35","4.982","16","18","true","Oyster-Closed","0.7228","Oyster-Closed","1.0000","7","141.0","378.0","246.1","495.7"
"blob:http://localhost:8080/361399df-b12e-475b-8c21-6363910f5350","35","4.982","16","4","true","Oyster-Closed","0.7110","Oyster-Closed","1.0000","7","240.7","-0.1","373.1","50.0"
"blob:http://localhost:8080/361399df-b12e-475b-8c21-6363910f5350","35","4.982","16","8","true","Oyster-Closed","0.7037","Oyster-Closed","1.0000","7","296.8","471.1","353.8","522.5"
"blob:http://localhost:8080/361399df-b12e-475b-8c21-6363910f5350","35","4.982","16","9","true","Oyster-Closed","0.6535","Oyster-Closed","1.0000","7","215.3","332.5","255.5","380.6"
"blob:http://localhost:8080/361399df-b12e-475b-8c21-6363910f5350","35","4.982","16","7","true","Oyster-Open","0.6305","Oyster-Open","1.0000","7","199.6","232.6","241.6","282.7"
"blob:http://localhost:8080/361399df-b12e-475b-8c21-6363910f5350","35","4.982","16","10","true","Oyster-Closed","0.6302","Oyster-Closed","1.0000","7","248.9","289.8","304.5","348.2"
"blob:http://localhost:8080/361399df-b12e-475b-8c21-6363910f5350","35","4.982","16","11","true","Oyster-Closed","0.6016","Oyster-Closed","1.0000","7","243.2","378.5","270.5","432.9"
"blob:http://localhost:8080/361399df-b12e-475b-8c21-6363910f5350","35","4.982","16","23","true","Oyster-Closed","0.5399","Oyster-Closed","1.0000","7","275.0","351.4","344.2","422.0"
"blob:http://localhost:8080/361399df-b12e-475b-8c21-6363910f5350","35","4.982","16","19","true","Oyster-Closed","0.5044","Oyster-Closed","1.0000","7","262.5","106.9","305.5","215.2"
"blob:http://localhost:8080/361399df-b12e-475b-8c21-6363910f5350","35","4.982","16","13","true","Oyster-Closed","0.4939","Oyster-Closed","1.0000","7","282.3","427.2","329.6","490.6"
"blob:http://localhost:8080/361399df-b12e-475b-8c21-6363910f5350","35","4.982","16","12","true","Oyster-Closed","0.4603","Oyster-Closed","1.0000","7","265.5","13.2","385.8","122.6"
"blob:http://localhost:8080/361399df-b12e-475b-8c21-6363910f5350","35","4.982","16","17","true","Oyster-Closed","0.4507","Oyster-Closed","1.0000","7","317.5","166.2","347.0","236.5"
"blob:http://localhost:8080/361399df-b12e-475b-8c21-6363910f5350","35","4.982","16","24","true","Oyster-Closed","0.4307","Oyster-Closed","1.0000","7","207.8","293.5","240.9","334.1"
"blob:http://localhost:8080/361399df-b12e-475b-8c21-6363910f5350","36","5.119","16","2","true","Oyster-Closed","0.7709","Oyster-Closed","1.0000","7","153.5","98.9","274.5","261.9"
"blob:http://localhost:8080/361399df-b12e-475b-8c21-6363910f5350","36","5.119","16","1","true","Oyster-Closed","0.7596","Oyster-Closed","1.0000","7","214.8","442.7","325.4","590.0"
"blob:http://localhost:8080/361399df-b12e-475b-8c21-6363910f5350","36","5.119","16","3","true","Oyster-Closed","0.7576","Oyster-Closed","1.0000","7","104.4","0.6","229.5","65.0"
"blob:http://localhost:8080/361399df-b12e-475b-8c21-6363910f5350","36","5.119","16","4","true","Oyster-Closed","0.7232","Oyster-Closed","1.0000","7","240.3","-0.1","374.3","50.0"
"blob:http://localhost:8080/361399df-b12e-475b-8c21-6363910f5350","36","5.119","16","8","true","Oyster-Closed","0.7216","Oyster-Closed","1.0000","7","296.8","471.1","353.8","522.6"
"blob:http://localhost:8080/361399df-b12e-475b-8c21-6363910f5350","36","5.119","16","18","true","Oyster-Closed","0.6849","Oyster-Closed","1.0000","7","141.0","377.5","245.6","495.0"
"blob:http://localhost:8080/361399df-b12e-475b-8c21-6363910f5350","36","5.119","16","9","true","Oyster-Closed","0.6297","Oyster-Closed","1.0000","7","215.7","332.8","255.7","380.4"
"blob:http://localhost:8080/361399df-b12e-475b-8c21-6363910f5350","36","5.119","16","7","true","Oyster-Open","0.6277","Oyster-Open","1.0000","7","199.5","232.6","241.6","282.7"
"blob:http://localhost:8080/361399df-b12e-475b-8c21-6363910f5350","36","5.119","16","10","true","Oyster-Closed","0.6174","Oyster-Closed","1.0000","7","248.9","289.8","304.6","348.2"
"blob:http://localhost:8080/361399df-b12e-475b-8c21-6363910f5350","36","5.119","16","11","true","Oyster-Closed","0.5657","Oyster-Closed","1.0000","7","243.1","378.2","270.7","432.3"
"blob:http://localhost:8080/361399df-b12e-475b-8c21-6363910f5350","36","5.119","16","23","true","Oyster-Closed","0.5438","Oyster-Closed","1.0000","7","275.0","351.3","344.2","421.9"
"blob:http://localhost:8080/361399df-b12e-475b-8c21-6363910f5350","36","5.119","16","13","true","Oyster-Closed","0.5184","Oyster-Closed","1.0000","7","282.2","427.1","329.7","490.7"
"blob:http://localhost:8080/361399df-b12e-475b-8c21-6363910f5350","36","5.119","16","19","true","Oyster-Closed","0.4995","Oyster-Closed","1.0000","7","262.5","106.9","305.0","215.0"
"blob:http://localhost:8080/361399df-b12e-475b-8c21-6363910f5350","36","5.119","16","12","true","Oyster-Closed","0.4773","Oyster-Closed","1.0000","7","265.4","13.5","385.7","122.5"
"blob:http://localhost:8080/361399df-b12e-475b-8c21-6363910f5350","36","5.119","16","17","true","Oyster-Closed","0.4317","Oyster-Closed","1.0000","7","317.5","166.2","347.0","236.6"
"blob:http://localhost:8080/361399df-b12e-475b-8c21-6363910f5350","36","5.119","16","24","true","Oyster-Closed","0.4243","Oyster-Closed","1.0000","7","207.8","293.7","241.0","334.3"